475959564: system.l3cache.prefetcher: === XPTGuard === page=0x96000 asid=0 core=6 c=80/n=256 P=0.312 r=0.144 trig=YES vGLO=1
475959564: system.l3cache.prefetcher: XPTGuard: page=0x96000 c=80 n=256 P=0.312 r=0.144 trig=1
475959564: system.l3cache.prefetcher:   [INSERT] page=0x96000 -> table size: 80/256
476250273: system.l3cache.prefetcher: XPT_UPDATE: page=0x96000 idx=79 enabled=0 missCnt=0 lastAccess=475959564->476250273
476385471: system.l3cache.prefetcher: XPT_UPDATE: page=0x96000 idx=79 enabled=0 missCnt=1 lastAccess=476250273->476385471
476520669: system.l3cache.prefetcher: XPT_UPDATE: page=0x96000 idx=79 enabled=0 missCnt=2 lastAccess=476385471->476520669
476655867: system.l3cache.prefetcher: XPT_UPDATE: page=0x96000 idx=79 enabled=0 missCnt=3 lastAccess=476520669->476655867
476791065: system.l3cache.prefetcher: XPT_UPDATE: page=0x96000 idx=79 enabled=0 missCnt=4 lastAccess=476655867->476791065
476926263: system.l3cache.prefetcher: XPT_UPDATE: page=0x96000 idx=79 enabled=0 missCnt=5 lastAccess=476791065->476926263
477061461: system.l3cache.prefetcher: XPT_UPDATE: page=0x96000 idx=79 enabled=0 missCnt=6 lastAccess=476926263->477061461
477196659: system.l3cache.prefetcher: XPT_UPDATE: page=0x96000 idx=79 enabled=0 missCnt=7 lastAccess=477061461->477196659
477331857: system.l3cache.prefetcher: XPT_UPDATE: page=0x96000 idx=79 enabled=0 missCnt=8 lastAccess=477196659->477331857
477467055: system.l3cache.prefetcher: XPT_UPDATE: page=0x96000 idx=79 enabled=0 missCnt=9 lastAccess=477331857->477467055
477602253: system.l3cache.prefetcher: XPT_UPDATE: page=0x96000 idx=79 enabled=0 missCnt=10 lastAccess=477467055->477602253
477737451: system.l3cache.prefetcher: XPT_UPDATE: page=0x96000 idx=79 enabled=0 missCnt=11 lastAccess=477602253->477737451
477872649: system.l3cache.prefetcher: XPT_UPDATE: page=0x96000 idx=79 enabled=0 missCnt=12 lastAccess=477737451->477872649
478007847: system.l3cache.prefetcher: XPT_UPDATE: page=0x96000 idx=79 enabled=0 missCnt=13 lastAccess=477872649->478007847
478143045: system.l3cache.prefetcher: XPT_UPDATE: page=0x96000 idx=79 enabled=0 missCnt=14 lastAccess=478007847->478143045
478278243: system.l3cache.prefetcher: XPT_UPDATE: page=0x96000 idx=79 enabled=0 missCnt=15 lastAccess=478143045->478278243
478438416: system.l3cache.prefetcher: XPT_UPDATE: page=0x96000 idx=79 enabled=0 missCnt=16 lastAccess=478278243->478438416
478573614: system.l3cache.prefetcher: XPT_UPDATE: page=0x96000 idx=79 enabled=0 missCnt=17 lastAccess=478438416->478573614
478708812: system.l3cache.prefetcher: XPT_UPDATE: page=0x96000 idx=79 enabled=0 missCnt=18 lastAccess=478573614->478708812
478844010: system.l3cache.prefetcher: XPT_UPDATE: page=0x96000 idx=79 enabled=0 missCnt=19 lastAccess=478708812->478844010
478979208: system.l3cache.prefetcher: XPT_UPDATE: page=0x96000 idx=79 enabled=0 missCnt=20 lastAccess=478844010->478979208
479114406: system.l3cache.prefetcher: XPT_UPDATE: page=0x96000 idx=79 enabled=0 missCnt=21 lastAccess=478979208->479114406
479249604: system.l3cache.prefetcher: XPT_UPDATE: page=0x96000 idx=79 enabled=0 missCnt=22 lastAccess=479114406->479249604
479384802: system.l3cache.prefetcher: XPT_UPDATE: page=0x96000 idx=79 enabled=0 missCnt=23 lastAccess=479249604->479384802
479520000: system.l3cache.prefetcher: XPT_UPDATE: page=0x96000 idx=79 enabled=0 missCnt=24 lastAccess=479384802->479520000
479655198: system.l3cache.prefetcher: XPT_UPDATE: page=0x96000 idx=79 enabled=0 missCnt=25 lastAccess=479520000->479655198
479790396: system.l3cache.prefetcher: XPT_UPDATE: page=0x96000 idx=79 enabled=0 missCnt=26 lastAccess=479655198->479790396
479925594: system.l3cache.prefetcher: XPT_UPDATE: page=0x96000 idx=79 enabled=0 missCnt=27 lastAccess=479790396->479925594
480060792: system.l3cache.prefetcher: XPT_UPDATE: page=0x96000 idx=79 enabled=0 missCnt=28 lastAccess=479925594->480060792
480195990: system.l3cache.prefetcher: XPT_UPDATE: page=0x96000 idx=79 enabled=0 missCnt=29 lastAccess=480060792->480195990
480331188: system.l3cache.prefetcher: XPT_UPDATE: page=0x96000 idx=79 enabled=0 missCnt=30 lastAccess=480195990->480331188
480466386: system.l3cache.prefetcher: XPT_UPDATE: page=0x96000 idx=79 enabled=0 missCnt=31 lastAccess=480331188->480466386
480626559: system.l3cache.prefetcher: XPT_UPDATE: page=0x96000 idx=79 enabled=1 missCnt=32 lastAccess=480466386->480626559
480735117: system.l3cache.prefetcher: XPT_UPDATE: page=0x96000 idx=79 enabled=1 missCnt=32 lastAccess=480626559->480735117
480843675: system.l3cache.prefetcher: XPT_UPDATE: page=0x96000 idx=79 enabled=1 missCnt=32 lastAccess=480735117->480843675
480952233: system.l3cache.prefetcher: XPT_UPDATE: page=0x96000 idx=79 enabled=1 missCnt=32 lastAccess=480843675->480952233
481060791: system.l3cache.prefetcher: XPT_UPDATE: page=0x96000 idx=79 enabled=1 missCnt=32 lastAccess=480952233->481060791
481169349: system.l3cache.prefetcher: XPT_UPDATE: page=0x96000 idx=79 enabled=1 missCnt=32 lastAccess=481060791->481169349
481277907: system.l3cache.prefetcher: XPT_UPDATE: page=0x96000 idx=79 enabled=1 missCnt=32 lastAccess=481169349->481277907
481386465: system.l3cache.prefetcher: XPT_UPDATE: page=0x96000 idx=79 enabled=1 missCnt=32 lastAccess=481277907->481386465
481495023: system.l3cache.prefetcher: XPT_UPDATE: page=0x96000 idx=79 enabled=1 missCnt=32 lastAccess=481386465->481495023
481603581: system.l3cache.prefetcher: XPT_UPDATE: page=0x96000 idx=79 enabled=1 missCnt=32 lastAccess=481495023->481603581
481712139: system.l3cache.prefetcher: XPT_UPDATE: page=0x96000 idx=79 enabled=1 missCnt=32 lastAccess=481603581->481712139
481820697: system.l3cache.prefetcher: XPT_UPDATE: page=0x96000 idx=79 enabled=1 missCnt=32 lastAccess=481712139->481820697
481929255: system.l3cache.prefetcher: XPT_UPDATE: page=0x96000 idx=79 enabled=1 missCnt=32 lastAccess=481820697->481929255
482037813: system.l3cache.prefetcher: XPT_UPDATE: page=0x96000 idx=79 enabled=1 missCnt=32 lastAccess=481929255->482037813
482531319: system.l3cache.prefetcher: XPT_UPDATE: page=0x96000 idx=79 enabled=1 missCnt=32 lastAccess=482037813->482531319
482639877: system.l3cache.prefetcher: XPT_UPDATE: page=0x96000 idx=79 enabled=1 missCnt=32 lastAccess=482531319->482639877
482748435: system.l3cache.prefetcher: XPT_UPDATE: page=0x96000 idx=79 enabled=1 missCnt=32 lastAccess=482639877->482748435
482856993: system.l3cache.prefetcher: XPT_UPDATE: page=0x96000 idx=79 enabled=1 missCnt=32 lastAccess=482748435->482856993
482965551: system.l3cache.prefetcher: XPT_UPDATE: page=0x96000 idx=79 enabled=1 missCnt=32 lastAccess=482856993->482965551
483074109: system.l3cache.prefetcher: XPT_UPDATE: page=0x96000 idx=79 enabled=1 missCnt=32 lastAccess=482965551->483074109
483182667: system.l3cache.prefetcher: XPT_UPDATE: page=0x96000 idx=79 enabled=1 missCnt=32 lastAccess=483074109->483182667
483291225: system.l3cache.prefetcher: XPT_UPDATE: page=0x96000 idx=79 enabled=1 missCnt=32 lastAccess=483182667->483291225
483399783: system.l3cache.prefetcher: XPT_UPDATE: page=0x96000 idx=79 enabled=1 missCnt=32 lastAccess=483291225->483399783
483508341: system.l3cache.prefetcher: XPT_UPDATE: page=0x96000 idx=79 enabled=1 missCnt=32 lastAccess=483399783->483508341
483616899: system.l3cache.prefetcher: XPT_UPDATE: page=0x96000 idx=79 enabled=1 missCnt=32 lastAccess=483508341->483616899
483725457: system.l3cache.prefetcher: XPT_UPDATE: page=0x96000 idx=79 enabled=1 missCnt=32 lastAccess=483616899->483725457
483834015: system.l3cache.prefetcher: XPT_UPDATE: page=0x96000 idx=79 enabled=1 missCnt=32 lastAccess=483725457->483834015
483942573: system.l3cache.prefetcher: XPT_UPDATE: page=0x96000 idx=79 enabled=1 missCnt=32 lastAccess=483834015->483942573
484051131: system.l3cache.prefetcher: XPT_UPDATE: page=0x96000 idx=79 enabled=1 missCnt=32 lastAccess=483942573->484051131
484159689: system.l3cache.prefetcher: XPT_UPDATE: page=0x96000 idx=79 enabled=1 missCnt=32 lastAccess=484051131->484159689
484293222: system.l3cache.prefetcher: XPT_UPDATE: page=0x96000 idx=79 enabled=1 missCnt=32 lastAccess=484159689->484293222
4592228841: system.l3cache.prefetcher:   [EVICT] idx=11 page=0x96000 enabled=1 missCnt=32 lastAccess=484293222
35604130230: system.l3cache.prefetcher: === XPTGuard === page=0x96000 asid=0 core=6 c=256/n=256 P=1.000 r=0.455 trig=YES vGLO=1
35604130230: system.l3cache.prefetcher: XPTGuard: page=0x96000 c=256 n=256 P=1.000 r=0.455 trig=1
35604130230: system.l3cache.prefetcher:   [INSERT] page=0x96000 -> table size: 256/256
35604331695: system.l3cache.prefetcher: XPT_UPDATE: page=0x96000 idx=255 enabled=0 missCnt=0 lastAccess=35604130230->35604331695
35604508185: system.l3cache.prefetcher: XPT_UPDATE: page=0x96000 idx=255 enabled=0 missCnt=1 lastAccess=35604331695->35604508185
35604684675: system.l3cache.prefetcher: XPT_UPDATE: page=0x96000 idx=255 enabled=0 missCnt=2 lastAccess=35604508185->35604684675
35604861165: system.l3cache.prefetcher: XPT_UPDATE: page=0x96000 idx=255 enabled=0 missCnt=3 lastAccess=35604684675->35604861165
35605037655: system.l3cache.prefetcher: XPT_UPDATE: page=0x96000 idx=255 enabled=0 missCnt=4 lastAccess=35604861165->35605037655
35605214145: system.l3cache.prefetcher: XPT_UPDATE: page=0x96000 idx=255 enabled=0 missCnt=5 lastAccess=35605037655->35605214145
35605390635: system.l3cache.prefetcher: XPT_UPDATE: page=0x96000 idx=255 enabled=0 missCnt=6 lastAccess=35605214145->35605390635
35605567125: system.l3cache.prefetcher: XPT_UPDATE: page=0x96000 idx=255 enabled=0 missCnt=7 lastAccess=35605390635->35605567125
35605743615: system.l3cache.prefetcher: XPT_UPDATE: page=0x96000 idx=255 enabled=0 missCnt=8 lastAccess=35605567125->35605743615
35605920105: system.l3cache.prefetcher: XPT_UPDATE: page=0x96000 idx=255 enabled=0 missCnt=9 lastAccess=35605743615->35605920105
35606096595: system.l3cache.prefetcher: XPT_UPDATE: page=0x96000 idx=255 enabled=0 missCnt=10 lastAccess=35605920105->35606096595
35606273085: system.l3cache.prefetcher: XPT_UPDATE: page=0x96000 idx=255 enabled=0 missCnt=11 lastAccess=35606096595->35606273085
35606449575: system.l3cache.prefetcher: XPT_UPDATE: page=0x96000 idx=255 enabled=0 missCnt=12 lastAccess=35606273085->35606449575
35606626065: system.l3cache.prefetcher: XPT_UPDATE: page=0x96000 idx=255 enabled=0 missCnt=13 lastAccess=35606449575->35606626065
35606802555: system.l3cache.prefetcher: XPT_UPDATE: page=0x96000 idx=255 enabled=0 missCnt=14 lastAccess=35606626065->35606802555
35606979045: system.l3cache.prefetcher: XPT_UPDATE: page=0x96000 idx=255 enabled=0 missCnt=15 lastAccess=35606802555->35606979045
35607180510: system.l3cache.prefetcher: XPT_UPDATE: page=0x96000 idx=255 enabled=0 missCnt=16 lastAccess=35606979045->35607180510
35607357000: system.l3cache.prefetcher: XPT_UPDATE: page=0x96000 idx=255 enabled=0 missCnt=17 lastAccess=35607180510->35607357000
35607533490: system.l3cache.prefetcher: XPT_UPDATE: page=0x96000 idx=255 enabled=0 missCnt=18 lastAccess=35607357000->35607533490
35607709980: system.l3cache.prefetcher: XPT_UPDATE: page=0x96000 idx=255 enabled=0 missCnt=19 lastAccess=35607533490->35607709980
35607886470: system.l3cache.prefetcher: XPT_UPDATE: page=0x96000 idx=255 enabled=0 missCnt=20 lastAccess=35607709980->35607886470
35608062960: system.l3cache.prefetcher: XPT_UPDATE: page=0x96000 idx=255 enabled=0 missCnt=21 lastAccess=35607886470->35608062960
35608239450: system.l3cache.prefetcher: XPT_UPDATE: page=0x96000 idx=255 enabled=0 missCnt=22 lastAccess=35608062960->35608239450
35608415940: system.l3cache.prefetcher: XPT_UPDATE: page=0x96000 idx=255 enabled=0 missCnt=23 lastAccess=35608239450->35608415940
35608592430: system.l3cache.prefetcher: XPT_UPDATE: page=0x96000 idx=255 enabled=0 missCnt=24 lastAccess=35608415940->35608592430
35608768920: system.l3cache.prefetcher: XPT_UPDATE: page=0x96000 idx=255 enabled=0 missCnt=25 lastAccess=35608592430->35608768920
35608945410: system.l3cache.prefetcher: XPT_UPDATE: page=0x96000 idx=255 enabled=0 missCnt=26 lastAccess=35608768920->35608945410
35609121900: system.l3cache.prefetcher: XPT_UPDATE: page=0x96000 idx=255 enabled=0 missCnt=27 lastAccess=35608945410->35609121900
35609298390: system.l3cache.prefetcher: XPT_UPDATE: page=0x96000 idx=255 enabled=0 missCnt=28 lastAccess=35609121900->35609298390
35609474880: system.l3cache.prefetcher: XPT_UPDATE: page=0x96000 idx=255 enabled=0 missCnt=29 lastAccess=35609298390->35609474880
35610022665: system.l3cache.prefetcher: XPT_UPDATE: page=0x96000 idx=255 enabled=0 missCnt=30 lastAccess=35609474880->35610022665
35610199155: system.l3cache.prefetcher: XPT_UPDATE: page=0x96000 idx=255 enabled=0 missCnt=31 lastAccess=35610022665->35610199155
35610375645: system.l3cache.prefetcher: XPT_UPDATE: page=0x96000 idx=255 enabled=1 missCnt=32 lastAccess=35610199155->35610375645
35610525495: system.l3cache.prefetcher: XPT_UPDATE: page=0x96000 idx=255 enabled=1 missCnt=32 lastAccess=35610375645->35610525495
35610675345: system.l3cache.prefetcher: XPT_UPDATE: page=0x96000 idx=255 enabled=1 missCnt=32 lastAccess=35610525495->35610675345
35610825195: system.l3cache.prefetcher: XPT_UPDATE: page=0x96000 idx=255 enabled=1 missCnt=32 lastAccess=35610675345->35610825195
35712055530: system.l3cache.prefetcher:   [EVICT] idx=240 page=0x96000 enabled=1 missCnt=32 lastAccess=35610825195
37325058246: system.l3cache.prefetcher: === XPTGuard === page=0x96000 asid=0 core=6 c=256/n=256 P=1.000 r=0.182 trig=YES vGLO=1
37325058246: system.l3cache.prefetcher: XPTGuard: page=0x96000 c=256 n=256 P=1.000 r=0.182 trig=1
37325058246: system.l3cache.prefetcher:   [INSERT] page=0x96000 -> table size: 256/256
37332660636: system.l3cache.prefetcher:   [EVICT] idx=239 page=0x96000 enabled=0 missCnt=0 lastAccess=37325058246
37534162266: system.l3cache.prefetcher: === XPTGuard === page=0x96000 asid=0 core=6 c=256/n=256 P=1.000 r=0.489 trig=YES vGLO=1
37534162266: system.l3cache.prefetcher: XPTGuard: page=0x96000 c=256 n=256 P=1.000 r=0.489 trig=1
37534162266: system.l3cache.prefetcher:   [INSERT] page=0x96000 -> table size: 256/256
37534388706: system.l3cache.prefetcher: XPT_UPDATE: page=0x96000 idx=255 enabled=0 missCnt=0 lastAccess=37534162266->37534388706
37534565196: system.l3cache.prefetcher: XPT_UPDATE: page=0x96000 idx=255 enabled=0 missCnt=1 lastAccess=37534388706->37534565196
37534741686: system.l3cache.prefetcher: XPT_UPDATE: page=0x96000 idx=255 enabled=0 missCnt=2 lastAccess=37534565196->37534741686
37534918176: system.l3cache.prefetcher: XPT_UPDATE: page=0x96000 idx=255 enabled=0 missCnt=3 lastAccess=37534741686->37534918176
37535094666: system.l3cache.prefetcher: XPT_UPDATE: page=0x96000 idx=255 enabled=0 missCnt=4 lastAccess=37534918176->37535094666
37535271156: system.l3cache.prefetcher: XPT_UPDATE: page=0x96000 idx=255 enabled=0 missCnt=5 lastAccess=37535094666->37535271156
37535447646: system.l3cache.prefetcher: XPT_UPDATE: page=0x96000 idx=255 enabled=0 missCnt=6 lastAccess=37535271156->37535447646
37535624136: system.l3cache.prefetcher: XPT_UPDATE: page=0x96000 idx=255 enabled=0 missCnt=7 lastAccess=37535447646->37535624136
37535800626: system.l3cache.prefetcher: XPT_UPDATE: page=0x96000 idx=255 enabled=0 missCnt=8 lastAccess=37535624136->37535800626
37535977116: system.l3cache.prefetcher: XPT_UPDATE: page=0x96000 idx=255 enabled=0 missCnt=9 lastAccess=37535800626->37535977116
37536153606: system.l3cache.prefetcher: XPT_UPDATE: page=0x96000 idx=255 enabled=0 missCnt=10 lastAccess=37535977116->37536153606
37536330096: system.l3cache.prefetcher: XPT_UPDATE: page=0x96000 idx=255 enabled=0 missCnt=11 lastAccess=37536153606->37536330096
37536506586: system.l3cache.prefetcher: XPT_UPDATE: page=0x96000 idx=255 enabled=0 missCnt=12 lastAccess=37536330096->37536506586
37536683076: system.l3cache.prefetcher: XPT_UPDATE: page=0x96000 idx=255 enabled=0 missCnt=13 lastAccess=37536506586->37536683076
37536859566: system.l3cache.prefetcher: XPT_UPDATE: page=0x96000 idx=255 enabled=0 missCnt=14 lastAccess=37536683076->37536859566
37537036056: system.l3cache.prefetcher: XPT_UPDATE: page=0x96000 idx=255 enabled=0 missCnt=15 lastAccess=37536859566->37537036056
37537237521: system.l3cache.prefetcher: XPT_UPDATE: page=0x96000 idx=255 enabled=0 missCnt=16 lastAccess=37537036056->37537237521
37537414011: system.l3cache.prefetcher: XPT_UPDATE: page=0x96000 idx=255 enabled=0 missCnt=17 lastAccess=37537237521->37537414011
37537590501: system.l3cache.prefetcher: XPT_UPDATE: page=0x96000 idx=255 enabled=0 missCnt=18 lastAccess=37537414011->37537590501
37537766991: system.l3cache.prefetcher: XPT_UPDATE: page=0x96000 idx=255 enabled=0 missCnt=19 lastAccess=37537590501->37537766991
37538222868: system.l3cache.prefetcher: XPT_UPDATE: page=0x96000 idx=255 enabled=0 missCnt=20 lastAccess=37537766991->37538222868
37538399358: system.l3cache.prefetcher: XPT_UPDATE: page=0x96000 idx=255 enabled=0 missCnt=21 lastAccess=37538222868->37538399358
37538575848: system.l3cache.prefetcher: XPT_UPDATE: page=0x96000 idx=255 enabled=0 missCnt=22 lastAccess=37538399358->37538575848
37538752338: system.l3cache.prefetcher: XPT_UPDATE: page=0x96000 idx=255 enabled=0 missCnt=23 lastAccess=37538575848->37538752338
37538928828: system.l3cache.prefetcher: XPT_UPDATE: page=0x96000 idx=255 enabled=0 missCnt=24 lastAccess=37538752338->37538928828
37539105318: system.l3cache.prefetcher: XPT_UPDATE: page=0x96000 idx=255 enabled=0 missCnt=25 lastAccess=37538928828->37539105318
37539281808: system.l3cache.prefetcher: XPT_UPDATE: page=0x96000 idx=255 enabled=0 missCnt=26 lastAccess=37539105318->37539281808
37539458298: system.l3cache.prefetcher: XPT_UPDATE: page=0x96000 idx=255 enabled=0 missCnt=27 lastAccess=37539281808->37539458298
37539634788: system.l3cache.prefetcher: XPT_UPDATE: page=0x96000 idx=255 enabled=0 missCnt=28 lastAccess=37539458298->37539634788
37539811278: system.l3cache.prefetcher: XPT_UPDATE: page=0x96000 idx=255 enabled=0 missCnt=29 lastAccess=37539634788->37539811278
37539987768: system.l3cache.prefetcher: XPT_UPDATE: page=0x96000 idx=255 enabled=0 missCnt=30 lastAccess=37539811278->37539987768
37540164258: system.l3cache.prefetcher: XPT_UPDATE: page=0x96000 idx=255 enabled=0 missCnt=31 lastAccess=37539987768->37540164258
37540340748: system.l3cache.prefetcher: XPT_UPDATE: page=0x96000 idx=255 enabled=1 missCnt=32 lastAccess=37540164258->37540340748
37540490598: system.l3cache.prefetcher: XPT_UPDATE: page=0x96000 idx=255 enabled=1 missCnt=32 lastAccess=37540340748->37540490598
37540640448: system.l3cache.prefetcher: XPT_UPDATE: page=0x96000 idx=255 enabled=1 missCnt=32 lastAccess=37540490598->37540640448
39252253122: system.l3cache.prefetcher: XPT_UPDATE: page=0x96000 idx=96 enabled=1 missCnt=32 lastAccess=37540640448->39252253122
39283094916: system.l3cache.prefetcher:   [EVICT] idx=52 page=0x96000 enabled=1 missCnt=32 lastAccess=39252253122
39458060775: system.l3cache.prefetcher: === XPTGuard === page=0x96000 asid=0 core=6 c=256/n=256 P=1.000 r=0.723 trig=YES vGLO=1
39458060775: system.l3cache.prefetcher: XPTGuard: page=0x96000 c=256 n=256 P=1.000 r=0.723 trig=1
39458060775: system.l3cache.prefetcher:   [INSERT] page=0x96000 -> table size: 256/256
39458287215: system.l3cache.prefetcher: XPT_UPDATE: page=0x96000 idx=255 enabled=0 missCnt=0 lastAccess=39458060775->39458287215
39458694807: system.l3cache.prefetcher: XPT_UPDATE: page=0x96000 idx=255 enabled=0 missCnt=1 lastAccess=39458287215->39458694807
39458871297: system.l3cache.prefetcher: XPT_UPDATE: page=0x96000 idx=255 enabled=0 missCnt=2 lastAccess=39458694807->39458871297
39459047787: system.l3cache.prefetcher: XPT_UPDATE: page=0x96000 idx=255 enabled=0 missCnt=3 lastAccess=39458871297->39459047787
39459224277: system.l3cache.prefetcher: XPT_UPDATE: page=0x96000 idx=255 enabled=0 missCnt=4 lastAccess=39459047787->39459224277
39459400767: system.l3cache.prefetcher: XPT_UPDATE: page=0x96000 idx=255 enabled=0 missCnt=5 lastAccess=39459224277->39459400767
39459577257: system.l3cache.prefetcher: XPT_UPDATE: page=0x96000 idx=255 enabled=0 missCnt=6 lastAccess=39459400767->39459577257
39459753747: system.l3cache.prefetcher: XPT_UPDATE: page=0x96000 idx=255 enabled=0 missCnt=7 lastAccess=39459577257->39459753747
39459930237: system.l3cache.prefetcher: XPT_UPDATE: page=0x96000 idx=255 enabled=0 missCnt=8 lastAccess=39459753747->39459930237
39460106727: system.l3cache.prefetcher: XPT_UPDATE: page=0x96000 idx=255 enabled=0 missCnt=9 lastAccess=39459930237->39460106727
39460283217: system.l3cache.prefetcher: XPT_UPDATE: page=0x96000 idx=255 enabled=0 missCnt=10 lastAccess=39460106727->39460283217
39460459707: system.l3cache.prefetcher: XPT_UPDATE: page=0x96000 idx=255 enabled=0 missCnt=11 lastAccess=39460283217->39460459707
39460636197: system.l3cache.prefetcher: XPT_UPDATE: page=0x96000 idx=255 enabled=0 missCnt=12 lastAccess=39460459707->39460636197
39460812687: system.l3cache.prefetcher: XPT_UPDATE: page=0x96000 idx=255 enabled=0 missCnt=13 lastAccess=39460636197->39460812687
39460989177: system.l3cache.prefetcher: XPT_UPDATE: page=0x96000 idx=255 enabled=0 missCnt=14 lastAccess=39460812687->39460989177
39461165667: system.l3cache.prefetcher: XPT_UPDATE: page=0x96000 idx=255 enabled=0 missCnt=15 lastAccess=39460989177->39461165667
39461342157: system.l3cache.prefetcher: XPT_UPDATE: page=0x96000 idx=255 enabled=0 missCnt=16 lastAccess=39461165667->39461342157
39461543622: system.l3cache.prefetcher: XPT_UPDATE: page=0x96000 idx=255 enabled=0 missCnt=17 lastAccess=39461342157->39461543622
39461720112: system.l3cache.prefetcher: XPT_UPDATE: page=0x96000 idx=255 enabled=0 missCnt=18 lastAccess=39461543622->39461720112
39461896602: system.l3cache.prefetcher: XPT_UPDATE: page=0x96000 idx=255 enabled=0 missCnt=19 lastAccess=39461720112->39461896602
39462073092: system.l3cache.prefetcher: XPT_UPDATE: page=0x96000 idx=255 enabled=0 missCnt=20 lastAccess=39461896602->39462073092
39462249582: system.l3cache.prefetcher: XPT_UPDATE: page=0x96000 idx=255 enabled=0 missCnt=21 lastAccess=39462073092->39462249582
39462426072: system.l3cache.prefetcher: XPT_UPDATE: page=0x96000 idx=255 enabled=0 missCnt=22 lastAccess=39462249582->39462426072
39462602562: system.l3cache.prefetcher: XPT_UPDATE: page=0x96000 idx=255 enabled=0 missCnt=23 lastAccess=39462426072->39462602562
39462779052: system.l3cache.prefetcher: XPT_UPDATE: page=0x96000 idx=255 enabled=0 missCnt=24 lastAccess=39462602562->39462779052
39462955542: system.l3cache.prefetcher: XPT_UPDATE: page=0x96000 idx=255 enabled=0 missCnt=25 lastAccess=39462779052->39462955542
39463132032: system.l3cache.prefetcher: XPT_UPDATE: page=0x96000 idx=255 enabled=0 missCnt=26 lastAccess=39462955542->39463132032
39463308522: system.l3cache.prefetcher: XPT_UPDATE: page=0x96000 idx=255 enabled=0 missCnt=27 lastAccess=39463132032->39463308522
39463485012: system.l3cache.prefetcher: XPT_UPDATE: page=0x96000 idx=255 enabled=0 missCnt=28 lastAccess=39463308522->39463485012
39463661502: system.l3cache.prefetcher: XPT_UPDATE: page=0x96000 idx=255 enabled=0 missCnt=29 lastAccess=39463485012->39463661502
39463837992: system.l3cache.prefetcher: XPT_UPDATE: page=0x96000 idx=255 enabled=0 missCnt=30 lastAccess=39463661502->39463837992
39464014482: system.l3cache.prefetcher: XPT_UPDATE: page=0x96000 idx=255 enabled=0 missCnt=31 lastAccess=39463837992->39464014482
39464190972: system.l3cache.prefetcher: XPT_UPDATE: page=0x96000 idx=255 enabled=1 missCnt=32 lastAccess=39464014482->39464190972
39464365797: system.l3cache.prefetcher: XPT_UPDATE: page=0x96000 idx=255 enabled=1 missCnt=32 lastAccess=39464190972->39464365797
39464515647: system.l3cache.prefetcher: XPT_UPDATE: page=0x96000 idx=255 enabled=1 missCnt=32 lastAccess=39464365797->39464515647
41080183695: system.l3cache.prefetcher:   [EVICT] idx=105 page=0x96000 enabled=1 missCnt=32 lastAccess=39464515647
41175526923: system.l3cache.prefetcher: === XPTGuard === page=0x96000 asid=0 core=6 c=256/n=256 P=1.000 r=0.890 trig=YES vGLO=1
41175526923: system.l3cache.prefetcher: XPTGuard: page=0x96000 c=256 n=256 P=1.000 r=0.890 trig=1
41175526923: system.l3cache.prefetcher:   [INSERT] page=0x96000 -> table size: 256/256
41178742371: system.l3cache.prefetcher:   [EVICT] idx=247 page=0x96000 enabled=0 missCnt=0 lastAccess=41175526923
41381629614: system.l3cache.prefetcher: === XPTGuard === page=0x96000 asid=0 core=6 c=256/n=256 P=1.000 r=0.876 trig=YES vGLO=1
41381629614: system.l3cache.prefetcher: XPTGuard: page=0x96000 c=256 n=256 P=1.000 r=0.876 trig=1
41381629614: system.l3cache.prefetcher:   [INSERT] page=0x96000 -> table size: 256/256
41381831079: system.l3cache.prefetcher: XPT_UPDATE: page=0x96000 idx=255 enabled=0 missCnt=0 lastAccess=41381629614->41381831079
41382007569: system.l3cache.prefetcher: XPT_UPDATE: page=0x96000 idx=255 enabled=0 missCnt=1 lastAccess=41381831079->41382007569
41382184059: system.l3cache.prefetcher: XPT_UPDATE: page=0x96000 idx=255 enabled=0 missCnt=2 lastAccess=41382007569->41382184059
41382360549: system.l3cache.prefetcher: XPT_UPDATE: page=0x96000 idx=255 enabled=0 missCnt=3 lastAccess=41382184059->41382360549
41382537039: system.l3cache.prefetcher: XPT_UPDATE: page=0x96000 idx=255 enabled=0 missCnt=4 lastAccess=41382360549->41382537039
41382713529: system.l3cache.prefetcher: XPT_UPDATE: page=0x96000 idx=255 enabled=0 missCnt=5 lastAccess=41382537039->41382713529
41382890019: system.l3cache.prefetcher: XPT_UPDATE: page=0x96000 idx=255 enabled=0 missCnt=6 lastAccess=41382713529->41382890019
41383066509: system.l3cache.prefetcher: XPT_UPDATE: page=0x96000 idx=255 enabled=0 missCnt=7 lastAccess=41382890019->41383066509
41383242999: system.l3cache.prefetcher: XPT_UPDATE: page=0x96000 idx=255 enabled=0 missCnt=8 lastAccess=41383066509->41383242999
41383419489: system.l3cache.prefetcher: XPT_UPDATE: page=0x96000 idx=255 enabled=0 missCnt=9 lastAccess=41383242999->41383419489
41383595979: system.l3cache.prefetcher: XPT_UPDATE: page=0x96000 idx=255 enabled=0 missCnt=10 lastAccess=41383419489->41383595979
41383772469: system.l3cache.prefetcher: XPT_UPDATE: page=0x96000 idx=255 enabled=0 missCnt=11 lastAccess=41383595979->41383772469
41383948959: system.l3cache.prefetcher: XPT_UPDATE: page=0x96000 idx=255 enabled=0 missCnt=12 lastAccess=41383772469->41383948959
41384125449: system.l3cache.prefetcher: XPT_UPDATE: page=0x96000 idx=255 enabled=0 missCnt=13 lastAccess=41383948959->41384125449
41384301939: system.l3cache.prefetcher: XPT_UPDATE: page=0x96000 idx=255 enabled=0 missCnt=14 lastAccess=41384125449->41384301939
41384478429: system.l3cache.prefetcher: XPT_UPDATE: page=0x96000 idx=255 enabled=0 missCnt=15 lastAccess=41384301939->41384478429
41384679894: system.l3cache.prefetcher: XPT_UPDATE: page=0x96000 idx=255 enabled=0 missCnt=16 lastAccess=41384478429->41384679894
41384856384: system.l3cache.prefetcher: XPT_UPDATE: page=0x96000 idx=255 enabled=0 missCnt=17 lastAccess=41384679894->41384856384
41385032874: system.l3cache.prefetcher: XPT_UPDATE: page=0x96000 idx=255 enabled=0 missCnt=18 lastAccess=41384856384->41385032874
41385209364: system.l3cache.prefetcher: XPT_UPDATE: page=0x96000 idx=255 enabled=0 missCnt=19 lastAccess=41385032874->41385209364
41385385854: system.l3cache.prefetcher: XPT_UPDATE: page=0x96000 idx=255 enabled=0 missCnt=20 lastAccess=41385209364->41385385854
41385562344: system.l3cache.prefetcher: XPT_UPDATE: page=0x96000 idx=255 enabled=0 missCnt=21 lastAccess=41385385854->41385562344
41385738834: system.l3cache.prefetcher: XPT_UPDATE: page=0x96000 idx=255 enabled=0 missCnt=22 lastAccess=41385562344->41385738834
41385915324: system.l3cache.prefetcher: XPT_UPDATE: page=0x96000 idx=255 enabled=0 missCnt=23 lastAccess=41385738834->41385915324
41386091814: system.l3cache.prefetcher: XPT_UPDATE: page=0x96000 idx=255 enabled=0 missCnt=24 lastAccess=41385915324->41386091814
41386268304: system.l3cache.prefetcher: XPT_UPDATE: page=0x96000 idx=255 enabled=0 missCnt=25 lastAccess=41386091814->41386268304
41386444794: system.l3cache.prefetcher: XPT_UPDATE: page=0x96000 idx=255 enabled=0 missCnt=26 lastAccess=41386268304->41386444794
41386852053: system.l3cache.prefetcher: XPT_UPDATE: page=0x96000 idx=255 enabled=0 missCnt=27 lastAccess=41386444794->41386852053
41387028543: system.l3cache.prefetcher: XPT_UPDATE: page=0x96000 idx=255 enabled=0 missCnt=28 lastAccess=41386852053->41387028543
41387205033: system.l3cache.prefetcher: XPT_UPDATE: page=0x96000 idx=255 enabled=0 missCnt=29 lastAccess=41387028543->41387205033
41387381523: system.l3cache.prefetcher: XPT_UPDATE: page=0x96000 idx=255 enabled=0 missCnt=30 lastAccess=41387205033->41387381523
41387558013: system.l3cache.prefetcher: XPT_UPDATE: page=0x96000 idx=255 enabled=0 missCnt=31 lastAccess=41387381523->41387558013
41387734503: system.l3cache.prefetcher: XPT_UPDATE: page=0x96000 idx=255 enabled=1 missCnt=32 lastAccess=41387558013->41387734503
41387884353: system.l3cache.prefetcher: XPT_UPDATE: page=0x96000 idx=255 enabled=1 missCnt=32 lastAccess=41387734503->41387884353
41388034203: system.l3cache.prefetcher: XPT_UPDATE: page=0x96000 idx=255 enabled=1 missCnt=32 lastAccess=41387884353->41388034203
41703620634: system.l3cache.prefetcher:   [EVICT] idx=210 page=0x96000 enabled=1 missCnt=32 lastAccess=41388034203
43100348841: system.l3cache.prefetcher: === XPTGuard === page=0x96000 asid=0 core=6 c=256/n=256 P=1.000 r=0.338 trig=YES vGLO=1
43100348841: system.l3cache.prefetcher: XPTGuard: page=0x96000 c=256 n=256 P=1.000 r=0.338 trig=1
43100348841: system.l3cache.prefetcher:   [INSERT] page=0x96000 -> table size: 256/256
43116194646: system.l3cache.prefetcher:   [EVICT] idx=199 page=0x96000 enabled=0 missCnt=0 lastAccess=43100348841
43306119531: system.l3cache.prefetcher: === XPTGuard === page=0x96000 asid=0 core=6 c=256/n=256 P=1.000 r=0.778 trig=YES vGLO=1
43306119531: system.l3cache.prefetcher: XPTGuard: page=0x96000 c=256 n=256 P=1.000 r=0.778 trig=1
43306119531: system.l3cache.prefetcher:   [INSERT] page=0x96000 -> table size: 256/256
43306345971: system.l3cache.prefetcher: XPT_UPDATE: page=0x96000 idx=255 enabled=0 missCnt=0 lastAccess=43306119531->43306345971
43306522461: system.l3cache.prefetcher: XPT_UPDATE: page=0x96000 idx=255 enabled=0 missCnt=1 lastAccess=43306345971->43306522461
43306698951: system.l3cache.prefetcher: XPT_UPDATE: page=0x96000 idx=255 enabled=0 missCnt=2 lastAccess=43306522461->43306698951
43307272710: system.l3cache.prefetcher: XPT_UPDATE: page=0x96000 idx=255 enabled=0 missCnt=3 lastAccess=43306698951->43307272710
43307449200: system.l3cache.prefetcher: XPT_UPDATE: page=0x96000 idx=255 enabled=0 missCnt=4 lastAccess=43307272710->43307449200
43307625690: system.l3cache.prefetcher: XPT_UPDATE: page=0x96000 idx=255 enabled=0 missCnt=5 lastAccess=43307449200->43307625690
43307802180: system.l3cache.prefetcher: XPT_UPDATE: page=0x96000 idx=255 enabled=0 missCnt=6 lastAccess=43307625690->43307802180
43307978670: system.l3cache.prefetcher: XPT_UPDATE: page=0x96000 idx=255 enabled=0 missCnt=7 lastAccess=43307802180->43307978670
43308155160: system.l3cache.prefetcher: XPT_UPDATE: page=0x96000 idx=255 enabled=0 missCnt=8 lastAccess=43307978670->43308155160
43308331650: system.l3cache.prefetcher: XPT_UPDATE: page=0x96000 idx=255 enabled=0 missCnt=9 lastAccess=43308155160->43308331650
43308508140: system.l3cache.prefetcher: XPT_UPDATE: page=0x96000 idx=255 enabled=0 missCnt=10 lastAccess=43308331650->43308508140
43308684630: system.l3cache.prefetcher: XPT_UPDATE: page=0x96000 idx=255 enabled=0 missCnt=11 lastAccess=43308508140->43308684630
43308861120: system.l3cache.prefetcher: XPT_UPDATE: page=0x96000 idx=255 enabled=0 missCnt=12 lastAccess=43308684630->43308861120
43309037610: system.l3cache.prefetcher: XPT_UPDATE: page=0x96000 idx=255 enabled=0 missCnt=13 lastAccess=43308861120->43309037610
43309214100: system.l3cache.prefetcher: XPT_UPDATE: page=0x96000 idx=255 enabled=0 missCnt=14 lastAccess=43309037610->43309214100
43309390590: system.l3cache.prefetcher: XPT_UPDATE: page=0x96000 idx=255 enabled=0 missCnt=15 lastAccess=43309214100->43309390590
43309567080: system.l3cache.prefetcher: XPT_UPDATE: page=0x96000 idx=255 enabled=0 missCnt=16 lastAccess=43309390590->43309567080
43309743570: system.l3cache.prefetcher: XPT_UPDATE: page=0x96000 idx=255 enabled=0 missCnt=17 lastAccess=43309567080->43309743570
43309920060: system.l3cache.prefetcher: XPT_UPDATE: page=0x96000 idx=255 enabled=0 missCnt=18 lastAccess=43309743570->43309920060
43310121525: system.l3cache.prefetcher: XPT_UPDATE: page=0x96000 idx=255 enabled=0 missCnt=19 lastAccess=43309920060->43310121525
43310298015: system.l3cache.prefetcher: XPT_UPDATE: page=0x96000 idx=255 enabled=0 missCnt=20 lastAccess=43310121525->43310298015
43310474505: system.l3cache.prefetcher: XPT_UPDATE: page=0x96000 idx=255 enabled=0 missCnt=21 lastAccess=43310298015->43310474505
43310650995: system.l3cache.prefetcher: XPT_UPDATE: page=0x96000 idx=255 enabled=0 missCnt=22 lastAccess=43310474505->43310650995
43310827485: system.l3cache.prefetcher: XPT_UPDATE: page=0x96000 idx=255 enabled=0 missCnt=23 lastAccess=43310650995->43310827485
43311003975: system.l3cache.prefetcher: XPT_UPDATE: page=0x96000 idx=255 enabled=0 missCnt=24 lastAccess=43310827485->43311003975
43311180465: system.l3cache.prefetcher: XPT_UPDATE: page=0x96000 idx=255 enabled=0 missCnt=25 lastAccess=43311003975->43311180465
43311356955: system.l3cache.prefetcher: XPT_UPDATE: page=0x96000 idx=255 enabled=0 missCnt=26 lastAccess=43311180465->43311356955
43311533445: system.l3cache.prefetcher: XPT_UPDATE: page=0x96000 idx=255 enabled=0 missCnt=27 lastAccess=43311356955->43311533445
43311709935: system.l3cache.prefetcher: XPT_UPDATE: page=0x96000 idx=255 enabled=0 missCnt=28 lastAccess=43311533445->43311709935
43311886425: system.l3cache.prefetcher: XPT_UPDATE: page=0x96000 idx=255 enabled=0 missCnt=29 lastAccess=43311709935->43311886425
43312062915: system.l3cache.prefetcher: XPT_UPDATE: page=0x96000 idx=255 enabled=0 missCnt=30 lastAccess=43311886425->43312062915
43312239405: system.l3cache.prefetcher: XPT_UPDATE: page=0x96000 idx=255 enabled=0 missCnt=31 lastAccess=43312062915->43312239405
43312415895: system.l3cache.prefetcher: XPT_UPDATE: page=0x96000 idx=255 enabled=1 missCnt=32 lastAccess=43312239405->43312415895
43312565745: system.l3cache.prefetcher: XPT_UPDATE: page=0x96000 idx=255 enabled=1 missCnt=32 lastAccess=43312415895->43312565745
43312715595: system.l3cache.prefetcher: XPT_UPDATE: page=0x96000 idx=255 enabled=1 missCnt=32 lastAccess=43312565745->43312715595
43641088227: system.l3cache.prefetcher:   [EVICT] idx=208 page=0x96000 enabled=1 missCnt=32 lastAccess=43312715595
45024706557: system.l3cache.prefetcher: === XPTGuard === page=0x96000 asid=0 core=6 c=256/n=256 P=1.000 r=0.197 trig=YES vGLO=1
45024706557: system.l3cache.prefetcher: XPTGuard: page=0x96000 c=256 n=256 P=1.000 r=0.197 trig=1
45024706557: system.l3cache.prefetcher:   [INSERT] page=0x96000 -> table size: 256/256
45094518342: system.l3cache.prefetcher:   [EVICT] idx=58 page=0x96000 enabled=0 missCnt=0 lastAccess=45024706557
45230459931: system.l3cache.prefetcher: === XPTGuard === page=0x96000 asid=0 core=6 c=256/n=256 P=1.000 r=0.896 trig=YES vGLO=1
45230459931: system.l3cache.prefetcher: XPTGuard: page=0x96000 c=256 n=256 P=1.000 r=0.896 trig=1
45230459931: system.l3cache.prefetcher:   [INSERT] page=0x96000 -> table size: 256/256
45230686371: system.l3cache.prefetcher: XPT_UPDATE: page=0x96000 idx=255 enabled=0 missCnt=0 lastAccess=45230459931->45230686371
45230862861: system.l3cache.prefetcher: XPT_UPDATE: page=0x96000 idx=255 enabled=0 missCnt=1 lastAccess=45230686371->45230862861
45231039351: system.l3cache.prefetcher: XPT_UPDATE: page=0x96000 idx=255 enabled=0 missCnt=2 lastAccess=45230862861->45231039351
45231215841: system.l3cache.prefetcher: XPT_UPDATE: page=0x96000 idx=255 enabled=0 missCnt=3 lastAccess=45231039351->45231215841
45231392331: system.l3cache.prefetcher: XPT_UPDATE: page=0x96000 idx=255 enabled=0 missCnt=4 lastAccess=45231215841->45231392331
45231568821: system.l3cache.prefetcher: XPT_UPDATE: page=0x96000 idx=255 enabled=0 missCnt=5 lastAccess=45231392331->45231568821
45231745311: system.l3cache.prefetcher: XPT_UPDATE: page=0x96000 idx=255 enabled=0 missCnt=6 lastAccess=45231568821->45231745311
45231921801: system.l3cache.prefetcher: XPT_UPDATE: page=0x96000 idx=255 enabled=0 missCnt=7 lastAccess=45231745311->45231921801
45232098291: system.l3cache.prefetcher: XPT_UPDATE: page=0x96000 idx=255 enabled=0 missCnt=8 lastAccess=45231921801->45232098291
45232274781: system.l3cache.prefetcher: XPT_UPDATE: page=0x96000 idx=255 enabled=0 missCnt=9 lastAccess=45232098291->45232274781
45232451271: system.l3cache.prefetcher: XPT_UPDATE: page=0x96000 idx=255 enabled=0 missCnt=10 lastAccess=45232274781->45232451271
45232627761: system.l3cache.prefetcher: XPT_UPDATE: page=0x96000 idx=255 enabled=0 missCnt=11 lastAccess=45232451271->45232627761
45232804251: system.l3cache.prefetcher: XPT_UPDATE: page=0x96000 idx=255 enabled=0 missCnt=12 lastAccess=45232627761->45232804251
45232980741: system.l3cache.prefetcher: XPT_UPDATE: page=0x96000 idx=255 enabled=0 missCnt=13 lastAccess=45232804251->45232980741
45233157231: system.l3cache.prefetcher: XPT_UPDATE: page=0x96000 idx=255 enabled=0 missCnt=14 lastAccess=45232980741->45233157231
45233333721: system.l3cache.prefetcher: XPT_UPDATE: page=0x96000 idx=255 enabled=0 missCnt=15 lastAccess=45233157231->45233333721
45233535186: system.l3cache.prefetcher: XPT_UPDATE: page=0x96000 idx=255 enabled=0 missCnt=16 lastAccess=45233333721->45233535186
45233711676: system.l3cache.prefetcher: XPT_UPDATE: page=0x96000 idx=255 enabled=0 missCnt=17 lastAccess=45233535186->45233711676
45233888166: system.l3cache.prefetcher: XPT_UPDATE: page=0x96000 idx=255 enabled=0 missCnt=18 lastAccess=45233711676->45233888166
45234064656: system.l3cache.prefetcher: XPT_UPDATE: page=0x96000 idx=255 enabled=0 missCnt=19 lastAccess=45233888166->45234064656
45234241146: system.l3cache.prefetcher: XPT_UPDATE: page=0x96000 idx=255 enabled=0 missCnt=20 lastAccess=45234064656->45234241146
45234417636: system.l3cache.prefetcher: XPT_UPDATE: page=0x96000 idx=255 enabled=0 missCnt=21 lastAccess=45234241146->45234417636
45234594126: system.l3cache.prefetcher: XPT_UPDATE: page=0x96000 idx=255 enabled=0 missCnt=22 lastAccess=45234417636->45234594126
45234770616: system.l3cache.prefetcher: XPT_UPDATE: page=0x96000 idx=255 enabled=0 missCnt=23 lastAccess=45234594126->45234770616
45234947106: system.l3cache.prefetcher: XPT_UPDATE: page=0x96000 idx=255 enabled=0 missCnt=24 lastAccess=45234770616->45234947106
45235472913: system.l3cache.prefetcher: XPT_UPDATE: page=0x96000 idx=255 enabled=0 missCnt=25 lastAccess=45234947106->45235472913
45235649403: system.l3cache.prefetcher: XPT_UPDATE: page=0x96000 idx=255 enabled=0 missCnt=26 lastAccess=45235472913->45235649403
45235825893: system.l3cache.prefetcher: XPT_UPDATE: page=0x96000 idx=255 enabled=0 missCnt=27 lastAccess=45235649403->45235825893
45236002383: system.l3cache.prefetcher: XPT_UPDATE: page=0x96000 idx=255 enabled=0 missCnt=28 lastAccess=45235825893->45236002383
45236178873: system.l3cache.prefetcher: XPT_UPDATE: page=0x96000 idx=255 enabled=0 missCnt=29 lastAccess=45236002383->45236178873
45236355363: system.l3cache.prefetcher: XPT_UPDATE: page=0x96000 idx=255 enabled=0 missCnt=30 lastAccess=45236178873->45236355363
45236531853: system.l3cache.prefetcher: XPT_UPDATE: page=0x96000 idx=255 enabled=0 missCnt=31 lastAccess=45236355363->45236531853
45236708343: system.l3cache.prefetcher: XPT_UPDATE: page=0x96000 idx=255 enabled=1 missCnt=32 lastAccess=45236531853->45236708343
45236858193: system.l3cache.prefetcher: XPT_UPDATE: page=0x96000 idx=255 enabled=1 missCnt=32 lastAccess=45236708343->45236858193
45237008043: system.l3cache.prefetcher: XPT_UPDATE: page=0x96000 idx=255 enabled=1 missCnt=32 lastAccess=45236858193->45237008043
46950160842: system.l3cache.prefetcher: XPT_UPDATE: page=0x96000 idx=98 enabled=1 missCnt=32 lastAccess=45237008043->46950160842
47048981589: system.l3cache.prefetcher:   [EVICT] idx=10 page=0x96000 enabled=1 missCnt=32 lastAccess=46950160842
47156138991: system.l3cache.prefetcher: === XPTGuard === page=0x96000 asid=0 core=6 c=256/n=256 P=1.000 r=0.393 trig=YES vGLO=1
47156138991: system.l3cache.prefetcher: XPTGuard: page=0x96000 c=256 n=256 P=1.000 r=0.393 trig=1
47156138991: system.l3cache.prefetcher:   [INSERT] page=0x96000 -> table size: 256/256
47156340456: system.l3cache.prefetcher: XPT_UPDATE: page=0x96000 idx=255 enabled=0 missCnt=0 lastAccess=47156138991->47156340456
47156516946: system.l3cache.prefetcher: XPT_UPDATE: page=0x96000 idx=255 enabled=0 missCnt=1 lastAccess=47156340456->47156516946
47156693436: system.l3cache.prefetcher: XPT_UPDATE: page=0x96000 idx=255 enabled=0 missCnt=2 lastAccess=47156516946->47156693436
47156869926: system.l3cache.prefetcher: XPT_UPDATE: page=0x96000 idx=255 enabled=0 missCnt=3 lastAccess=47156693436->47156869926
47157046416: system.l3cache.prefetcher: XPT_UPDATE: page=0x96000 idx=255 enabled=0 missCnt=4 lastAccess=47156869926->47157046416
47157222906: system.l3cache.prefetcher: XPT_UPDATE: page=0x96000 idx=255 enabled=0 missCnt=5 lastAccess=47157046416->47157222906
47157399396: system.l3cache.prefetcher: XPT_UPDATE: page=0x96000 idx=255 enabled=0 missCnt=6 lastAccess=47157222906->47157399396
47157575886: system.l3cache.prefetcher: XPT_UPDATE: page=0x96000 idx=255 enabled=0 missCnt=7 lastAccess=47157399396->47157575886
47157752376: system.l3cache.prefetcher: XPT_UPDATE: page=0x96000 idx=255 enabled=0 missCnt=8 lastAccess=47157575886->47157752376
47157928866: system.l3cache.prefetcher: XPT_UPDATE: page=0x96000 idx=255 enabled=0 missCnt=9 lastAccess=47157752376->47157928866
47158105356: system.l3cache.prefetcher: XPT_UPDATE: page=0x96000 idx=255 enabled=0 missCnt=10 lastAccess=47157928866->47158105356
47158281846: system.l3cache.prefetcher: XPT_UPDATE: page=0x96000 idx=255 enabled=0 missCnt=11 lastAccess=47158105356->47158281846
47158458336: system.l3cache.prefetcher: XPT_UPDATE: page=0x96000 idx=255 enabled=0 missCnt=12 lastAccess=47158281846->47158458336
47158634826: system.l3cache.prefetcher: XPT_UPDATE: page=0x96000 idx=255 enabled=0 missCnt=13 lastAccess=47158458336->47158634826
47158811316: system.l3cache.prefetcher: XPT_UPDATE: page=0x96000 idx=255 enabled=0 missCnt=14 lastAccess=47158634826->47158811316
47158987806: system.l3cache.prefetcher: XPT_UPDATE: page=0x96000 idx=255 enabled=0 missCnt=15 lastAccess=47158811316->47158987806
47159189271: system.l3cache.prefetcher: XPT_UPDATE: page=0x96000 idx=255 enabled=0 missCnt=16 lastAccess=47158987806->47159189271
47159365761: system.l3cache.prefetcher: XPT_UPDATE: page=0x96000 idx=255 enabled=0 missCnt=17 lastAccess=47159189271->47159365761
47159542251: system.l3cache.prefetcher: XPT_UPDATE: page=0x96000 idx=255 enabled=0 missCnt=18 lastAccess=47159365761->47159542251
47159718741: system.l3cache.prefetcher: XPT_UPDATE: page=0x96000 idx=255 enabled=0 missCnt=19 lastAccess=47159542251->47159718741
47159895231: system.l3cache.prefetcher: XPT_UPDATE: page=0x96000 idx=255 enabled=0 missCnt=20 lastAccess=47159718741->47159895231
47160071721: system.l3cache.prefetcher: XPT_UPDATE: page=0x96000 idx=255 enabled=0 missCnt=21 lastAccess=47159895231->47160071721
47160248211: system.l3cache.prefetcher: XPT_UPDATE: page=0x96000 idx=255 enabled=0 missCnt=22 lastAccess=47160071721->47160248211
47160424701: system.l3cache.prefetcher: XPT_UPDATE: page=0x96000 idx=255 enabled=0 missCnt=23 lastAccess=47160248211->47160424701
47160601191: system.l3cache.prefetcher: XPT_UPDATE: page=0x96000 idx=255 enabled=0 missCnt=24 lastAccess=47160424701->47160601191
47160777681: system.l3cache.prefetcher: XPT_UPDATE: page=0x96000 idx=255 enabled=0 missCnt=25 lastAccess=47160601191->47160777681
47160954171: system.l3cache.prefetcher: XPT_UPDATE: page=0x96000 idx=255 enabled=0 missCnt=26 lastAccess=47160777681->47160954171
47161130661: system.l3cache.prefetcher: XPT_UPDATE: page=0x96000 idx=255 enabled=0 missCnt=27 lastAccess=47160954171->47161130661
47161307151: system.l3cache.prefetcher: XPT_UPDATE: page=0x96000 idx=255 enabled=0 missCnt=28 lastAccess=47161130661->47161307151
47161483641: system.l3cache.prefetcher: XPT_UPDATE: page=0x96000 idx=255 enabled=0 missCnt=29 lastAccess=47161307151->47161483641
47161660131: system.l3cache.prefetcher: XPT_UPDATE: page=0x96000 idx=255 enabled=0 missCnt=30 lastAccess=47161483641->47161660131
47161836621: system.l3cache.prefetcher: XPT_UPDATE: page=0x96000 idx=255 enabled=0 missCnt=31 lastAccess=47161660131->47161836621
47162038086: system.l3cache.prefetcher: XPT_UPDATE: page=0x96000 idx=255 enabled=1 missCnt=32 lastAccess=47161836621->47162038086
47162187936: system.l3cache.prefetcher: XPT_UPDATE: page=0x96000 idx=255 enabled=1 missCnt=32 lastAccess=47162038086->47162187936
47162337786: system.l3cache.prefetcher: XPT_UPDATE: page=0x96000 idx=255 enabled=1 missCnt=32 lastAccess=47162187936->47162337786
48871934478: system.l3cache.prefetcher: XPT_UPDATE: page=0x96000 idx=98 enabled=1 missCnt=32 lastAccess=47162337786->48871934478
49003208073: system.l3cache.prefetcher:   [EVICT] idx=4 page=0x96000 enabled=1 missCnt=32 lastAccess=48871934478
49078107765: system.l3cache.prefetcher: === XPTGuard === page=0x96000 asid=0 core=6 c=256/n=256 P=1.000 r=0.742 trig=YES vGLO=1
49078107765: system.l3cache.prefetcher: XPTGuard: page=0x96000 c=256 n=256 P=1.000 r=0.742 trig=1
49078107765: system.l3cache.prefetcher:   [INSERT] page=0x96000 -> table size: 256/256
49078309230: system.l3cache.prefetcher: XPT_UPDATE: page=0x96000 idx=255 enabled=0 missCnt=0 lastAccess=49078107765->49078309230
49078485720: system.l3cache.prefetcher: XPT_UPDATE: page=0x96000 idx=255 enabled=0 missCnt=1 lastAccess=49078309230->49078485720
49078662210: system.l3cache.prefetcher: XPT_UPDATE: page=0x96000 idx=255 enabled=0 missCnt=2 lastAccess=49078485720->49078662210
49078838700: system.l3cache.prefetcher: XPT_UPDATE: page=0x96000 idx=255 enabled=0 missCnt=3 lastAccess=49078662210->49078838700
49079015190: system.l3cache.prefetcher: XPT_UPDATE: page=0x96000 idx=255 enabled=0 missCnt=4 lastAccess=49078838700->49079015190
49079191680: system.l3cache.prefetcher: XPT_UPDATE: page=0x96000 idx=255 enabled=0 missCnt=5 lastAccess=49079015190->49079191680
49079368170: system.l3cache.prefetcher: XPT_UPDATE: page=0x96000 idx=255 enabled=0 missCnt=6 lastAccess=49079191680->49079368170
49079544660: system.l3cache.prefetcher: XPT_UPDATE: page=0x96000 idx=255 enabled=0 missCnt=7 lastAccess=49079368170->49079544660
49079721150: system.l3cache.prefetcher: XPT_UPDATE: page=0x96000 idx=255 enabled=0 missCnt=8 lastAccess=49079544660->49079721150
49079897640: system.l3cache.prefetcher: XPT_UPDATE: page=0x96000 idx=255 enabled=0 missCnt=9 lastAccess=49079721150->49079897640
49080074130: system.l3cache.prefetcher: XPT_UPDATE: page=0x96000 idx=255 enabled=0 missCnt=10 lastAccess=49079897640->49080074130
49080250620: system.l3cache.prefetcher: XPT_UPDATE: page=0x96000 idx=255 enabled=0 missCnt=11 lastAccess=49080074130->49080250620
49080427110: system.l3cache.prefetcher: XPT_UPDATE: page=0x96000 idx=255 enabled=0 missCnt=12 lastAccess=49080250620->49080427110
49080603600: system.l3cache.prefetcher: XPT_UPDATE: page=0x96000 idx=255 enabled=0 missCnt=13 lastAccess=49080427110->49080603600
49080780090: system.l3cache.prefetcher: XPT_UPDATE: page=0x96000 idx=255 enabled=0 missCnt=14 lastAccess=49080603600->49080780090
49080956580: system.l3cache.prefetcher: XPT_UPDATE: page=0x96000 idx=255 enabled=0 missCnt=15 lastAccess=49080780090->49080956580
49081158045: system.l3cache.prefetcher: XPT_UPDATE: page=0x96000 idx=255 enabled=0 missCnt=16 lastAccess=49080956580->49081158045
49081334535: system.l3cache.prefetcher: XPT_UPDATE: page=0x96000 idx=255 enabled=0 missCnt=17 lastAccess=49081158045->49081334535
49081511025: system.l3cache.prefetcher: XPT_UPDATE: page=0x96000 idx=255 enabled=0 missCnt=18 lastAccess=49081334535->49081511025
49081687515: system.l3cache.prefetcher: XPT_UPDATE: page=0x96000 idx=255 enabled=0 missCnt=19 lastAccess=49081511025->49081687515
49081864005: system.l3cache.prefetcher: XPT_UPDATE: page=0x96000 idx=255 enabled=0 missCnt=20 lastAccess=49081687515->49081864005
49082040495: system.l3cache.prefetcher: XPT_UPDATE: page=0x96000 idx=255 enabled=0 missCnt=21 lastAccess=49081864005->49082040495
49082216985: system.l3cache.prefetcher: XPT_UPDATE: page=0x96000 idx=255 enabled=0 missCnt=22 lastAccess=49082040495->49082216985
49082393475: system.l3cache.prefetcher: XPT_UPDATE: page=0x96000 idx=255 enabled=0 missCnt=23 lastAccess=49082216985->49082393475
49082569965: system.l3cache.prefetcher: XPT_UPDATE: page=0x96000 idx=255 enabled=0 missCnt=24 lastAccess=49082393475->49082569965
49082746455: system.l3cache.prefetcher: XPT_UPDATE: page=0x96000 idx=255 enabled=0 missCnt=25 lastAccess=49082569965->49082746455
49082922945: system.l3cache.prefetcher: XPT_UPDATE: page=0x96000 idx=255 enabled=0 missCnt=26 lastAccess=49082746455->49082922945
49083099435: system.l3cache.prefetcher: XPT_UPDATE: page=0x96000 idx=255 enabled=0 missCnt=27 lastAccess=49082922945->49083099435
49083275925: system.l3cache.prefetcher: XPT_UPDATE: page=0x96000 idx=255 enabled=0 missCnt=28 lastAccess=49083099435->49083275925
49083452415: system.l3cache.prefetcher: XPT_UPDATE: page=0x96000 idx=255 enabled=0 missCnt=29 lastAccess=49083275925->49083452415
49083628905: system.l3cache.prefetcher: XPT_UPDATE: page=0x96000 idx=255 enabled=0 missCnt=30 lastAccess=49083452415->49083628905
49084097769: system.l3cache.prefetcher: XPT_UPDATE: page=0x96000 idx=255 enabled=0 missCnt=31 lastAccess=49083628905->49084097769
49084274259: system.l3cache.prefetcher: XPT_UPDATE: page=0x96000 idx=255 enabled=1 missCnt=32 lastAccess=49084097769->49084274259
49084424109: system.l3cache.prefetcher: XPT_UPDATE: page=0x96000 idx=255 enabled=1 missCnt=32 lastAccess=49084274259->49084424109
49084573959: system.l3cache.prefetcher: XPT_UPDATE: page=0x96000 idx=255 enabled=1 missCnt=32 lastAccess=49084424109->49084573959
50353263000: system.l3cache.prefetcher:   [EVICT] idx=120 page=0x96000 enabled=1 missCnt=32 lastAccess=49084573959
50796892926: system.l3cache.prefetcher: === XPTGuard === page=0x96000 asid=0 core=6 c=256/n=256 P=1.000 r=0.793 trig=YES vGLO=1
50796892926: system.l3cache.prefetcher: XPTGuard: page=0x96000 c=256 n=256 P=1.000 r=0.793 trig=1
50796892926: system.l3cache.prefetcher:   [INSERT] page=0x96000 -> table size: 256/256
50801156658: system.l3cache.prefetcher:   [EVICT] idx=241 page=0x96000 enabled=0 missCnt=0 lastAccess=50796892926
51002597682: system.l3cache.prefetcher: === XPTGuard === page=0x96000 asid=0 core=6 c=256/n=256 P=1.000 r=0.673 trig=YES vGLO=1
51002597682: system.l3cache.prefetcher: XPTGuard: page=0x96000 c=256 n=256 P=1.000 r=0.673 trig=1
51002597682: system.l3cache.prefetcher:   [INSERT] page=0x96000 -> table size: 256/256
51002824122: system.l3cache.prefetcher: XPT_UPDATE: page=0x96000 idx=255 enabled=0 missCnt=0 lastAccess=51002597682->51002824122
51003000612: system.l3cache.prefetcher: XPT_UPDATE: page=0x96000 idx=255 enabled=0 missCnt=1 lastAccess=51002824122->51003000612
51003177102: system.l3cache.prefetcher: XPT_UPDATE: page=0x96000 idx=255 enabled=0 missCnt=2 lastAccess=51003000612->51003177102
51003353592: system.l3cache.prefetcher: XPT_UPDATE: page=0x96000 idx=255 enabled=0 missCnt=3 lastAccess=51003177102->51003353592
51003530082: system.l3cache.prefetcher: XPT_UPDATE: page=0x96000 idx=255 enabled=0 missCnt=4 lastAccess=51003353592->51003530082
51003706572: system.l3cache.prefetcher: XPT_UPDATE: page=0x96000 idx=255 enabled=0 missCnt=5 lastAccess=51003530082->51003706572
51003883062: system.l3cache.prefetcher: XPT_UPDATE: page=0x96000 idx=255 enabled=0 missCnt=6 lastAccess=51003706572->51003883062
51004059552: system.l3cache.prefetcher: XPT_UPDATE: page=0x96000 idx=255 enabled=0 missCnt=7 lastAccess=51003883062->51004059552
51004522755: system.l3cache.prefetcher: XPT_UPDATE: page=0x96000 idx=255 enabled=0 missCnt=8 lastAccess=51004059552->51004522755
51004699245: system.l3cache.prefetcher: XPT_UPDATE: page=0x96000 idx=255 enabled=0 missCnt=9 lastAccess=51004522755->51004699245
51004875735: system.l3cache.prefetcher: XPT_UPDATE: page=0x96000 idx=255 enabled=0 missCnt=10 lastAccess=51004699245->51004875735
51005052225: system.l3cache.prefetcher: XPT_UPDATE: page=0x96000 idx=255 enabled=0 missCnt=11 lastAccess=51004875735->51005052225
51005228715: system.l3cache.prefetcher: XPT_UPDATE: page=0x96000 idx=255 enabled=0 missCnt=12 lastAccess=51005052225->51005228715
51005405205: system.l3cache.prefetcher: XPT_UPDATE: page=0x96000 idx=255 enabled=0 missCnt=13 lastAccess=51005228715->51005405205
51005581695: system.l3cache.prefetcher: XPT_UPDATE: page=0x96000 idx=255 enabled=0 missCnt=14 lastAccess=51005405205->51005581695
51005758185: system.l3cache.prefetcher: XPT_UPDATE: page=0x96000 idx=255 enabled=0 missCnt=15 lastAccess=51005581695->51005758185
51005934675: system.l3cache.prefetcher: XPT_UPDATE: page=0x96000 idx=255 enabled=0 missCnt=16 lastAccess=51005758185->51005934675
51006111165: system.l3cache.prefetcher: XPT_UPDATE: page=0x96000 idx=255 enabled=0 missCnt=17 lastAccess=51005934675->51006111165
51006287655: system.l3cache.prefetcher: XPT_UPDATE: page=0x96000 idx=255 enabled=0 missCnt=18 lastAccess=51006111165->51006287655
51006464145: system.l3cache.prefetcher: XPT_UPDATE: page=0x96000 idx=255 enabled=0 missCnt=19 lastAccess=51006287655->51006464145
51006640635: system.l3cache.prefetcher: XPT_UPDATE: page=0x96000 idx=255 enabled=0 missCnt=20 lastAccess=51006464145->51006640635
51006817125: system.l3cache.prefetcher: XPT_UPDATE: page=0x96000 idx=255 enabled=0 missCnt=21 lastAccess=51006640635->51006817125
51006993615: system.l3cache.prefetcher: XPT_UPDATE: page=0x96000 idx=255 enabled=0 missCnt=22 lastAccess=51006817125->51006993615
51007170105: system.l3cache.prefetcher: XPT_UPDATE: page=0x96000 idx=255 enabled=0 missCnt=23 lastAccess=51006993615->51007170105
51007371570: system.l3cache.prefetcher: XPT_UPDATE: page=0x96000 idx=255 enabled=0 missCnt=24 lastAccess=51007170105->51007371570
51007548060: system.l3cache.prefetcher: XPT_UPDATE: page=0x96000 idx=255 enabled=0 missCnt=25 lastAccess=51007371570->51007548060
51007724550: system.l3cache.prefetcher: XPT_UPDATE: page=0x96000 idx=255 enabled=0 missCnt=26 lastAccess=51007548060->51007724550
51007901040: system.l3cache.prefetcher: XPT_UPDATE: page=0x96000 idx=255 enabled=0 missCnt=27 lastAccess=51007724550->51007901040
51008077530: system.l3cache.prefetcher: XPT_UPDATE: page=0x96000 idx=255 enabled=0 missCnt=28 lastAccess=51007901040->51008077530
51008254020: system.l3cache.prefetcher: XPT_UPDATE: page=0x96000 idx=255 enabled=0 missCnt=29 lastAccess=51008077530->51008254020
51008430510: system.l3cache.prefetcher: XPT_UPDATE: page=0x96000 idx=255 enabled=0 missCnt=30 lastAccess=51008254020->51008430510
51008607000: system.l3cache.prefetcher: XPT_UPDATE: page=0x96000 idx=255 enabled=0 missCnt=31 lastAccess=51008430510->51008607000
51008783490: system.l3cache.prefetcher: XPT_UPDATE: page=0x96000 idx=255 enabled=1 missCnt=32 lastAccess=51008607000->51008783490
51008933340: system.l3cache.prefetcher: XPT_UPDATE: page=0x96000 idx=255 enabled=1 missCnt=32 lastAccess=51008783490->51008933340
51009083190: system.l3cache.prefetcher: XPT_UPDATE: page=0x96000 idx=255 enabled=1 missCnt=32 lastAccess=51008933340->51009083190
52722817740: system.l3cache.prefetcher: XPT_UPDATE: page=0x96000 idx=90 enabled=1 missCnt=32 lastAccess=51009083190->52722817740
52742597274: system.l3cache.prefetcher:   [EVICT] idx=60 page=0x96000 enabled=1 missCnt=32 lastAccess=52722817740
52928481870: system.l3cache.prefetcher: === XPTGuard === page=0x96000 asid=0 core=6 c=256/n=256 P=1.000 r=0.210 trig=YES vGLO=1
52928481870: system.l3cache.prefetcher: XPTGuard: page=0x96000 c=256 n=256 P=1.000 r=0.210 trig=1
52928481870: system.l3cache.prefetcher:   [INSERT] page=0x96000 -> table size: 256/256
52928708310: system.l3cache.prefetcher: XPT_UPDATE: page=0x96000 idx=255 enabled=0 missCnt=0 lastAccess=52928481870->52928708310
52928884800: system.l3cache.prefetcher: XPT_UPDATE: page=0x96000 idx=255 enabled=0 missCnt=1 lastAccess=52928708310->52928884800
52929061290: system.l3cache.prefetcher: XPT_UPDATE: page=0x96000 idx=255 enabled=0 missCnt=2 lastAccess=52928884800->52929061290
52929237780: system.l3cache.prefetcher: XPT_UPDATE: page=0x96000 idx=255 enabled=0 missCnt=3 lastAccess=52929061290->52929237780
52929414270: system.l3cache.prefetcher: XPT_UPDATE: page=0x96000 idx=255 enabled=0 missCnt=4 lastAccess=52929237780->52929414270
52929590760: system.l3cache.prefetcher: XPT_UPDATE: page=0x96000 idx=255 enabled=0 missCnt=5 lastAccess=52929414270->52929590760
52929767250: system.l3cache.prefetcher: XPT_UPDATE: page=0x96000 idx=255 enabled=0 missCnt=6 lastAccess=52929590760->52929767250
52929943740: system.l3cache.prefetcher: XPT_UPDATE: page=0x96000 idx=255 enabled=0 missCnt=7 lastAccess=52929767250->52929943740
52930120230: system.l3cache.prefetcher: XPT_UPDATE: page=0x96000 idx=255 enabled=0 missCnt=8 lastAccess=52929943740->52930120230
52930296720: system.l3cache.prefetcher: XPT_UPDATE: page=0x96000 idx=255 enabled=0 missCnt=9 lastAccess=52930120230->52930296720
52930473210: system.l3cache.prefetcher: XPT_UPDATE: page=0x96000 idx=255 enabled=0 missCnt=10 lastAccess=52930296720->52930473210
52930649700: system.l3cache.prefetcher: XPT_UPDATE: page=0x96000 idx=255 enabled=0 missCnt=11 lastAccess=52930473210->52930649700
52930826190: system.l3cache.prefetcher: XPT_UPDATE: page=0x96000 idx=255 enabled=0 missCnt=12 lastAccess=52930649700->52930826190
52931002680: system.l3cache.prefetcher: XPT_UPDATE: page=0x96000 idx=255 enabled=0 missCnt=13 lastAccess=52930826190->52931002680
52931179170: system.l3cache.prefetcher: XPT_UPDATE: page=0x96000 idx=255 enabled=0 missCnt=14 lastAccess=52931002680->52931179170
52931355660: system.l3cache.prefetcher: XPT_UPDATE: page=0x96000 idx=255 enabled=0 missCnt=15 lastAccess=52931179170->52931355660
52931557125: system.l3cache.prefetcher: XPT_UPDATE: page=0x96000 idx=255 enabled=0 missCnt=16 lastAccess=52931355660->52931557125
52931733615: system.l3cache.prefetcher: XPT_UPDATE: page=0x96000 idx=255 enabled=0 missCnt=17 lastAccess=52931557125->52931733615
52931910105: system.l3cache.prefetcher: XPT_UPDATE: page=0x96000 idx=255 enabled=0 missCnt=18 lastAccess=52931733615->52931910105
52932086595: system.l3cache.prefetcher: XPT_UPDATE: page=0x96000 idx=255 enabled=0 missCnt=19 lastAccess=52931910105->52932086595
52932263085: system.l3cache.prefetcher: XPT_UPDATE: page=0x96000 idx=255 enabled=0 missCnt=20 lastAccess=52932086595->52932263085
52932722625: system.l3cache.prefetcher: XPT_UPDATE: page=0x96000 idx=255 enabled=0 missCnt=21 lastAccess=52932263085->52932722625
52932899115: system.l3cache.prefetcher: XPT_UPDATE: page=0x96000 idx=255 enabled=0 missCnt=22 lastAccess=52932722625->52932899115
52933075605: system.l3cache.prefetcher: XPT_UPDATE: page=0x96000 idx=255 enabled=0 missCnt=23 lastAccess=52932899115->52933075605
52933252095: system.l3cache.prefetcher: XPT_UPDATE: page=0x96000 idx=255 enabled=0 missCnt=24 lastAccess=52933075605->52933252095
52933428585: system.l3cache.prefetcher: XPT_UPDATE: page=0x96000 idx=255 enabled=0 missCnt=25 lastAccess=52933252095->52933428585
52933605075: system.l3cache.prefetcher: XPT_UPDATE: page=0x96000 idx=255 enabled=0 missCnt=26 lastAccess=52933428585->52933605075
52933781565: system.l3cache.prefetcher: XPT_UPDATE: page=0x96000 idx=255 enabled=0 missCnt=27 lastAccess=52933605075->52933781565
52933958055: system.l3cache.prefetcher: XPT_UPDATE: page=0x96000 idx=255 enabled=0 missCnt=28 lastAccess=52933781565->52933958055
52934134545: system.l3cache.prefetcher: XPT_UPDATE: page=0x96000 idx=255 enabled=0 missCnt=29 lastAccess=52933958055->52934134545
52934311035: system.l3cache.prefetcher: XPT_UPDATE: page=0x96000 idx=255 enabled=0 missCnt=30 lastAccess=52934134545->52934311035
52934487525: system.l3cache.prefetcher: XPT_UPDATE: page=0x96000 idx=255 enabled=0 missCnt=31 lastAccess=52934311035->52934487525
52934664015: system.l3cache.prefetcher: XPT_UPDATE: page=0x96000 idx=255 enabled=1 missCnt=32 lastAccess=52934487525->52934664015
52934813865: system.l3cache.prefetcher: XPT_UPDATE: page=0x96000 idx=255 enabled=1 missCnt=32 lastAccess=52934664015->52934813865
52934963715: system.l3cache.prefetcher: XPT_UPDATE: page=0x96000 idx=255 enabled=1 missCnt=32 lastAccess=52934813865->52934963715
54648190107: system.l3cache.prefetcher: XPT_UPDATE: page=0x96000 idx=96 enabled=1 missCnt=32 lastAccess=52934963715->54648190107
54710830071: system.l3cache.prefetcher:   [EVICT] idx=38 page=0x96000 enabled=1 missCnt=32 lastAccess=54648190107
54875261475: system.l3cache.prefetcher: === XPTGuard === page=0x96000 asid=0 core=6 c=256/n=256 P=1.000 r=0.162 trig=YES vGLO=1
54875261475: system.l3cache.prefetcher: XPTGuard: page=0x96000 c=256 n=256 P=1.000 r=0.162 trig=1
54875261475: system.l3cache.prefetcher:   [INSERT] page=0x96000 -> table size: 256/256
54875487915: system.l3cache.prefetcher: XPT_UPDATE: page=0x96000 idx=255 enabled=0 missCnt=0 lastAccess=54875261475->54875487915
54875664405: system.l3cache.prefetcher: XPT_UPDATE: page=0x96000 idx=255 enabled=0 missCnt=1 lastAccess=54875487915->54875664405
54875840895: system.l3cache.prefetcher: XPT_UPDATE: page=0x96000 idx=255 enabled=0 missCnt=2 lastAccess=54875664405->54875840895
54876017385: system.l3cache.prefetcher: XPT_UPDATE: page=0x96000 idx=255 enabled=0 missCnt=3 lastAccess=54875840895->54876017385
54876472596: system.l3cache.prefetcher: XPT_UPDATE: page=0x96000 idx=255 enabled=0 missCnt=4 lastAccess=54876017385->54876472596
54876649086: system.l3cache.prefetcher: XPT_UPDATE: page=0x96000 idx=255 enabled=0 missCnt=5 lastAccess=54876472596->54876649086
54876825576: system.l3cache.prefetcher: XPT_UPDATE: page=0x96000 idx=255 enabled=0 missCnt=6 lastAccess=54876649086->54876825576
54877002066: system.l3cache.prefetcher: XPT_UPDATE: page=0x96000 idx=255 enabled=0 missCnt=7 lastAccess=54876825576->54877002066
54877178556: system.l3cache.prefetcher: XPT_UPDATE: page=0x96000 idx=255 enabled=0 missCnt=8 lastAccess=54877002066->54877178556
54877355046: system.l3cache.prefetcher: XPT_UPDATE: page=0x96000 idx=255 enabled=0 missCnt=9 lastAccess=54877178556->54877355046
54877531536: system.l3cache.prefetcher: XPT_UPDATE: page=0x96000 idx=255 enabled=0 missCnt=10 lastAccess=54877355046->54877531536
54877708026: system.l3cache.prefetcher: XPT_UPDATE: page=0x96000 idx=255 enabled=0 missCnt=11 lastAccess=54877531536->54877708026
54877884516: system.l3cache.prefetcher: XPT_UPDATE: page=0x96000 idx=255 enabled=0 missCnt=12 lastAccess=54877708026->54877884516
54878061006: system.l3cache.prefetcher: XPT_UPDATE: page=0x96000 idx=255 enabled=0 missCnt=13 lastAccess=54877884516->54878061006
54878237496: system.l3cache.prefetcher: XPT_UPDATE: page=0x96000 idx=255 enabled=0 missCnt=14 lastAccess=54878061006->54878237496
54878413986: system.l3cache.prefetcher: XPT_UPDATE: page=0x96000 idx=255 enabled=0 missCnt=15 lastAccess=54878237496->54878413986
54878590476: system.l3cache.prefetcher: XPT_UPDATE: page=0x96000 idx=255 enabled=0 missCnt=16 lastAccess=54878413986->54878590476
54878766966: system.l3cache.prefetcher: XPT_UPDATE: page=0x96000 idx=255 enabled=0 missCnt=17 lastAccess=54878590476->54878766966
54878943456: system.l3cache.prefetcher: XPT_UPDATE: page=0x96000 idx=255 enabled=0 missCnt=18 lastAccess=54878766966->54878943456
54879119946: system.l3cache.prefetcher: XPT_UPDATE: page=0x96000 idx=255 enabled=0 missCnt=19 lastAccess=54878943456->54879119946
54879321411: system.l3cache.prefetcher: XPT_UPDATE: page=0x96000 idx=255 enabled=0 missCnt=20 lastAccess=54879119946->54879321411
54879497901: system.l3cache.prefetcher: XPT_UPDATE: page=0x96000 idx=255 enabled=0 missCnt=21 lastAccess=54879321411->54879497901
54879674391: system.l3cache.prefetcher: XPT_UPDATE: page=0x96000 idx=255 enabled=0 missCnt=22 lastAccess=54879497901->54879674391
54879850881: system.l3cache.prefetcher: XPT_UPDATE: page=0x96000 idx=255 enabled=0 missCnt=23 lastAccess=54879674391->54879850881
54880027371: system.l3cache.prefetcher: XPT_UPDATE: page=0x96000 idx=255 enabled=0 missCnt=24 lastAccess=54879850881->54880027371
54880203861: system.l3cache.prefetcher: XPT_UPDATE: page=0x96000 idx=255 enabled=0 missCnt=25 lastAccess=54880027371->54880203861
54880380351: system.l3cache.prefetcher: XPT_UPDATE: page=0x96000 idx=255 enabled=0 missCnt=26 lastAccess=54880203861->54880380351
54880556841: system.l3cache.prefetcher: XPT_UPDATE: page=0x96000 idx=255 enabled=0 missCnt=27 lastAccess=54880380351->54880556841
54880733331: system.l3cache.prefetcher: XPT_UPDATE: page=0x96000 idx=255 enabled=0 missCnt=28 lastAccess=54880556841->54880733331
54880909821: system.l3cache.prefetcher: XPT_UPDATE: page=0x96000 idx=255 enabled=0 missCnt=29 lastAccess=54880733331->54880909821
54881086311: system.l3cache.prefetcher: XPT_UPDATE: page=0x96000 idx=255 enabled=0 missCnt=30 lastAccess=54880909821->54881086311
54881262801: system.l3cache.prefetcher: XPT_UPDATE: page=0x96000 idx=255 enabled=0 missCnt=31 lastAccess=54881086311->54881262801
54881439291: system.l3cache.prefetcher: XPT_UPDATE: page=0x96000 idx=255 enabled=1 missCnt=32 lastAccess=54881262801->54881439291
54881589141: system.l3cache.prefetcher: XPT_UPDATE: page=0x96000 idx=255 enabled=1 missCnt=32 lastAccess=54881439291->54881589141
54881738991: system.l3cache.prefetcher: XPT_UPDATE: page=0x96000 idx=255 enabled=1 missCnt=32 lastAccess=54881589141->54881738991
55605849489: system.l3cache.prefetcher:   [EVICT] idx=166 page=0x96000 enabled=1 missCnt=32 lastAccess=54881738991
56595848499: system.l3cache.prefetcher: === XPTGuard === page=0x96000 asid=0 core=6 c=256/n=256 P=1.000 r=0.570 trig=YES vGLO=1
56595848499: system.l3cache.prefetcher: XPTGuard: page=0x96000 c=256 n=256 P=1.000 r=0.570 trig=1
56595848499: system.l3cache.prefetcher:   [INSERT] page=0x96000 -> table size: 256/256
56615704956: system.l3cache.prefetcher:   [EVICT] idx=180 page=0x96000 enabled=0 missCnt=0 lastAccess=56595848499
56801382426: system.l3cache.prefetcher: === XPTGuard === page=0x96000 asid=0 core=6 c=256/n=256 P=1.000 r=0.695 trig=YES vGLO=1
56801382426: system.l3cache.prefetcher: XPTGuard: page=0x96000 c=256 n=256 P=1.000 r=0.695 trig=1
56801382426: system.l3cache.prefetcher:   [INSERT] page=0x96000 -> table size: 256/256
56801608866: system.l3cache.prefetcher: XPT_UPDATE: page=0x96000 idx=255 enabled=0 missCnt=0 lastAccess=56801382426->56801608866
56801785356: system.l3cache.prefetcher: XPT_UPDATE: page=0x96000 idx=255 enabled=0 missCnt=1 lastAccess=56801608866->56801785356
56801961846: system.l3cache.prefetcher: XPT_UPDATE: page=0x96000 idx=255 enabled=0 missCnt=2 lastAccess=56801785356->56801961846
56802138336: system.l3cache.prefetcher: XPT_UPDATE: page=0x96000 idx=255 enabled=0 missCnt=3 lastAccess=56801961846->56802138336
56802314826: system.l3cache.prefetcher: XPT_UPDATE: page=0x96000 idx=255 enabled=0 missCnt=4 lastAccess=56802138336->56802314826
56802491316: system.l3cache.prefetcher: XPT_UPDATE: page=0x96000 idx=255 enabled=0 missCnt=5 lastAccess=56802314826->56802491316
56802667806: system.l3cache.prefetcher: XPT_UPDATE: page=0x96000 idx=255 enabled=0 missCnt=6 lastAccess=56802491316->56802667806
56802844296: system.l3cache.prefetcher: XPT_UPDATE: page=0x96000 idx=255 enabled=0 missCnt=7 lastAccess=56802667806->56802844296
56803020786: system.l3cache.prefetcher: XPT_UPDATE: page=0x96000 idx=255 enabled=0 missCnt=8 lastAccess=56802844296->56803020786
56803197276: system.l3cache.prefetcher: XPT_UPDATE: page=0x96000 idx=255 enabled=0 missCnt=9 lastAccess=56803020786->56803197276
56803373766: system.l3cache.prefetcher: XPT_UPDATE: page=0x96000 idx=255 enabled=0 missCnt=10 lastAccess=56803197276->56803373766
56803550256: system.l3cache.prefetcher: XPT_UPDATE: page=0x96000 idx=255 enabled=0 missCnt=11 lastAccess=56803373766->56803550256
56803726746: system.l3cache.prefetcher: XPT_UPDATE: page=0x96000 idx=255 enabled=0 missCnt=12 lastAccess=56803550256->56803726746
56803903236: system.l3cache.prefetcher: XPT_UPDATE: page=0x96000 idx=255 enabled=0 missCnt=13 lastAccess=56803726746->56803903236
56804079726: system.l3cache.prefetcher: XPT_UPDATE: page=0x96000 idx=255 enabled=0 missCnt=14 lastAccess=56803903236->56804079726
56804256216: system.l3cache.prefetcher: XPT_UPDATE: page=0x96000 idx=255 enabled=0 missCnt=15 lastAccess=56804079726->56804256216
56804672799: system.l3cache.prefetcher: XPT_UPDATE: page=0x96000 idx=255 enabled=0 missCnt=16 lastAccess=56804256216->56804672799
56804849289: system.l3cache.prefetcher: XPT_UPDATE: page=0x96000 idx=255 enabled=0 missCnt=17 lastAccess=56804672799->56804849289
56805025779: system.l3cache.prefetcher: XPT_UPDATE: page=0x96000 idx=255 enabled=0 missCnt=18 lastAccess=56804849289->56805025779
56805202269: system.l3cache.prefetcher: XPT_UPDATE: page=0x96000 idx=255 enabled=0 missCnt=19 lastAccess=56805025779->56805202269
56805378759: system.l3cache.prefetcher: XPT_UPDATE: page=0x96000 idx=255 enabled=0 missCnt=20 lastAccess=56805202269->56805378759
56805555249: system.l3cache.prefetcher: XPT_UPDATE: page=0x96000 idx=255 enabled=0 missCnt=21 lastAccess=56805378759->56805555249
56805731739: system.l3cache.prefetcher: XPT_UPDATE: page=0x96000 idx=255 enabled=0 missCnt=22 lastAccess=56805555249->56805731739
56805908229: system.l3cache.prefetcher: XPT_UPDATE: page=0x96000 idx=255 enabled=0 missCnt=23 lastAccess=56805731739->56805908229
56806084719: system.l3cache.prefetcher: XPT_UPDATE: page=0x96000 idx=255 enabled=0 missCnt=24 lastAccess=56805908229->56806084719
56806261209: system.l3cache.prefetcher: XPT_UPDATE: page=0x96000 idx=255 enabled=0 missCnt=25 lastAccess=56806084719->56806261209
56806437699: system.l3cache.prefetcher: XPT_UPDATE: page=0x96000 idx=255 enabled=0 missCnt=26 lastAccess=56806261209->56806437699
56806614189: system.l3cache.prefetcher: XPT_UPDATE: page=0x96000 idx=255 enabled=0 missCnt=27 lastAccess=56806437699->56806614189
56806790679: system.l3cache.prefetcher: XPT_UPDATE: page=0x96000 idx=255 enabled=0 missCnt=28 lastAccess=56806614189->56806790679
56806967169: system.l3cache.prefetcher: XPT_UPDATE: page=0x96000 idx=255 enabled=0 missCnt=29 lastAccess=56806790679->56806967169
56807143659: system.l3cache.prefetcher: XPT_UPDATE: page=0x96000 idx=255 enabled=0 missCnt=30 lastAccess=56806967169->56807143659
56807320149: system.l3cache.prefetcher: XPT_UPDATE: page=0x96000 idx=255 enabled=0 missCnt=31 lastAccess=56807143659->56807320149
56807521614: system.l3cache.prefetcher: XPT_UPDATE: page=0x96000 idx=255 enabled=1 missCnt=32 lastAccess=56807320149->56807521614
56807671464: system.l3cache.prefetcher: XPT_UPDATE: page=0x96000 idx=255 enabled=1 missCnt=32 lastAccess=56807521614->56807671464
56807821314: system.l3cache.prefetcher: XPT_UPDATE: page=0x96000 idx=255 enabled=1 missCnt=32 lastAccess=56807671464->56807821314
58371253650: system.l3cache.prefetcher:   [EVICT] idx=97 page=0x96000 enabled=1 missCnt=32 lastAccess=56807821314
58520142945: system.l3cache.prefetcher: === XPTGuard === page=0x96000 asid=0 core=6 c=256/n=256 P=1.000 r=0.145 trig=YES vGLO=1
58520142945: system.l3cache.prefetcher: XPTGuard: page=0x96000 c=256 n=256 P=1.000 r=0.145 trig=1
58520142945: system.l3cache.prefetcher:   [INSERT] page=0x96000 -> table size: 256/256
58579897797: system.l3cache.prefetcher:   [EVICT] idx=78 page=0x96000 enabled=0 missCnt=0 lastAccess=58520142945
58725336879: system.l3cache.prefetcher: === XPTGuard === page=0x96000 asid=0 core=6 c=256/n=256 P=1.000 r=0.068 trig=YES vGLO=1
58725336879: system.l3cache.prefetcher: XPTGuard: page=0x96000 c=256 n=256 P=1.000 r=0.068 trig=1
58725336879: system.l3cache.prefetcher:   [INSERT] page=0x96000 -> table size: 256/256
58725538344: system.l3cache.prefetcher: XPT_UPDATE: page=0x96000 idx=255 enabled=0 missCnt=0 lastAccess=58725336879->58725538344
58725714834: system.l3cache.prefetcher: XPT_UPDATE: page=0x96000 idx=255 enabled=0 missCnt=1 lastAccess=58725538344->58725714834
58725891324: system.l3cache.prefetcher: XPT_UPDATE: page=0x96000 idx=255 enabled=0 missCnt=2 lastAccess=58725714834->58725891324
58726067814: system.l3cache.prefetcher: XPT_UPDATE: page=0x96000 idx=255 enabled=0 missCnt=3 lastAccess=58725891324->58726067814
58726244304: system.l3cache.prefetcher: XPT_UPDATE: page=0x96000 idx=255 enabled=0 missCnt=4 lastAccess=58726067814->58726244304
58726420794: system.l3cache.prefetcher: XPT_UPDATE: page=0x96000 idx=255 enabled=0 missCnt=5 lastAccess=58726244304->58726420794
58726597284: system.l3cache.prefetcher: XPT_UPDATE: page=0x96000 idx=255 enabled=0 missCnt=6 lastAccess=58726420794->58726597284
58726773774: system.l3cache.prefetcher: XPT_UPDATE: page=0x96000 idx=255 enabled=0 missCnt=7 lastAccess=58726597284->58726773774
58726950264: system.l3cache.prefetcher: XPT_UPDATE: page=0x96000 idx=255 enabled=0 missCnt=8 lastAccess=58726773774->58726950264
58727126754: system.l3cache.prefetcher: XPT_UPDATE: page=0x96000 idx=255 enabled=0 missCnt=9 lastAccess=58726950264->58727126754
58727303244: system.l3cache.prefetcher: XPT_UPDATE: page=0x96000 idx=255 enabled=0 missCnt=10 lastAccess=58727126754->58727303244
58727479734: system.l3cache.prefetcher: XPT_UPDATE: page=0x96000 idx=255 enabled=0 missCnt=11 lastAccess=58727303244->58727479734
58727656224: system.l3cache.prefetcher: XPT_UPDATE: page=0x96000 idx=255 enabled=0 missCnt=12 lastAccess=58727479734->58727656224
58727832714: system.l3cache.prefetcher: XPT_UPDATE: page=0x96000 idx=255 enabled=0 missCnt=13 lastAccess=58727656224->58727832714
58728009204: system.l3cache.prefetcher: XPT_UPDATE: page=0x96000 idx=255 enabled=0 missCnt=14 lastAccess=58727832714->58728009204
58728185694: system.l3cache.prefetcher: XPT_UPDATE: page=0x96000 idx=255 enabled=0 missCnt=15 lastAccess=58728009204->58728185694
58728387159: system.l3cache.prefetcher: XPT_UPDATE: page=0x96000 idx=255 enabled=0 missCnt=16 lastAccess=58728185694->58728387159
58728563649: system.l3cache.prefetcher: XPT_UPDATE: page=0x96000 idx=255 enabled=0 missCnt=17 lastAccess=58728387159->58728563649
58728740139: system.l3cache.prefetcher: XPT_UPDATE: page=0x96000 idx=255 enabled=0 missCnt=18 lastAccess=58728563649->58728740139
58728916629: system.l3cache.prefetcher: XPT_UPDATE: page=0x96000 idx=255 enabled=0 missCnt=19 lastAccess=58728740139->58728916629
58729093119: system.l3cache.prefetcher: XPT_UPDATE: page=0x96000 idx=255 enabled=0 missCnt=20 lastAccess=58728916629->58729093119
58729269609: system.l3cache.prefetcher: XPT_UPDATE: page=0x96000 idx=255 enabled=0 missCnt=21 lastAccess=58729093119->58729269609
58729446099: system.l3cache.prefetcher: XPT_UPDATE: page=0x96000 idx=255 enabled=0 missCnt=22 lastAccess=58729269609->58729446099
58729622589: system.l3cache.prefetcher: XPT_UPDATE: page=0x96000 idx=255 enabled=0 missCnt=23 lastAccess=58729446099->58729622589
58729799079: system.l3cache.prefetcher: XPT_UPDATE: page=0x96000 idx=255 enabled=0 missCnt=24 lastAccess=58729622589->58729799079
58729975569: system.l3cache.prefetcher: XPT_UPDATE: page=0x96000 idx=255 enabled=0 missCnt=25 lastAccess=58729799079->58729975569
58730152059: system.l3cache.prefetcher: XPT_UPDATE: page=0x96000 idx=255 enabled=0 missCnt=26 lastAccess=58729975569->58730152059
58730328549: system.l3cache.prefetcher: XPT_UPDATE: page=0x96000 idx=255 enabled=0 missCnt=27 lastAccess=58730152059->58730328549
58730505039: system.l3cache.prefetcher: XPT_UPDATE: page=0x96000 idx=255 enabled=0 missCnt=28 lastAccess=58730328549->58730505039
58730681529: system.l3cache.prefetcher: XPT_UPDATE: page=0x96000 idx=255 enabled=0 missCnt=29 lastAccess=58730505039->58730681529
58730858019: system.l3cache.prefetcher: XPT_UPDATE: page=0x96000 idx=255 enabled=0 missCnt=30 lastAccess=58730681529->58730858019
58731034509: system.l3cache.prefetcher: XPT_UPDATE: page=0x96000 idx=255 enabled=0 missCnt=31 lastAccess=58730858019->58731034509
58731235974: system.l3cache.prefetcher: XPT_UPDATE: page=0x96000 idx=255 enabled=1 missCnt=32 lastAccess=58731034509->58731235974
58731385824: system.l3cache.prefetcher: XPT_UPDATE: page=0x96000 idx=255 enabled=1 missCnt=32 lastAccess=58731235974->58731385824
58731535674: system.l3cache.prefetcher: XPT_UPDATE: page=0x96000 idx=255 enabled=1 missCnt=32 lastAccess=58731385824->58731535674
60444020808: system.l3cache.prefetcher: XPT_UPDATE: page=0x96000 idx=91 enabled=1 missCnt=32 lastAccess=58731535674->60444020808
60448895262: system.l3cache.prefetcher:   [EVICT] idx=82 page=0x96000 enabled=1 missCnt=32 lastAccess=60444020808
60649054902: system.l3cache.prefetcher: === XPTGuard === page=0x96000 asid=0 core=6 c=256/n=256 P=1.000 r=0.105 trig=YES vGLO=1
60649054902: system.l3cache.prefetcher: XPTGuard: page=0x96000 c=256 n=256 P=1.000 r=0.105 trig=1
60649054902: system.l3cache.prefetcher:   [INSERT] page=0x96000 -> table size: 256/256
60649281342: system.l3cache.prefetcher: XPT_UPDATE: page=0x96000 idx=255 enabled=0 missCnt=0 lastAccess=60649054902->60649281342
60649457832: system.l3cache.prefetcher: XPT_UPDATE: page=0x96000 idx=255 enabled=0 missCnt=1 lastAccess=60649281342->60649457832
60649634322: system.l3cache.prefetcher: XPT_UPDATE: page=0x96000 idx=255 enabled=0 missCnt=2 lastAccess=60649457832->60649634322
60649810812: system.l3cache.prefetcher: XPT_UPDATE: page=0x96000 idx=255 enabled=0 missCnt=3 lastAccess=60649634322->60649810812
60649987302: system.l3cache.prefetcher: XPT_UPDATE: page=0x96000 idx=255 enabled=0 missCnt=4 lastAccess=60649810812->60649987302
60650163792: system.l3cache.prefetcher: XPT_UPDATE: page=0x96000 idx=255 enabled=0 missCnt=5 lastAccess=60649987302->60650163792
60650340282: system.l3cache.prefetcher: XPT_UPDATE: page=0x96000 idx=255 enabled=0 missCnt=6 lastAccess=60650163792->60650340282
60650516772: system.l3cache.prefetcher: XPT_UPDATE: page=0x96000 idx=255 enabled=0 missCnt=7 lastAccess=60650340282->60650516772
60650693262: system.l3cache.prefetcher: XPT_UPDATE: page=0x96000 idx=255 enabled=0 missCnt=8 lastAccess=60650516772->60650693262
60650869752: system.l3cache.prefetcher: XPT_UPDATE: page=0x96000 idx=255 enabled=0 missCnt=9 lastAccess=60650693262->60650869752
60651046242: system.l3cache.prefetcher: XPT_UPDATE: page=0x96000 idx=255 enabled=0 missCnt=10 lastAccess=60650869752->60651046242
60651222732: system.l3cache.prefetcher: XPT_UPDATE: page=0x96000 idx=255 enabled=0 missCnt=11 lastAccess=60651046242->60651222732
60651399222: system.l3cache.prefetcher: XPT_UPDATE: page=0x96000 idx=255 enabled=0 missCnt=12 lastAccess=60651222732->60651399222
60651575712: system.l3cache.prefetcher: XPT_UPDATE: page=0x96000 idx=255 enabled=0 missCnt=13 lastAccess=60651399222->60651575712
60651752202: system.l3cache.prefetcher: XPT_UPDATE: page=0x96000 idx=255 enabled=0 missCnt=14 lastAccess=60651575712->60651752202
60651928692: system.l3cache.prefetcher: XPT_UPDATE: page=0x96000 idx=255 enabled=0 missCnt=15 lastAccess=60651752202->60651928692
60652130157: system.l3cache.prefetcher: XPT_UPDATE: page=0x96000 idx=255 enabled=0 missCnt=16 lastAccess=60651928692->60652130157
60652306647: system.l3cache.prefetcher: XPT_UPDATE: page=0x96000 idx=255 enabled=0 missCnt=17 lastAccess=60652130157->60652306647
60652483137: system.l3cache.prefetcher: XPT_UPDATE: page=0x96000 idx=255 enabled=0 missCnt=18 lastAccess=60652306647->60652483137
60652659627: system.l3cache.prefetcher: XPT_UPDATE: page=0x96000 idx=255 enabled=0 missCnt=19 lastAccess=60652483137->60652659627
60652836117: system.l3cache.prefetcher: XPT_UPDATE: page=0x96000 idx=255 enabled=0 missCnt=20 lastAccess=60652659627->60652836117
60653297655: system.l3cache.prefetcher: XPT_UPDATE: page=0x96000 idx=255 enabled=0 missCnt=21 lastAccess=60652836117->60653297655
60653474145: system.l3cache.prefetcher: XPT_UPDATE: page=0x96000 idx=255 enabled=0 missCnt=22 lastAccess=60653297655->60653474145
60653650635: system.l3cache.prefetcher: XPT_UPDATE: page=0x96000 idx=255 enabled=0 missCnt=23 lastAccess=60653474145->60653650635
60653827125: system.l3cache.prefetcher: XPT_UPDATE: page=0x96000 idx=255 enabled=0 missCnt=24 lastAccess=60653650635->60653827125
60654003615: system.l3cache.prefetcher: XPT_UPDATE: page=0x96000 idx=255 enabled=0 missCnt=25 lastAccess=60653827125->60654003615
60654180105: system.l3cache.prefetcher: XPT_UPDATE: page=0x96000 idx=255 enabled=0 missCnt=26 lastAccess=60654003615->60654180105
60654356595: system.l3cache.prefetcher: XPT_UPDATE: page=0x96000 idx=255 enabled=0 missCnt=27 lastAccess=60654180105->60654356595
60654533085: system.l3cache.prefetcher: XPT_UPDATE: page=0x96000 idx=255 enabled=0 missCnt=28 lastAccess=60654356595->60654533085
60654709575: system.l3cache.prefetcher: XPT_UPDATE: page=0x96000 idx=255 enabled=0 missCnt=29 lastAccess=60654533085->60654709575
60654886065: system.l3cache.prefetcher: XPT_UPDATE: page=0x96000 idx=255 enabled=0 missCnt=30 lastAccess=60654709575->60654886065
60655062555: system.l3cache.prefetcher: XPT_UPDATE: page=0x96000 idx=255 enabled=0 missCnt=31 lastAccess=60654886065->60655062555
60655239045: system.l3cache.prefetcher: XPT_UPDATE: page=0x96000 idx=255 enabled=1 missCnt=32 lastAccess=60655062555->60655239045
60655388895: system.l3cache.prefetcher: XPT_UPDATE: page=0x96000 idx=255 enabled=1 missCnt=32 lastAccess=60655239045->60655388895
60655538745: system.l3cache.prefetcher: XPT_UPDATE: page=0x96000 idx=255 enabled=1 missCnt=32 lastAccess=60655388895->60655538745
61246213812: system.l3cache.prefetcher:   [EVICT] idx=184 page=0x96000 enabled=1 missCnt=32 lastAccess=60655538745
62369920314: system.l3cache.prefetcher: === XPTGuard === page=0x96000 asid=0 core=6 c=256/n=256 P=1.000 r=0.437 trig=YES vGLO=1
62369920314: system.l3cache.prefetcher: XPTGuard: page=0x96000 c=256 n=256 P=1.000 r=0.437 trig=1
62369920314: system.l3cache.prefetcher:   [INSERT] page=0x96000 -> table size: 256/256
62392144068: system.l3cache.prefetcher:   [EVICT] idx=170 page=0x96000 enabled=0 missCnt=0 lastAccess=62369920314
62575119576: system.l3cache.prefetcher: === XPTGuard === page=0x96000 asid=0 core=6 c=256/n=256 P=1.000 r=0.746 trig=YES vGLO=1
62575119576: system.l3cache.prefetcher: XPTGuard: page=0x96000 c=256 n=256 P=1.000 r=0.746 trig=1
62575119576: system.l3cache.prefetcher:   [INSERT] page=0x96000 -> table size: 256/256
62575321041: system.l3cache.prefetcher: XPT_UPDATE: page=0x96000 idx=255 enabled=0 missCnt=0 lastAccess=62575119576->62575321041
62575497531: system.l3cache.prefetcher: XPT_UPDATE: page=0x96000 idx=255 enabled=0 missCnt=1 lastAccess=62575321041->62575497531
62575674021: system.l3cache.prefetcher: XPT_UPDATE: page=0x96000 idx=255 enabled=0 missCnt=2 lastAccess=62575497531->62575674021
62575850511: system.l3cache.prefetcher: XPT_UPDATE: page=0x96000 idx=255 enabled=0 missCnt=3 lastAccess=62575674021->62575850511
62576027001: system.l3cache.prefetcher: XPT_UPDATE: page=0x96000 idx=255 enabled=0 missCnt=4 lastAccess=62575850511->62576027001
62576203491: system.l3cache.prefetcher: XPT_UPDATE: page=0x96000 idx=255 enabled=0 missCnt=5 lastAccess=62576027001->62576203491
62576379981: system.l3cache.prefetcher: XPT_UPDATE: page=0x96000 idx=255 enabled=0 missCnt=6 lastAccess=62576203491->62576379981
62576556471: system.l3cache.prefetcher: XPT_UPDATE: page=0x96000 idx=255 enabled=0 missCnt=7 lastAccess=62576379981->62576556471
62576732961: system.l3cache.prefetcher: XPT_UPDATE: page=0x96000 idx=255 enabled=0 missCnt=8 lastAccess=62576556471->62576732961
62576909451: system.l3cache.prefetcher: XPT_UPDATE: page=0x96000 idx=255 enabled=0 missCnt=9 lastAccess=62576732961->62576909451
62577085941: system.l3cache.prefetcher: XPT_UPDATE: page=0x96000 idx=255 enabled=0 missCnt=10 lastAccess=62576909451->62577085941
62577262431: system.l3cache.prefetcher: XPT_UPDATE: page=0x96000 idx=255 enabled=0 missCnt=11 lastAccess=62577085941->62577262431
62577438921: system.l3cache.prefetcher: XPT_UPDATE: page=0x96000 idx=255 enabled=0 missCnt=12 lastAccess=62577262431->62577438921
62577615411: system.l3cache.prefetcher: XPT_UPDATE: page=0x96000 idx=255 enabled=0 missCnt=13 lastAccess=62577438921->62577615411
62577791901: system.l3cache.prefetcher: XPT_UPDATE: page=0x96000 idx=255 enabled=0 missCnt=14 lastAccess=62577615411->62577791901
62577968391: system.l3cache.prefetcher: XPT_UPDATE: page=0x96000 idx=255 enabled=0 missCnt=15 lastAccess=62577791901->62577968391
62578169856: system.l3cache.prefetcher: XPT_UPDATE: page=0x96000 idx=255 enabled=0 missCnt=16 lastAccess=62577968391->62578169856
62578346346: system.l3cache.prefetcher: XPT_UPDATE: page=0x96000 idx=255 enabled=0 missCnt=17 lastAccess=62578169856->62578346346
62578522836: system.l3cache.prefetcher: XPT_UPDATE: page=0x96000 idx=255 enabled=0 missCnt=18 lastAccess=62578346346->62578522836
62578699326: system.l3cache.prefetcher: XPT_UPDATE: page=0x96000 idx=255 enabled=0 missCnt=19 lastAccess=62578522836->62578699326
62578875816: system.l3cache.prefetcher: XPT_UPDATE: page=0x96000 idx=255 enabled=0 missCnt=20 lastAccess=62578699326->62578875816
62579052306: system.l3cache.prefetcher: XPT_UPDATE: page=0x96000 idx=255 enabled=0 missCnt=21 lastAccess=62578875816->62579052306
62579228796: system.l3cache.prefetcher: XPT_UPDATE: page=0x96000 idx=255 enabled=0 missCnt=22 lastAccess=62579052306->62579228796
62579405286: system.l3cache.prefetcher: XPT_UPDATE: page=0x96000 idx=255 enabled=0 missCnt=23 lastAccess=62579228796->62579405286
62579581776: system.l3cache.prefetcher: XPT_UPDATE: page=0x96000 idx=255 enabled=0 missCnt=24 lastAccess=62579405286->62579581776
62579758266: system.l3cache.prefetcher: XPT_UPDATE: page=0x96000 idx=255 enabled=0 missCnt=25 lastAccess=62579581776->62579758266
62579934756: system.l3cache.prefetcher: XPT_UPDATE: page=0x96000 idx=255 enabled=0 missCnt=26 lastAccess=62579758266->62579934756
62580111246: system.l3cache.prefetcher: XPT_UPDATE: page=0x96000 idx=255 enabled=0 missCnt=27 lastAccess=62579934756->62580111246
62580287736: system.l3cache.prefetcher: XPT_UPDATE: page=0x96000 idx=255 enabled=0 missCnt=28 lastAccess=62580111246->62580287736
62580464226: system.l3cache.prefetcher: XPT_UPDATE: page=0x96000 idx=255 enabled=0 missCnt=29 lastAccess=62580287736->62580464226
62580640716: system.l3cache.prefetcher: XPT_UPDATE: page=0x96000 idx=255 enabled=0 missCnt=30 lastAccess=62580464226->62580640716
62580817206: system.l3cache.prefetcher: XPT_UPDATE: page=0x96000 idx=255 enabled=0 missCnt=31 lastAccess=62580640716->62580817206
62581018671: system.l3cache.prefetcher: XPT_UPDATE: page=0x96000 idx=255 enabled=1 missCnt=32 lastAccess=62580817206->62581018671
62581497858: system.l3cache.prefetcher: XPT_UPDATE: page=0x96000 idx=255 enabled=1 missCnt=32 lastAccess=62581018671->62581497858
62581647708: system.l3cache.prefetcher: XPT_UPDATE: page=0x96000 idx=255 enabled=1 missCnt=32 lastAccess=62581497858->62581647708
63179030394: system.l3cache.prefetcher:   [EVICT] idx=181 page=0x96000 enabled=1 missCnt=32 lastAccess=62581647708
64294743231: system.l3cache.prefetcher: === XPTGuard === page=0x96000 asid=0 core=6 c=256/n=256 P=1.000 r=0.288 trig=YES vGLO=1
64294743231: system.l3cache.prefetcher: XPTGuard: page=0x96000 c=256 n=256 P=1.000 r=0.288 trig=1
64294743231: system.l3cache.prefetcher:   [INSERT] page=0x96000 -> table size: 256/256
64305180117: system.l3cache.prefetcher:   [EVICT] idx=208 page=0x96000 enabled=0 missCnt=0 lastAccess=64294743231
64499789979: system.l3cache.prefetcher: === XPTGuard === page=0x96000 asid=0 core=6 c=256/n=256 P=1.000 r=0.047 trig=YES vGLO=1
64499789979: system.l3cache.prefetcher: XPTGuard: page=0x96000 c=256 n=256 P=1.000 r=0.047 trig=1
64499789979: system.l3cache.prefetcher:   [INSERT] page=0x96000 -> table size: 256/256
64500016419: system.l3cache.prefetcher: XPT_UPDATE: page=0x96000 idx=255 enabled=0 missCnt=0 lastAccess=64499789979->64500016419
64500192909: system.l3cache.prefetcher: XPT_UPDATE: page=0x96000 idx=255 enabled=0 missCnt=1 lastAccess=64500016419->64500192909
64500369399: system.l3cache.prefetcher: XPT_UPDATE: page=0x96000 idx=255 enabled=0 missCnt=2 lastAccess=64500192909->64500369399
64500545889: system.l3cache.prefetcher: XPT_UPDATE: page=0x96000 idx=255 enabled=0 missCnt=3 lastAccess=64500369399->64500545889
64500722379: system.l3cache.prefetcher: XPT_UPDATE: page=0x96000 idx=255 enabled=0 missCnt=4 lastAccess=64500545889->64500722379
64500898869: system.l3cache.prefetcher: XPT_UPDATE: page=0x96000 idx=255 enabled=0 missCnt=5 lastAccess=64500722379->64500898869
64501075359: system.l3cache.prefetcher: XPT_UPDATE: page=0x96000 idx=255 enabled=0 missCnt=6 lastAccess=64500898869->64501075359
64501251849: system.l3cache.prefetcher: XPT_UPDATE: page=0x96000 idx=255 enabled=0 missCnt=7 lastAccess=64501075359->64501251849
64501428339: system.l3cache.prefetcher: XPT_UPDATE: page=0x96000 idx=255 enabled=0 missCnt=8 lastAccess=64501251849->64501428339
64501922844: system.l3cache.prefetcher: XPT_UPDATE: page=0x96000 idx=255 enabled=0 missCnt=9 lastAccess=64501428339->64501922844
64502099334: system.l3cache.prefetcher: XPT_UPDATE: page=0x96000 idx=255 enabled=0 missCnt=10 lastAccess=64501922844->64502099334
64502275824: system.l3cache.prefetcher: XPT_UPDATE: page=0x96000 idx=255 enabled=0 missCnt=11 lastAccess=64502099334->64502275824
64502452314: system.l3cache.prefetcher: XPT_UPDATE: page=0x96000 idx=255 enabled=0 missCnt=12 lastAccess=64502275824->64502452314
64502628804: system.l3cache.prefetcher: XPT_UPDATE: page=0x96000 idx=255 enabled=0 missCnt=13 lastAccess=64502452314->64502628804
64502805294: system.l3cache.prefetcher: XPT_UPDATE: page=0x96000 idx=255 enabled=0 missCnt=14 lastAccess=64502628804->64502805294
64502981784: system.l3cache.prefetcher: XPT_UPDATE: page=0x96000 idx=255 enabled=0 missCnt=15 lastAccess=64502805294->64502981784
64503158274: system.l3cache.prefetcher: XPT_UPDATE: page=0x96000 idx=255 enabled=0 missCnt=16 lastAccess=64502981784->64503158274
64503334764: system.l3cache.prefetcher: XPT_UPDATE: page=0x96000 idx=255 enabled=0 missCnt=17 lastAccess=64503158274->64503334764
64503511254: system.l3cache.prefetcher: XPT_UPDATE: page=0x96000 idx=255 enabled=0 missCnt=18 lastAccess=64503334764->64503511254
64503687744: system.l3cache.prefetcher: XPT_UPDATE: page=0x96000 idx=255 enabled=0 missCnt=19 lastAccess=64503511254->64503687744
64503864234: system.l3cache.prefetcher: XPT_UPDATE: page=0x96000 idx=255 enabled=0 missCnt=20 lastAccess=64503687744->64503864234
64504040724: system.l3cache.prefetcher: XPT_UPDATE: page=0x96000 idx=255 enabled=0 missCnt=21 lastAccess=64503864234->64504040724
64504217214: system.l3cache.prefetcher: XPT_UPDATE: page=0x96000 idx=255 enabled=0 missCnt=22 lastAccess=64504040724->64504217214
64504393704: system.l3cache.prefetcher: XPT_UPDATE: page=0x96000 idx=255 enabled=0 missCnt=23 lastAccess=64504217214->64504393704
64504570194: system.l3cache.prefetcher: XPT_UPDATE: page=0x96000 idx=255 enabled=0 missCnt=24 lastAccess=64504393704->64504570194
64504771659: system.l3cache.prefetcher: XPT_UPDATE: page=0x96000 idx=255 enabled=0 missCnt=25 lastAccess=64504570194->64504771659
64504948149: system.l3cache.prefetcher: XPT_UPDATE: page=0x96000 idx=255 enabled=0 missCnt=26 lastAccess=64504771659->64504948149
64505124639: system.l3cache.prefetcher: XPT_UPDATE: page=0x96000 idx=255 enabled=0 missCnt=27 lastAccess=64504948149->64505124639
64505301129: system.l3cache.prefetcher: XPT_UPDATE: page=0x96000 idx=255 enabled=0 missCnt=28 lastAccess=64505124639->64505301129
64505477619: system.l3cache.prefetcher: XPT_UPDATE: page=0x96000 idx=255 enabled=0 missCnt=29 lastAccess=64505301129->64505477619
64505654109: system.l3cache.prefetcher: XPT_UPDATE: page=0x96000 idx=255 enabled=0 missCnt=30 lastAccess=64505477619->64505654109
64505830599: system.l3cache.prefetcher: XPT_UPDATE: page=0x96000 idx=255 enabled=0 missCnt=31 lastAccess=64505654109->64505830599
64506007089: system.l3cache.prefetcher: XPT_UPDATE: page=0x96000 idx=255 enabled=1 missCnt=32 lastAccess=64505830599->64506007089
64506156939: system.l3cache.prefetcher: XPT_UPDATE: page=0x96000 idx=255 enabled=1 missCnt=32 lastAccess=64506007089->64506156939
64506306789: system.l3cache.prefetcher: XPT_UPDATE: page=0x96000 idx=255 enabled=1 missCnt=32 lastAccess=64506156939->64506306789
66222102942: system.l3cache.prefetcher: XPT_UPDATE: page=0x96000 idx=106 enabled=1 missCnt=32 lastAccess=64506306789->66222102942
66260800872: system.l3cache.prefetcher:   [EVICT] idx=56 page=0x96000 enabled=1 missCnt=32 lastAccess=66222102942
66427037802: system.l3cache.prefetcher: === XPTGuard === page=0x96000 asid=0 core=6 c=256/n=256 P=1.000 r=0.106 trig=YES vGLO=1
66427037802: system.l3cache.prefetcher: XPTGuard: page=0x96000 c=256 n=256 P=1.000 r=0.106 trig=1
66427037802: system.l3cache.prefetcher:   [INSERT] page=0x96000 -> table size: 256/256
66427264242: system.l3cache.prefetcher: XPT_UPDATE: page=0x96000 idx=255 enabled=0 missCnt=0 lastAccess=66427037802->66427264242
66427440732: system.l3cache.prefetcher: XPT_UPDATE: page=0x96000 idx=255 enabled=0 missCnt=1 lastAccess=66427264242->66427440732
66427617222: system.l3cache.prefetcher: XPT_UPDATE: page=0x96000 idx=255 enabled=0 missCnt=2 lastAccess=66427440732->66427617222
66427793712: system.l3cache.prefetcher: XPT_UPDATE: page=0x96000 idx=255 enabled=0 missCnt=3 lastAccess=66427617222->66427793712
66427970202: system.l3cache.prefetcher: XPT_UPDATE: page=0x96000 idx=255 enabled=0 missCnt=4 lastAccess=66427793712->66427970202
66428146692: system.l3cache.prefetcher: XPT_UPDATE: page=0x96000 idx=255 enabled=0 missCnt=5 lastAccess=66427970202->66428146692
66428323182: system.l3cache.prefetcher: XPT_UPDATE: page=0x96000 idx=255 enabled=0 missCnt=6 lastAccess=66428146692->66428323182
66428499672: system.l3cache.prefetcher: XPT_UPDATE: page=0x96000 idx=255 enabled=0 missCnt=7 lastAccess=66428323182->66428499672
66428676162: system.l3cache.prefetcher: XPT_UPDATE: page=0x96000 idx=255 enabled=0 missCnt=8 lastAccess=66428499672->66428676162
66428852652: system.l3cache.prefetcher: XPT_UPDATE: page=0x96000 idx=255 enabled=0 missCnt=9 lastAccess=66428676162->66428852652
66429029142: system.l3cache.prefetcher: XPT_UPDATE: page=0x96000 idx=255 enabled=0 missCnt=10 lastAccess=66428852652->66429029142
66429205632: system.l3cache.prefetcher: XPT_UPDATE: page=0x96000 idx=255 enabled=0 missCnt=11 lastAccess=66429029142->66429205632
66429382122: system.l3cache.prefetcher: XPT_UPDATE: page=0x96000 idx=255 enabled=0 missCnt=12 lastAccess=66429205632->66429382122
66429558612: system.l3cache.prefetcher: XPT_UPDATE: page=0x96000 idx=255 enabled=0 missCnt=13 lastAccess=66429382122->66429558612
66430122714: system.l3cache.prefetcher: XPT_UPDATE: page=0x96000 idx=255 enabled=0 missCnt=14 lastAccess=66429558612->66430122714
66430299204: system.l3cache.prefetcher: XPT_UPDATE: page=0x96000 idx=255 enabled=0 missCnt=15 lastAccess=66430122714->66430299204
66430475694: system.l3cache.prefetcher: XPT_UPDATE: page=0x96000 idx=255 enabled=0 missCnt=16 lastAccess=66430299204->66430475694
66430652184: system.l3cache.prefetcher: XPT_UPDATE: page=0x96000 idx=255 enabled=0 missCnt=17 lastAccess=66430475694->66430652184
66430828674: system.l3cache.prefetcher: XPT_UPDATE: page=0x96000 idx=255 enabled=0 missCnt=18 lastAccess=66430652184->66430828674
66431005164: system.l3cache.prefetcher: XPT_UPDATE: page=0x96000 idx=255 enabled=0 missCnt=19 lastAccess=66430828674->66431005164
66431181654: system.l3cache.prefetcher: XPT_UPDATE: page=0x96000 idx=255 enabled=0 missCnt=20 lastAccess=66431005164->66431181654
66431358144: system.l3cache.prefetcher: XPT_UPDATE: page=0x96000 idx=255 enabled=0 missCnt=21 lastAccess=66431181654->66431358144
66431534634: system.l3cache.prefetcher: XPT_UPDATE: page=0x96000 idx=255 enabled=0 missCnt=22 lastAccess=66431358144->66431534634
66431711124: system.l3cache.prefetcher: XPT_UPDATE: page=0x96000 idx=255 enabled=0 missCnt=23 lastAccess=66431534634->66431711124
66431887614: system.l3cache.prefetcher: XPT_UPDATE: page=0x96000 idx=255 enabled=0 missCnt=24 lastAccess=66431711124->66431887614
66432064104: system.l3cache.prefetcher: XPT_UPDATE: page=0x96000 idx=255 enabled=0 missCnt=25 lastAccess=66431887614->66432064104
66432240594: system.l3cache.prefetcher: XPT_UPDATE: page=0x96000 idx=255 enabled=0 missCnt=26 lastAccess=66432064104->66432240594
66432417084: system.l3cache.prefetcher: XPT_UPDATE: page=0x96000 idx=255 enabled=0 missCnt=27 lastAccess=66432240594->66432417084
66432593574: system.l3cache.prefetcher: XPT_UPDATE: page=0x96000 idx=255 enabled=0 missCnt=28 lastAccess=66432417084->66432593574
66432770064: system.l3cache.prefetcher: XPT_UPDATE: page=0x96000 idx=255 enabled=0 missCnt=29 lastAccess=66432593574->66432770064
66432971529: system.l3cache.prefetcher: XPT_UPDATE: page=0x96000 idx=255 enabled=0 missCnt=30 lastAccess=66432770064->66432971529
66433148019: system.l3cache.prefetcher: XPT_UPDATE: page=0x96000 idx=255 enabled=0 missCnt=31 lastAccess=66432971529->66433148019
66433324509: system.l3cache.prefetcher: XPT_UPDATE: page=0x96000 idx=255 enabled=1 missCnt=32 lastAccess=66433148019->66433324509
66433474359: system.l3cache.prefetcher: XPT_UPDATE: page=0x96000 idx=255 enabled=1 missCnt=32 lastAccess=66433324509->66433474359
66433624209: system.l3cache.prefetcher: XPT_UPDATE: page=0x96000 idx=255 enabled=1 missCnt=32 lastAccess=66433474359->66433624209
67656393549: system.l3cache.prefetcher:   [EVICT] idx=122 page=0x96000 enabled=1 missCnt=32 lastAccess=66433624209
68147559225: system.l3cache.prefetcher: === XPTGuard === page=0x96000 asid=0 core=6 c=256/n=256 P=1.000 r=0.510 trig=YES vGLO=1
68147559225: system.l3cache.prefetcher: XPTGuard: page=0x96000 c=256 n=256 P=1.000 r=0.510 trig=1
68147559225: system.l3cache.prefetcher:   [INSERT] page=0x96000 -> table size: 256/256
68225504202: system.l3cache.prefetcher:   [EVICT] idx=54 page=0x96000 enabled=0 missCnt=0 lastAccess=68147559225
68352536043: system.l3cache.prefetcher: === XPTGuard === page=0x96000 asid=0 core=6 c=256/n=256 P=1.000 r=0.466 trig=YES vGLO=1
68352536043: system.l3cache.prefetcher: XPTGuard: page=0x96000 c=256 n=256 P=1.000 r=0.466 trig=1
68352536043: system.l3cache.prefetcher:   [INSERT] page=0x96000 -> table size: 256/256
68352737508: system.l3cache.prefetcher: XPT_UPDATE: page=0x96000 idx=255 enabled=0 missCnt=0 lastAccess=68352536043->68352737508
68352913998: system.l3cache.prefetcher: XPT_UPDATE: page=0x96000 idx=255 enabled=0 missCnt=1 lastAccess=68352737508->68352913998
68353090488: system.l3cache.prefetcher: XPT_UPDATE: page=0x96000 idx=255 enabled=0 missCnt=2 lastAccess=68352913998->68353090488
68353266978: system.l3cache.prefetcher: XPT_UPDATE: page=0x96000 idx=255 enabled=0 missCnt=3 lastAccess=68353090488->68353266978
68353443468: system.l3cache.prefetcher: XPT_UPDATE: page=0x96000 idx=255 enabled=0 missCnt=4 lastAccess=68353266978->68353443468
68353619958: system.l3cache.prefetcher: XPT_UPDATE: page=0x96000 idx=255 enabled=0 missCnt=5 lastAccess=68353443468->68353619958
68353796448: system.l3cache.prefetcher: XPT_UPDATE: page=0x96000 idx=255 enabled=0 missCnt=6 lastAccess=68353619958->68353796448
68353972938: system.l3cache.prefetcher: XPT_UPDATE: page=0x96000 idx=255 enabled=0 missCnt=7 lastAccess=68353796448->68353972938
68354149428: system.l3cache.prefetcher: XPT_UPDATE: page=0x96000 idx=255 enabled=0 missCnt=8 lastAccess=68353972938->68354149428
68354325918: system.l3cache.prefetcher: XPT_UPDATE: page=0x96000 idx=255 enabled=0 missCnt=9 lastAccess=68354149428->68354325918
68354502408: system.l3cache.prefetcher: XPT_UPDATE: page=0x96000 idx=255 enabled=0 missCnt=10 lastAccess=68354325918->68354502408
68354678898: system.l3cache.prefetcher: XPT_UPDATE: page=0x96000 idx=255 enabled=0 missCnt=11 lastAccess=68354502408->68354678898
68354855388: system.l3cache.prefetcher: XPT_UPDATE: page=0x96000 idx=255 enabled=0 missCnt=12 lastAccess=68354678898->68354855388
68355031878: system.l3cache.prefetcher: XPT_UPDATE: page=0x96000 idx=255 enabled=0 missCnt=13 lastAccess=68354855388->68355031878
68355208368: system.l3cache.prefetcher: XPT_UPDATE: page=0x96000 idx=255 enabled=0 missCnt=14 lastAccess=68355031878->68355208368
68355384858: system.l3cache.prefetcher: XPT_UPDATE: page=0x96000 idx=255 enabled=0 missCnt=15 lastAccess=68355208368->68355384858
68355586323: system.l3cache.prefetcher: XPT_UPDATE: page=0x96000 idx=255 enabled=0 missCnt=16 lastAccess=68355384858->68355586323
68355762813: system.l3cache.prefetcher: XPT_UPDATE: page=0x96000 idx=255 enabled=0 missCnt=17 lastAccess=68355586323->68355762813
68355939303: system.l3cache.prefetcher: XPT_UPDATE: page=0x96000 idx=255 enabled=0 missCnt=18 lastAccess=68355762813->68355939303
68356115793: system.l3cache.prefetcher: XPT_UPDATE: page=0x96000 idx=255 enabled=0 missCnt=19 lastAccess=68355939303->68356115793
68356292283: system.l3cache.prefetcher: XPT_UPDATE: page=0x96000 idx=255 enabled=0 missCnt=20 lastAccess=68356115793->68356292283
68356468773: system.l3cache.prefetcher: XPT_UPDATE: page=0x96000 idx=255 enabled=0 missCnt=21 lastAccess=68356292283->68356468773
68356645263: system.l3cache.prefetcher: XPT_UPDATE: page=0x96000 idx=255 enabled=0 missCnt=22 lastAccess=68356468773->68356645263
68356821753: system.l3cache.prefetcher: XPT_UPDATE: page=0x96000 idx=255 enabled=0 missCnt=23 lastAccess=68356645263->68356821753
68356998243: system.l3cache.prefetcher: XPT_UPDATE: page=0x96000 idx=255 enabled=0 missCnt=24 lastAccess=68356821753->68356998243
68357174733: system.l3cache.prefetcher: XPT_UPDATE: page=0x96000 idx=255 enabled=0 missCnt=25 lastAccess=68356998243->68357174733
68357351223: system.l3cache.prefetcher: XPT_UPDATE: page=0x96000 idx=255 enabled=0 missCnt=26 lastAccess=68357174733->68357351223
68357527713: system.l3cache.prefetcher: XPT_UPDATE: page=0x96000 idx=255 enabled=0 missCnt=27 lastAccess=68357351223->68357527713
68357704203: system.l3cache.prefetcher: XPT_UPDATE: page=0x96000 idx=255 enabled=0 missCnt=28 lastAccess=68357527713->68357704203
68357880693: system.l3cache.prefetcher: XPT_UPDATE: page=0x96000 idx=255 enabled=0 missCnt=29 lastAccess=68357704203->68357880693
68358322917: system.l3cache.prefetcher: XPT_UPDATE: page=0x96000 idx=255 enabled=0 missCnt=30 lastAccess=68357880693->68358322917
68358499407: system.l3cache.prefetcher: XPT_UPDATE: page=0x96000 idx=255 enabled=0 missCnt=31 lastAccess=68358322917->68358499407
68358675897: system.l3cache.prefetcher: XPT_UPDATE: page=0x96000 idx=255 enabled=1 missCnt=32 lastAccess=68358499407->68358675897
68358825747: system.l3cache.prefetcher: XPT_UPDATE: page=0x96000 idx=255 enabled=1 missCnt=32 lastAccess=68358675897->68358825747
68358975597: system.l3cache.prefetcher: XPT_UPDATE: page=0x96000 idx=255 enabled=1 missCnt=32 lastAccess=68358825747->68358975597
69936131529: system.l3cache.prefetcher:   [EVICT] idx=99 page=0x96000 enabled=1 missCnt=32 lastAccess=68358975597
70073684838: system.l3cache.prefetcher: === XPTGuard === page=0x96000 asid=0 core=6 c=256/n=256 P=1.000 r=0.549 trig=YES vGLO=1
70073684838: system.l3cache.prefetcher: XPTGuard: page=0x96000 c=256 n=256 P=1.000 r=0.549 trig=1
70073684838: system.l3cache.prefetcher:   [INSERT] page=0x96000 -> table size: 256/256
70137793332: system.l3cache.prefetcher:   [EVICT] idx=77 page=0x96000 enabled=0 missCnt=0 lastAccess=70073684838
70280144838: system.l3cache.prefetcher: === XPTGuard === page=0x96000 asid=0 core=6 c=256/n=256 P=1.000 r=0.950 trig=YES vGLO=1
70280144838: system.l3cache.prefetcher: XPTGuard: page=0x96000 c=256 n=256 P=1.000 r=0.950 trig=1
70280144838: system.l3cache.prefetcher:   [INSERT] page=0x96000 -> table size: 256/256
70280346303: system.l3cache.prefetcher: XPT_UPDATE: page=0x96000 idx=255 enabled=0 missCnt=0 lastAccess=70280144838->70280346303
70280522793: system.l3cache.prefetcher: XPT_UPDATE: page=0x96000 idx=255 enabled=0 missCnt=1 lastAccess=70280346303->70280522793
70280699283: system.l3cache.prefetcher: XPT_UPDATE: page=0x96000 idx=255 enabled=0 missCnt=2 lastAccess=70280522793->70280699283
70280875773: system.l3cache.prefetcher: XPT_UPDATE: page=0x96000 idx=255 enabled=0 missCnt=3 lastAccess=70280699283->70280875773
70281052263: system.l3cache.prefetcher: XPT_UPDATE: page=0x96000 idx=255 enabled=0 missCnt=4 lastAccess=70280875773->70281052263
70281228753: system.l3cache.prefetcher: XPT_UPDATE: page=0x96000 idx=255 enabled=0 missCnt=5 lastAccess=70281052263->70281228753
70281405243: system.l3cache.prefetcher: XPT_UPDATE: page=0x96000 idx=255 enabled=0 missCnt=6 lastAccess=70281228753->70281405243
70281581733: system.l3cache.prefetcher: XPT_UPDATE: page=0x96000 idx=255 enabled=0 missCnt=7 lastAccess=70281405243->70281581733
70281758223: system.l3cache.prefetcher: XPT_UPDATE: page=0x96000 idx=255 enabled=0 missCnt=8 lastAccess=70281581733->70281758223
70281934713: system.l3cache.prefetcher: XPT_UPDATE: page=0x96000 idx=255 enabled=0 missCnt=9 lastAccess=70281758223->70281934713
70282111203: system.l3cache.prefetcher: XPT_UPDATE: page=0x96000 idx=255 enabled=0 missCnt=10 lastAccess=70281934713->70282111203
70282287693: system.l3cache.prefetcher: XPT_UPDATE: page=0x96000 idx=255 enabled=0 missCnt=11 lastAccess=70282111203->70282287693
70282464183: system.l3cache.prefetcher: XPT_UPDATE: page=0x96000 idx=255 enabled=0 missCnt=12 lastAccess=70282287693->70282464183
70282640673: system.l3cache.prefetcher: XPT_UPDATE: page=0x96000 idx=255 enabled=0 missCnt=13 lastAccess=70282464183->70282640673
70282817163: system.l3cache.prefetcher: XPT_UPDATE: page=0x96000 idx=255 enabled=0 missCnt=14 lastAccess=70282640673->70282817163
70282993653: system.l3cache.prefetcher: XPT_UPDATE: page=0x96000 idx=255 enabled=0 missCnt=15 lastAccess=70282817163->70282993653
70283195118: system.l3cache.prefetcher: XPT_UPDATE: page=0x96000 idx=255 enabled=0 missCnt=16 lastAccess=70282993653->70283195118
70283371608: system.l3cache.prefetcher: XPT_UPDATE: page=0x96000 idx=255 enabled=0 missCnt=17 lastAccess=70283195118->70283371608
70283548098: system.l3cache.prefetcher: XPT_UPDATE: page=0x96000 idx=255 enabled=0 missCnt=18 lastAccess=70283371608->70283548098
70283724588: system.l3cache.prefetcher: XPT_UPDATE: page=0x96000 idx=255 enabled=0 missCnt=19 lastAccess=70283548098->70283724588
70283901078: system.l3cache.prefetcher: XPT_UPDATE: page=0x96000 idx=255 enabled=0 missCnt=20 lastAccess=70283724588->70283901078
70284077568: system.l3cache.prefetcher: XPT_UPDATE: page=0x96000 idx=255 enabled=0 missCnt=21 lastAccess=70283901078->70284077568
70284254058: system.l3cache.prefetcher: XPT_UPDATE: page=0x96000 idx=255 enabled=0 missCnt=22 lastAccess=70284077568->70284254058
70284430548: system.l3cache.prefetcher: XPT_UPDATE: page=0x96000 idx=255 enabled=0 missCnt=23 lastAccess=70284254058->70284430548
70284607038: system.l3cache.prefetcher: XPT_UPDATE: page=0x96000 idx=255 enabled=0 missCnt=24 lastAccess=70284430548->70284607038
70284783528: system.l3cache.prefetcher: XPT_UPDATE: page=0x96000 idx=255 enabled=0 missCnt=25 lastAccess=70284607038->70284783528
70284960018: system.l3cache.prefetcher: XPT_UPDATE: page=0x96000 idx=255 enabled=0 missCnt=26 lastAccess=70284783528->70284960018
70285136508: system.l3cache.prefetcher: XPT_UPDATE: page=0x96000 idx=255 enabled=0 missCnt=27 lastAccess=70284960018->70285136508
70285312998: system.l3cache.prefetcher: XPT_UPDATE: page=0x96000 idx=255 enabled=0 missCnt=28 lastAccess=70285136508->70285312998
70285489488: system.l3cache.prefetcher: XPT_UPDATE: page=0x96000 idx=255 enabled=0 missCnt=29 lastAccess=70285312998->70285489488
70285665978: system.l3cache.prefetcher: XPT_UPDATE: page=0x96000 idx=255 enabled=0 missCnt=30 lastAccess=70285489488->70285665978
70285842468: system.l3cache.prefetcher: XPT_UPDATE: page=0x96000 idx=255 enabled=0 missCnt=31 lastAccess=70285665978->70285842468
70286043933: system.l3cache.prefetcher: XPT_UPDATE: page=0x96000 idx=255 enabled=1 missCnt=32 lastAccess=70285842468->70286043933
70286522787: system.l3cache.prefetcher: XPT_UPDATE: page=0x96000 idx=255 enabled=1 missCnt=32 lastAccess=70286043933->70286522787
70286672637: system.l3cache.prefetcher: XPT_UPDATE: page=0x96000 idx=255 enabled=1 missCnt=32 lastAccess=70286522787->70286672637
70898190507: system.l3cache.prefetcher:   [EVICT] idx=175 page=0x96000 enabled=1 missCnt=32 lastAccess=70286672637
72001179081: system.l3cache.prefetcher: === XPTGuard === page=0x96000 asid=0 core=6 c=256/n=256 P=1.000 r=0.113 trig=YES vGLO=1
72001179081: system.l3cache.prefetcher: XPTGuard: page=0x96000 c=256 n=256 P=1.000 r=0.113 trig=1
72001179081: system.l3cache.prefetcher:   [INSERT] page=0x96000 -> table size: 256/256
72002406519: system.l3cache.prefetcher:   [EVICT] idx=253 page=0x96000 enabled=0 missCnt=0 lastAccess=72001179081
72206178543: system.l3cache.prefetcher: === XPTGuard === page=0x96000 asid=0 core=6 c=256/n=256 P=1.000 r=0.489 trig=YES vGLO=1
72206178543: system.l3cache.prefetcher: XPTGuard: page=0x96000 c=256 n=256 P=1.000 r=0.489 trig=1
72206178543: system.l3cache.prefetcher:   [INSERT] page=0x96000 -> table size: 256/256
72206404983: system.l3cache.prefetcher: XPT_UPDATE: page=0x96000 idx=255 enabled=0 missCnt=0 lastAccess=72206178543->72206404983
72206947773: system.l3cache.prefetcher: XPT_UPDATE: page=0x96000 idx=255 enabled=0 missCnt=1 lastAccess=72206404983->72206947773
72207124263: system.l3cache.prefetcher: XPT_UPDATE: page=0x96000 idx=255 enabled=0 missCnt=2 lastAccess=72206947773->72207124263
72207300753: system.l3cache.prefetcher: XPT_UPDATE: page=0x96000 idx=255 enabled=0 missCnt=3 lastAccess=72207124263->72207300753
72207477243: system.l3cache.prefetcher: XPT_UPDATE: page=0x96000 idx=255 enabled=0 missCnt=4 lastAccess=72207300753->72207477243
72207653733: system.l3cache.prefetcher: XPT_UPDATE: page=0x96000 idx=255 enabled=0 missCnt=5 lastAccess=72207477243->72207653733
72207830223: system.l3cache.prefetcher: XPT_UPDATE: page=0x96000 idx=255 enabled=0 missCnt=6 lastAccess=72207653733->72207830223
72208006713: system.l3cache.prefetcher: XPT_UPDATE: page=0x96000 idx=255 enabled=0 missCnt=7 lastAccess=72207830223->72208006713
72208183203: system.l3cache.prefetcher: XPT_UPDATE: page=0x96000 idx=255 enabled=0 missCnt=8 lastAccess=72208006713->72208183203
72208359693: system.l3cache.prefetcher: XPT_UPDATE: page=0x96000 idx=255 enabled=0 missCnt=9 lastAccess=72208183203->72208359693
72208536183: system.l3cache.prefetcher: XPT_UPDATE: page=0x96000 idx=255 enabled=0 missCnt=10 lastAccess=72208359693->72208536183
72208712673: system.l3cache.prefetcher: XPT_UPDATE: page=0x96000 idx=255 enabled=0 missCnt=11 lastAccess=72208536183->72208712673
72208889163: system.l3cache.prefetcher: XPT_UPDATE: page=0x96000 idx=255 enabled=0 missCnt=12 lastAccess=72208712673->72208889163
72209065653: system.l3cache.prefetcher: XPT_UPDATE: page=0x96000 idx=255 enabled=0 missCnt=13 lastAccess=72208889163->72209065653
72209242143: system.l3cache.prefetcher: XPT_UPDATE: page=0x96000 idx=255 enabled=0 missCnt=14 lastAccess=72209065653->72209242143
72209418633: system.l3cache.prefetcher: XPT_UPDATE: page=0x96000 idx=255 enabled=0 missCnt=15 lastAccess=72209242143->72209418633
72209595123: system.l3cache.prefetcher: XPT_UPDATE: page=0x96000 idx=255 enabled=0 missCnt=16 lastAccess=72209418633->72209595123
72209796588: system.l3cache.prefetcher: XPT_UPDATE: page=0x96000 idx=255 enabled=0 missCnt=17 lastAccess=72209595123->72209796588
72209973078: system.l3cache.prefetcher: XPT_UPDATE: page=0x96000 idx=255 enabled=0 missCnt=18 lastAccess=72209796588->72209973078
72210149568: system.l3cache.prefetcher: XPT_UPDATE: page=0x96000 idx=255 enabled=0 missCnt=19 lastAccess=72209973078->72210149568
72210326058: system.l3cache.prefetcher: XPT_UPDATE: page=0x96000 idx=255 enabled=0 missCnt=20 lastAccess=72210149568->72210326058
72210502548: system.l3cache.prefetcher: XPT_UPDATE: page=0x96000 idx=255 enabled=0 missCnt=21 lastAccess=72210326058->72210502548
72210679038: system.l3cache.prefetcher: XPT_UPDATE: page=0x96000 idx=255 enabled=0 missCnt=22 lastAccess=72210502548->72210679038
72210855528: system.l3cache.prefetcher: XPT_UPDATE: page=0x96000 idx=255 enabled=0 missCnt=23 lastAccess=72210679038->72210855528
72211032018: system.l3cache.prefetcher: XPT_UPDATE: page=0x96000 idx=255 enabled=0 missCnt=24 lastAccess=72210855528->72211032018
72211208508: system.l3cache.prefetcher: XPT_UPDATE: page=0x96000 idx=255 enabled=0 missCnt=25 lastAccess=72211032018->72211208508
72211384998: system.l3cache.prefetcher: XPT_UPDATE: page=0x96000 idx=255 enabled=0 missCnt=26 lastAccess=72211208508->72211384998
72211561488: system.l3cache.prefetcher: XPT_UPDATE: page=0x96000 idx=255 enabled=0 missCnt=27 lastAccess=72211384998->72211561488
72211737978: system.l3cache.prefetcher: XPT_UPDATE: page=0x96000 idx=255 enabled=0 missCnt=28 lastAccess=72211561488->72211737978
72211914468: system.l3cache.prefetcher: XPT_UPDATE: page=0x96000 idx=255 enabled=0 missCnt=29 lastAccess=72211737978->72211914468
72212090958: system.l3cache.prefetcher: XPT_UPDATE: page=0x96000 idx=255 enabled=0 missCnt=30 lastAccess=72211914468->72212090958
72212267448: system.l3cache.prefetcher: XPT_UPDATE: page=0x96000 idx=255 enabled=0 missCnt=31 lastAccess=72212090958->72212267448
72212443938: system.l3cache.prefetcher: XPT_UPDATE: page=0x96000 idx=255 enabled=1 missCnt=32 lastAccess=72212267448->72212443938
72212618763: system.l3cache.prefetcher: XPT_UPDATE: page=0x96000 idx=255 enabled=1 missCnt=32 lastAccess=72212443938->72212618763
72212768613: system.l3cache.prefetcher: XPT_UPDATE: page=0x96000 idx=255 enabled=1 missCnt=32 lastAccess=72212618763->72212768613
73925870796: system.l3cache.prefetcher: XPT_UPDATE: page=0x96000 idx=94 enabled=1 missCnt=32 lastAccess=72212768613->73925870796
73998289305: system.l3cache.prefetcher:   [EVICT] idx=30 page=0x96000 enabled=1 missCnt=32 lastAccess=73925870796
74130904890: system.l3cache.prefetcher: === XPTGuard === page=0x96000 asid=0 core=6 c=256/n=256 P=1.000 r=0.316 trig=YES vGLO=1
74130904890: system.l3cache.prefetcher: XPTGuard: page=0x96000 c=256 n=256 P=1.000 r=0.316 trig=1
74130904890: system.l3cache.prefetcher:   [INSERT] page=0x96000 -> table size: 256/256
74131131330: system.l3cache.prefetcher: XPT_UPDATE: page=0x96000 idx=255 enabled=0 missCnt=0 lastAccess=74130904890->74131131330
74131307820: system.l3cache.prefetcher: XPT_UPDATE: page=0x96000 idx=255 enabled=0 missCnt=1 lastAccess=74131131330->74131307820
74131484310: system.l3cache.prefetcher: XPT_UPDATE: page=0x96000 idx=255 enabled=0 missCnt=2 lastAccess=74131307820->74131484310
74131660800: system.l3cache.prefetcher: XPT_UPDATE: page=0x96000 idx=255 enabled=0 missCnt=3 lastAccess=74131484310->74131660800
74131837290: system.l3cache.prefetcher: XPT_UPDATE: page=0x96000 idx=255 enabled=0 missCnt=4 lastAccess=74131660800->74131837290
74132013780: system.l3cache.prefetcher: XPT_UPDATE: page=0x96000 idx=255 enabled=0 missCnt=5 lastAccess=74131837290->74132013780
74132190270: system.l3cache.prefetcher: XPT_UPDATE: page=0x96000 idx=255 enabled=0 missCnt=6 lastAccess=74132013780->74132190270
74132366760: system.l3cache.prefetcher: XPT_UPDATE: page=0x96000 idx=255 enabled=0 missCnt=7 lastAccess=74132190270->74132366760
74132543250: system.l3cache.prefetcher: XPT_UPDATE: page=0x96000 idx=255 enabled=0 missCnt=8 lastAccess=74132366760->74132543250
74132719740: system.l3cache.prefetcher: XPT_UPDATE: page=0x96000 idx=255 enabled=0 missCnt=9 lastAccess=74132543250->74132719740
74132896230: system.l3cache.prefetcher: XPT_UPDATE: page=0x96000 idx=255 enabled=0 missCnt=10 lastAccess=74132719740->74132896230
74133072720: system.l3cache.prefetcher: XPT_UPDATE: page=0x96000 idx=255 enabled=0 missCnt=11 lastAccess=74132896230->74133072720
74133249210: system.l3cache.prefetcher: XPT_UPDATE: page=0x96000 idx=255 enabled=0 missCnt=12 lastAccess=74133072720->74133249210
74133425700: system.l3cache.prefetcher: XPT_UPDATE: page=0x96000 idx=255 enabled=0 missCnt=13 lastAccess=74133249210->74133425700
74133602190: system.l3cache.prefetcher: XPT_UPDATE: page=0x96000 idx=255 enabled=0 missCnt=14 lastAccess=74133425700->74133602190
74133778680: system.l3cache.prefetcher: XPT_UPDATE: page=0x96000 idx=255 enabled=0 missCnt=15 lastAccess=74133602190->74133778680
74133980145: system.l3cache.prefetcher: XPT_UPDATE: page=0x96000 idx=255 enabled=0 missCnt=16 lastAccess=74133778680->74133980145
74134156635: system.l3cache.prefetcher: XPT_UPDATE: page=0x96000 idx=255 enabled=0 missCnt=17 lastAccess=74133980145->74134156635
74134333125: system.l3cache.prefetcher: XPT_UPDATE: page=0x96000 idx=255 enabled=0 missCnt=18 lastAccess=74134156635->74134333125
74134509615: system.l3cache.prefetcher: XPT_UPDATE: page=0x96000 idx=255 enabled=0 missCnt=19 lastAccess=74134333125->74134509615
74134686105: system.l3cache.prefetcher: XPT_UPDATE: page=0x96000 idx=255 enabled=0 missCnt=20 lastAccess=74134509615->74134686105
74135147643: system.l3cache.prefetcher: XPT_UPDATE: page=0x96000 idx=255 enabled=0 missCnt=21 lastAccess=74134686105->74135147643
74135324133: system.l3cache.prefetcher: XPT_UPDATE: page=0x96000 idx=255 enabled=0 missCnt=22 lastAccess=74135147643->74135324133
74135500623: system.l3cache.prefetcher: XPT_UPDATE: page=0x96000 idx=255 enabled=0 missCnt=23 lastAccess=74135324133->74135500623
74135677113: system.l3cache.prefetcher: XPT_UPDATE: page=0x96000 idx=255 enabled=0 missCnt=24 lastAccess=74135500623->74135677113
74135853603: system.l3cache.prefetcher: XPT_UPDATE: page=0x96000 idx=255 enabled=0 missCnt=25 lastAccess=74135677113->74135853603
74136030093: system.l3cache.prefetcher: XPT_UPDATE: page=0x96000 idx=255 enabled=0 missCnt=26 lastAccess=74135853603->74136030093
74136206583: system.l3cache.prefetcher: XPT_UPDATE: page=0x96000 idx=255 enabled=0 missCnt=27 lastAccess=74136030093->74136206583
74136383073: system.l3cache.prefetcher: XPT_UPDATE: page=0x96000 idx=255 enabled=0 missCnt=28 lastAccess=74136206583->74136383073
74136559563: system.l3cache.prefetcher: XPT_UPDATE: page=0x96000 idx=255 enabled=0 missCnt=29 lastAccess=74136383073->74136559563
74136736053: system.l3cache.prefetcher: XPT_UPDATE: page=0x96000 idx=255 enabled=0 missCnt=30 lastAccess=74136559563->74136736053
74136912543: system.l3cache.prefetcher: XPT_UPDATE: page=0x96000 idx=255 enabled=0 missCnt=31 lastAccess=74136736053->74136912543
74137089033: system.l3cache.prefetcher: XPT_UPDATE: page=0x96000 idx=255 enabled=1 missCnt=32 lastAccess=74136912543->74137089033
74137238883: system.l3cache.prefetcher: XPT_UPDATE: page=0x96000 idx=255 enabled=1 missCnt=32 lastAccess=74137089033->74137238883
74137388733: system.l3cache.prefetcher: XPT_UPDATE: page=0x96000 idx=255 enabled=1 missCnt=32 lastAccess=74137238883->74137388733
75850617789: system.l3cache.prefetcher: XPT_UPDATE: page=0x96000 idx=100 enabled=1 missCnt=32 lastAccess=74137388733->75850617789
75870906480: system.l3cache.prefetcher:   [EVICT] idx=65 page=0x96000 enabled=1 missCnt=32 lastAccess=75850617789
76055811723: system.l3cache.prefetcher: === XPTGuard === page=0x96000 asid=0 core=6 c=256/n=256 P=1.000 r=0.665 trig=YES vGLO=1
76055811723: system.l3cache.prefetcher: XPTGuard: page=0x96000 c=256 n=256 P=1.000 r=0.665 trig=1
76055811723: system.l3cache.prefetcher:   [INSERT] page=0x96000 -> table size: 256/256
76056013188: system.l3cache.prefetcher: XPT_UPDATE: page=0x96000 idx=255 enabled=0 missCnt=0 lastAccess=76055811723->76056013188
76056189678: system.l3cache.prefetcher: XPT_UPDATE: page=0x96000 idx=255 enabled=0 missCnt=1 lastAccess=76056013188->76056189678
76056366168: system.l3cache.prefetcher: XPT_UPDATE: page=0x96000 idx=255 enabled=0 missCnt=2 lastAccess=76056189678->76056366168
76056542658: system.l3cache.prefetcher: XPT_UPDATE: page=0x96000 idx=255 enabled=0 missCnt=3 lastAccess=76056366168->76056542658
76056719148: system.l3cache.prefetcher: XPT_UPDATE: page=0x96000 idx=255 enabled=0 missCnt=4 lastAccess=76056542658->76056719148
76056895638: system.l3cache.prefetcher: XPT_UPDATE: page=0x96000 idx=255 enabled=0 missCnt=5 lastAccess=76056719148->76056895638
76057072128: system.l3cache.prefetcher: XPT_UPDATE: page=0x96000 idx=255 enabled=0 missCnt=6 lastAccess=76056895638->76057072128
76057248618: system.l3cache.prefetcher: XPT_UPDATE: page=0x96000 idx=255 enabled=0 missCnt=7 lastAccess=76057072128->76057248618
76057425108: system.l3cache.prefetcher: XPT_UPDATE: page=0x96000 idx=255 enabled=0 missCnt=8 lastAccess=76057248618->76057425108
76057601598: system.l3cache.prefetcher: XPT_UPDATE: page=0x96000 idx=255 enabled=0 missCnt=9 lastAccess=76057425108->76057601598
76057778088: system.l3cache.prefetcher: XPT_UPDATE: page=0x96000 idx=255 enabled=0 missCnt=10 lastAccess=76057601598->76057778088
76057954578: system.l3cache.prefetcher: XPT_UPDATE: page=0x96000 idx=255 enabled=0 missCnt=11 lastAccess=76057778088->76057954578
76058131068: system.l3cache.prefetcher: XPT_UPDATE: page=0x96000 idx=255 enabled=0 missCnt=12 lastAccess=76057954578->76058131068
76058307558: system.l3cache.prefetcher: XPT_UPDATE: page=0x96000 idx=255 enabled=0 missCnt=13 lastAccess=76058131068->76058307558
76058484048: system.l3cache.prefetcher: XPT_UPDATE: page=0x96000 idx=255 enabled=0 missCnt=14 lastAccess=76058307558->76058484048
76058660538: system.l3cache.prefetcher: XPT_UPDATE: page=0x96000 idx=255 enabled=0 missCnt=15 lastAccess=76058484048->76058660538
76058862003: system.l3cache.prefetcher: XPT_UPDATE: page=0x96000 idx=255 enabled=0 missCnt=16 lastAccess=76058660538->76058862003
76059038493: system.l3cache.prefetcher: XPT_UPDATE: page=0x96000 idx=255 enabled=0 missCnt=17 lastAccess=76058862003->76059038493
76059214983: system.l3cache.prefetcher: XPT_UPDATE: page=0x96000 idx=255 enabled=0 missCnt=18 lastAccess=76059038493->76059214983
76059391473: system.l3cache.prefetcher: XPT_UPDATE: page=0x96000 idx=255 enabled=0 missCnt=19 lastAccess=76059214983->76059391473
76059567963: system.l3cache.prefetcher: XPT_UPDATE: page=0x96000 idx=255 enabled=0 missCnt=20 lastAccess=76059391473->76059567963
76059744453: system.l3cache.prefetcher: XPT_UPDATE: page=0x96000 idx=255 enabled=0 missCnt=21 lastAccess=76059567963->76059744453
76059920943: system.l3cache.prefetcher: XPT_UPDATE: page=0x96000 idx=255 enabled=0 missCnt=22 lastAccess=76059744453->76059920943
76060097433: system.l3cache.prefetcher: XPT_UPDATE: page=0x96000 idx=255 enabled=0 missCnt=23 lastAccess=76059920943->76060097433
76060273923: system.l3cache.prefetcher: XPT_UPDATE: page=0x96000 idx=255 enabled=0 missCnt=24 lastAccess=76060097433->76060273923
76060450413: system.l3cache.prefetcher: XPT_UPDATE: page=0x96000 idx=255 enabled=0 missCnt=25 lastAccess=76060273923->76060450413
76060626903: system.l3cache.prefetcher: XPT_UPDATE: page=0x96000 idx=255 enabled=0 missCnt=26 lastAccess=76060450413->76060626903
76060803393: system.l3cache.prefetcher: XPT_UPDATE: page=0x96000 idx=255 enabled=0 missCnt=27 lastAccess=76060626903->76060803393
76060979883: system.l3cache.prefetcher: XPT_UPDATE: page=0x96000 idx=255 enabled=0 missCnt=28 lastAccess=76060803393->76060979883
76061156373: system.l3cache.prefetcher: XPT_UPDATE: page=0x96000 idx=255 enabled=0 missCnt=29 lastAccess=76060979883->76061156373
76061332863: system.l3cache.prefetcher: XPT_UPDATE: page=0x96000 idx=255 enabled=0 missCnt=30 lastAccess=76061156373->76061332863
76061509353: system.l3cache.prefetcher: XPT_UPDATE: page=0x96000 idx=255 enabled=0 missCnt=31 lastAccess=76061332863->76061509353
76061710818: system.l3cache.prefetcher: XPT_UPDATE: page=0x96000 idx=255 enabled=1 missCnt=32 lastAccess=76061509353->76061710818
76061860668: system.l3cache.prefetcher: XPT_UPDATE: page=0x96000 idx=255 enabled=1 missCnt=32 lastAccess=76061710818->76061860668
76062010518: system.l3cache.prefetcher: XPT_UPDATE: page=0x96000 idx=255 enabled=1 missCnt=32 lastAccess=76061860668->76062010518
76907912436: system.l3cache.prefetcher:   [EVICT] idx=163 page=0x96000 enabled=1 missCnt=32 lastAccess=76062010518
77777174637: system.l3cache.prefetcher: === XPTGuard === page=0x96000 asid=0 core=6 c=256/n=256 P=1.000 r=0.278 trig=YES vGLO=1
77777174637: system.l3cache.prefetcher: XPTGuard: page=0x96000 c=256 n=256 P=1.000 r=0.278 trig=1
77777174637: system.l3cache.prefetcher:   [INSERT] page=0x96000 -> table size: 256/256
77869673046: system.l3cache.prefetcher:   [EVICT] idx=41 page=0x96000 enabled=0 missCnt=0 lastAccess=77777174637
77982231375: system.l3cache.prefetcher: === XPTGuard === page=0x96000 asid=0 core=6 c=256/n=256 P=1.000 r=0.338 trig=YES vGLO=1
77982231375: system.l3cache.prefetcher: XPTGuard: page=0x96000 c=256 n=256 P=1.000 r=0.338 trig=1
77982231375: system.l3cache.prefetcher:   [INSERT] page=0x96000 -> table size: 256/256
77982457815: system.l3cache.prefetcher: XPT_UPDATE: page=0x96000 idx=255 enabled=0 missCnt=0 lastAccess=77982231375->77982457815
77982634305: system.l3cache.prefetcher: XPT_UPDATE: page=0x96000 idx=255 enabled=0 missCnt=1 lastAccess=77982457815->77982634305
77982810795: system.l3cache.prefetcher: XPT_UPDATE: page=0x96000 idx=255 enabled=0 missCnt=2 lastAccess=77982634305->77982810795
77982987285: system.l3cache.prefetcher: XPT_UPDATE: page=0x96000 idx=255 enabled=0 missCnt=3 lastAccess=77982810795->77982987285
77983163775: system.l3cache.prefetcher: XPT_UPDATE: page=0x96000 idx=255 enabled=0 missCnt=4 lastAccess=77982987285->77983163775
77983340265: system.l3cache.prefetcher: XPT_UPDATE: page=0x96000 idx=255 enabled=0 missCnt=5 lastAccess=77983163775->77983340265
77983772832: system.l3cache.prefetcher: XPT_UPDATE: page=0x96000 idx=255 enabled=0 missCnt=6 lastAccess=77983340265->77983772832
77983949322: system.l3cache.prefetcher: XPT_UPDATE: page=0x96000 idx=255 enabled=0 missCnt=7 lastAccess=77983772832->77983949322
77984125812: system.l3cache.prefetcher: XPT_UPDATE: page=0x96000 idx=255 enabled=0 missCnt=8 lastAccess=77983949322->77984125812
77984302302: system.l3cache.prefetcher: XPT_UPDATE: page=0x96000 idx=255 enabled=0 missCnt=9 lastAccess=77984125812->77984302302
77984478792: system.l3cache.prefetcher: XPT_UPDATE: page=0x96000 idx=255 enabled=0 missCnt=10 lastAccess=77984302302->77984478792
77984655282: system.l3cache.prefetcher: XPT_UPDATE: page=0x96000 idx=255 enabled=0 missCnt=11 lastAccess=77984478792->77984655282
77984831772: system.l3cache.prefetcher: XPT_UPDATE: page=0x96000 idx=255 enabled=0 missCnt=12 lastAccess=77984655282->77984831772
77985008262: system.l3cache.prefetcher: XPT_UPDATE: page=0x96000 idx=255 enabled=0 missCnt=13 lastAccess=77984831772->77985008262
77985184752: system.l3cache.prefetcher: XPT_UPDATE: page=0x96000 idx=255 enabled=0 missCnt=14 lastAccess=77985008262->77985184752
77985361242: system.l3cache.prefetcher: XPT_UPDATE: page=0x96000 idx=255 enabled=0 missCnt=15 lastAccess=77985184752->77985361242
77985537732: system.l3cache.prefetcher: XPT_UPDATE: page=0x96000 idx=255 enabled=0 missCnt=16 lastAccess=77985361242->77985537732
77985714222: system.l3cache.prefetcher: XPT_UPDATE: page=0x96000 idx=255 enabled=0 missCnt=17 lastAccess=77985537732->77985714222
77985890712: system.l3cache.prefetcher: XPT_UPDATE: page=0x96000 idx=255 enabled=0 missCnt=18 lastAccess=77985714222->77985890712
77986067202: system.l3cache.prefetcher: XPT_UPDATE: page=0x96000 idx=255 enabled=0 missCnt=19 lastAccess=77985890712->77986067202
77986243692: system.l3cache.prefetcher: XPT_UPDATE: page=0x96000 idx=255 enabled=0 missCnt=20 lastAccess=77986067202->77986243692
77986420182: system.l3cache.prefetcher: XPT_UPDATE: page=0x96000 idx=255 enabled=0 missCnt=21 lastAccess=77986243692->77986420182
77986621647: system.l3cache.prefetcher: XPT_UPDATE: page=0x96000 idx=255 enabled=0 missCnt=22 lastAccess=77986420182->77986621647
77986798137: system.l3cache.prefetcher: XPT_UPDATE: page=0x96000 idx=255 enabled=0 missCnt=23 lastAccess=77986621647->77986798137
77986974627: system.l3cache.prefetcher: XPT_UPDATE: page=0x96000 idx=255 enabled=0 missCnt=24 lastAccess=77986798137->77986974627
77987151117: system.l3cache.prefetcher: XPT_UPDATE: page=0x96000 idx=255 enabled=0 missCnt=25 lastAccess=77986974627->77987151117
77987327607: system.l3cache.prefetcher: XPT_UPDATE: page=0x96000 idx=255 enabled=0 missCnt=26 lastAccess=77987151117->77987327607
77987504097: system.l3cache.prefetcher: XPT_UPDATE: page=0x96000 idx=255 enabled=0 missCnt=27 lastAccess=77987327607->77987504097
77987680587: system.l3cache.prefetcher: XPT_UPDATE: page=0x96000 idx=255 enabled=0 missCnt=28 lastAccess=77987504097->77987680587
77987857077: system.l3cache.prefetcher: XPT_UPDATE: page=0x96000 idx=255 enabled=0 missCnt=29 lastAccess=77987680587->77987857077
77988033567: system.l3cache.prefetcher: XPT_UPDATE: page=0x96000 idx=255 enabled=0 missCnt=30 lastAccess=77987857077->77988033567
77988210057: system.l3cache.prefetcher: XPT_UPDATE: page=0x96000 idx=255 enabled=0 missCnt=31 lastAccess=77988033567->77988210057
77988386547: system.l3cache.prefetcher: XPT_UPDATE: page=0x96000 idx=255 enabled=1 missCnt=32 lastAccess=77988210057->77988386547
77988536397: system.l3cache.prefetcher: XPT_UPDATE: page=0x96000 idx=255 enabled=1 missCnt=32 lastAccess=77988386547->77988536397
77988686247: system.l3cache.prefetcher: XPT_UPDATE: page=0x96000 idx=255 enabled=1 missCnt=32 lastAccess=77988536397->77988686247
79703067483: system.l3cache.prefetcher: XPT_UPDATE: page=0x96000 idx=93 enabled=1 missCnt=32 lastAccess=77988686247->79703067483
79855951779: system.l3cache.prefetcher:   [EVICT] idx=6 page=0x96000 enabled=1 missCnt=32 lastAccess=79703067483
79908115896: system.l3cache.prefetcher: === XPTGuard === page=0x96000 asid=0 core=6 c=256/n=256 P=1.000 r=0.108 trig=YES vGLO=1
79908115896: system.l3cache.prefetcher: XPTGuard: page=0x96000 c=256 n=256 P=1.000 r=0.108 trig=1
79908115896: system.l3cache.prefetcher:   [INSERT] page=0x96000 -> table size: 256/256
79908342336: system.l3cache.prefetcher: XPT_UPDATE: page=0x96000 idx=255 enabled=0 missCnt=0 lastAccess=79908115896->79908342336
79908518826: system.l3cache.prefetcher: XPT_UPDATE: page=0x96000 idx=255 enabled=0 missCnt=1 lastAccess=79908342336->79908518826
79908695316: system.l3cache.prefetcher: XPT_UPDATE: page=0x96000 idx=255 enabled=0 missCnt=2 lastAccess=79908518826->79908695316
79908871806: system.l3cache.prefetcher: XPT_UPDATE: page=0x96000 idx=255 enabled=0 missCnt=3 lastAccess=79908695316->79908871806
79909048296: system.l3cache.prefetcher: XPT_UPDATE: page=0x96000 idx=255 enabled=0 missCnt=4 lastAccess=79908871806->79909048296
79909224786: system.l3cache.prefetcher: XPT_UPDATE: page=0x96000 idx=255 enabled=0 missCnt=5 lastAccess=79909048296->79909224786
79909401276: system.l3cache.prefetcher: XPT_UPDATE: page=0x96000 idx=255 enabled=0 missCnt=6 lastAccess=79909224786->79909401276
79909577766: system.l3cache.prefetcher: XPT_UPDATE: page=0x96000 idx=255 enabled=0 missCnt=7 lastAccess=79909401276->79909577766
79909754256: system.l3cache.prefetcher: XPT_UPDATE: page=0x96000 idx=255 enabled=0 missCnt=8 lastAccess=79909577766->79909754256
79909930746: system.l3cache.prefetcher: XPT_UPDATE: page=0x96000 idx=255 enabled=0 missCnt=9 lastAccess=79909754256->79909930746
79910107236: system.l3cache.prefetcher: XPT_UPDATE: page=0x96000 idx=255 enabled=0 missCnt=10 lastAccess=79909930746->79910107236
79910283726: system.l3cache.prefetcher: XPT_UPDATE: page=0x96000 idx=255 enabled=0 missCnt=11 lastAccess=79910107236->79910283726
79910460216: system.l3cache.prefetcher: XPT_UPDATE: page=0x96000 idx=255 enabled=0 missCnt=12 lastAccess=79910283726->79910460216
79910636706: system.l3cache.prefetcher: XPT_UPDATE: page=0x96000 idx=255 enabled=0 missCnt=13 lastAccess=79910460216->79910636706
79910813196: system.l3cache.prefetcher: XPT_UPDATE: page=0x96000 idx=255 enabled=0 missCnt=14 lastAccess=79910636706->79910813196
79910989686: system.l3cache.prefetcher: XPT_UPDATE: page=0x96000 idx=255 enabled=0 missCnt=15 lastAccess=79910813196->79910989686
79911191151: system.l3cache.prefetcher: XPT_UPDATE: page=0x96000 idx=255 enabled=0 missCnt=16 lastAccess=79910989686->79911191151
79911367641: system.l3cache.prefetcher: XPT_UPDATE: page=0x96000 idx=255 enabled=0 missCnt=17 lastAccess=79911191151->79911367641
79911544131: system.l3cache.prefetcher: XPT_UPDATE: page=0x96000 idx=255 enabled=0 missCnt=18 lastAccess=79911367641->79911544131
79911972702: system.l3cache.prefetcher: XPT_UPDATE: page=0x96000 idx=255 enabled=0 missCnt=19 lastAccess=79911544131->79911972702
79912149192: system.l3cache.prefetcher: XPT_UPDATE: page=0x96000 idx=255 enabled=0 missCnt=20 lastAccess=79911972702->79912149192
79912325682: system.l3cache.prefetcher: XPT_UPDATE: page=0x96000 idx=255 enabled=0 missCnt=21 lastAccess=79912149192->79912325682
79912502172: system.l3cache.prefetcher: XPT_UPDATE: page=0x96000 idx=255 enabled=0 missCnt=22 lastAccess=79912325682->79912502172
79912678662: system.l3cache.prefetcher: XPT_UPDATE: page=0x96000 idx=255 enabled=0 missCnt=23 lastAccess=79912502172->79912678662
79912855152: system.l3cache.prefetcher: XPT_UPDATE: page=0x96000 idx=255 enabled=0 missCnt=24 lastAccess=79912678662->79912855152
79913031642: system.l3cache.prefetcher: XPT_UPDATE: page=0x96000 idx=255 enabled=0 missCnt=25 lastAccess=79912855152->79913031642
79913208132: system.l3cache.prefetcher: XPT_UPDATE: page=0x96000 idx=255 enabled=0 missCnt=26 lastAccess=79913031642->79913208132
79913384622: system.l3cache.prefetcher: XPT_UPDATE: page=0x96000 idx=255 enabled=0 missCnt=27 lastAccess=79913208132->79913384622
79913561112: system.l3cache.prefetcher: XPT_UPDATE: page=0x96000 idx=255 enabled=0 missCnt=28 lastAccess=79913384622->79913561112
79913737602: system.l3cache.prefetcher: XPT_UPDATE: page=0x96000 idx=255 enabled=0 missCnt=29 lastAccess=79913561112->79913737602
79913914092: system.l3cache.prefetcher: XPT_UPDATE: page=0x96000 idx=255 enabled=0 missCnt=30 lastAccess=79913737602->79913914092
79914090582: system.l3cache.prefetcher: XPT_UPDATE: page=0x96000 idx=255 enabled=0 missCnt=31 lastAccess=79913914092->79914090582
79914267072: system.l3cache.prefetcher: XPT_UPDATE: page=0x96000 idx=255 enabled=1 missCnt=32 lastAccess=79914090582->79914267072
79914416922: system.l3cache.prefetcher: XPT_UPDATE: page=0x96000 idx=255 enabled=1 missCnt=32 lastAccess=79914267072->79914416922
79914566772: system.l3cache.prefetcher: XPT_UPDATE: page=0x96000 idx=255 enabled=1 missCnt=32 lastAccess=79914416922->79914566772
81628595361: system.l3cache.prefetcher: XPT_UPDATE: page=0x96000 idx=94 enabled=1 missCnt=32 lastAccess=79914566772->81628595361
81775218924: system.l3cache.prefetcher:   [EVICT] idx=6 page=0x96000 enabled=1 missCnt=32 lastAccess=81628595361
81833794623: system.l3cache.prefetcher: === XPTGuard === page=0x96000 asid=0 core=6 c=256/n=256 P=1.000 r=0.970 trig=YES vGLO=1
81833794623: system.l3cache.prefetcher: XPTGuard: page=0x96000 c=256 n=256 P=1.000 r=0.970 trig=1
81833794623: system.l3cache.prefetcher:   [INSERT] page=0x96000 -> table size: 256/256
81833996088: system.l3cache.prefetcher: XPT_UPDATE: page=0x96000 idx=255 enabled=0 missCnt=0 lastAccess=81833794623->81833996088
81834172578: system.l3cache.prefetcher: XPT_UPDATE: page=0x96000 idx=255 enabled=0 missCnt=1 lastAccess=81833996088->81834172578
81834349068: system.l3cache.prefetcher: XPT_UPDATE: page=0x96000 idx=255 enabled=0 missCnt=2 lastAccess=81834172578->81834349068
81834525558: system.l3cache.prefetcher: XPT_UPDATE: page=0x96000 idx=255 enabled=0 missCnt=3 lastAccess=81834349068->81834525558
81834702048: system.l3cache.prefetcher: XPT_UPDATE: page=0x96000 idx=255 enabled=0 missCnt=4 lastAccess=81834525558->81834702048
81834878538: system.l3cache.prefetcher: XPT_UPDATE: page=0x96000 idx=255 enabled=0 missCnt=5 lastAccess=81834702048->81834878538
81835055028: system.l3cache.prefetcher: XPT_UPDATE: page=0x96000 idx=255 enabled=0 missCnt=6 lastAccess=81834878538->81835055028
81835231518: system.l3cache.prefetcher: XPT_UPDATE: page=0x96000 idx=255 enabled=0 missCnt=7 lastAccess=81835055028->81835231518
81835408008: system.l3cache.prefetcher: XPT_UPDATE: page=0x96000 idx=255 enabled=0 missCnt=8 lastAccess=81835231518->81835408008
81835584498: system.l3cache.prefetcher: XPT_UPDATE: page=0x96000 idx=255 enabled=0 missCnt=9 lastAccess=81835408008->81835584498
81835760988: system.l3cache.prefetcher: XPT_UPDATE: page=0x96000 idx=255 enabled=0 missCnt=10 lastAccess=81835584498->81835760988
81835937478: system.l3cache.prefetcher: XPT_UPDATE: page=0x96000 idx=255 enabled=0 missCnt=11 lastAccess=81835760988->81835937478
81836113968: system.l3cache.prefetcher: XPT_UPDATE: page=0x96000 idx=255 enabled=0 missCnt=12 lastAccess=81835937478->81836113968
81836290458: system.l3cache.prefetcher: XPT_UPDATE: page=0x96000 idx=255 enabled=0 missCnt=13 lastAccess=81836113968->81836290458
81836466948: system.l3cache.prefetcher: XPT_UPDATE: page=0x96000 idx=255 enabled=0 missCnt=14 lastAccess=81836290458->81836466948
81836643438: system.l3cache.prefetcher: XPT_UPDATE: page=0x96000 idx=255 enabled=0 missCnt=15 lastAccess=81836466948->81836643438
81836844903: system.l3cache.prefetcher: XPT_UPDATE: page=0x96000 idx=255 enabled=0 missCnt=16 lastAccess=81836643438->81836844903
81837021393: system.l3cache.prefetcher: XPT_UPDATE: page=0x96000 idx=255 enabled=0 missCnt=17 lastAccess=81836844903->81837021393
81837197883: system.l3cache.prefetcher: XPT_UPDATE: page=0x96000 idx=255 enabled=0 missCnt=18 lastAccess=81837021393->81837197883
81837374373: system.l3cache.prefetcher: XPT_UPDATE: page=0x96000 idx=255 enabled=0 missCnt=19 lastAccess=81837197883->81837374373
81837550863: system.l3cache.prefetcher: XPT_UPDATE: page=0x96000 idx=255 enabled=0 missCnt=20 lastAccess=81837374373->81837550863
81837727353: system.l3cache.prefetcher: XPT_UPDATE: page=0x96000 idx=255 enabled=0 missCnt=21 lastAccess=81837550863->81837727353
81837903843: system.l3cache.prefetcher: XPT_UPDATE: page=0x96000 idx=255 enabled=0 missCnt=22 lastAccess=81837727353->81837903843
81838080333: system.l3cache.prefetcher: XPT_UPDATE: page=0x96000 idx=255 enabled=0 missCnt=23 lastAccess=81837903843->81838080333
81838256823: system.l3cache.prefetcher: XPT_UPDATE: page=0x96000 idx=255 enabled=0 missCnt=24 lastAccess=81838080333->81838256823
81838433313: system.l3cache.prefetcher: XPT_UPDATE: page=0x96000 idx=255 enabled=0 missCnt=25 lastAccess=81838256823->81838433313
81838609803: system.l3cache.prefetcher: XPT_UPDATE: page=0x96000 idx=255 enabled=0 missCnt=26 lastAccess=81838433313->81838609803
81838786293: system.l3cache.prefetcher: XPT_UPDATE: page=0x96000 idx=255 enabled=0 missCnt=27 lastAccess=81838609803->81838786293
81838962783: system.l3cache.prefetcher: XPT_UPDATE: page=0x96000 idx=255 enabled=0 missCnt=28 lastAccess=81838786293->81838962783
81839139273: system.l3cache.prefetcher: XPT_UPDATE: page=0x96000 idx=255 enabled=0 missCnt=29 lastAccess=81838962783->81839139273
81839315763: system.l3cache.prefetcher: XPT_UPDATE: page=0x96000 idx=255 enabled=0 missCnt=30 lastAccess=81839139273->81839315763
81839492253: system.l3cache.prefetcher: XPT_UPDATE: page=0x96000 idx=255 enabled=0 missCnt=31 lastAccess=81839315763->81839492253
81839693718: system.l3cache.prefetcher: XPT_UPDATE: page=0x96000 idx=255 enabled=1 missCnt=32 lastAccess=81839492253->81839693718
81840172905: system.l3cache.prefetcher: XPT_UPDATE: page=0x96000 idx=255 enabled=1 missCnt=32 lastAccess=81839693718->81840172905
81840322755: system.l3cache.prefetcher: XPT_UPDATE: page=0x96000 idx=255 enabled=1 missCnt=32 lastAccess=81840172905->81840322755
83553676353: system.l3cache.prefetcher: XPT_UPDATE: page=0x96000 idx=94 enabled=1 missCnt=32 lastAccess=81840322755->83553676353
83557778913: system.l3cache.prefetcher:   [EVICT] idx=85 page=0x96000 enabled=1 missCnt=32 lastAccess=83553676353
83758670487: system.l3cache.prefetcher: === XPTGuard === page=0x96000 asid=0 core=6 c=256/n=256 P=1.000 r=0.542 trig=YES vGLO=1
83758670487: system.l3cache.prefetcher: XPTGuard: page=0x96000 c=256 n=256 P=1.000 r=0.542 trig=1
83758670487: system.l3cache.prefetcher:   [INSERT] page=0x96000 -> table size: 256/256
83758896927: system.l3cache.prefetcher: XPT_UPDATE: page=0x96000 idx=255 enabled=0 missCnt=0 lastAccess=83758670487->83758896927
83759073417: system.l3cache.prefetcher: XPT_UPDATE: page=0x96000 idx=255 enabled=0 missCnt=1 lastAccess=83758896927->83759073417
83759249907: system.l3cache.prefetcher: XPT_UPDATE: page=0x96000 idx=255 enabled=0 missCnt=2 lastAccess=83759073417->83759249907
83759426397: system.l3cache.prefetcher: XPT_UPDATE: page=0x96000 idx=255 enabled=0 missCnt=3 lastAccess=83759249907->83759426397
83759602887: system.l3cache.prefetcher: XPT_UPDATE: page=0x96000 idx=255 enabled=0 missCnt=4 lastAccess=83759426397->83759602887
83759779377: system.l3cache.prefetcher: XPT_UPDATE: page=0x96000 idx=255 enabled=0 missCnt=5 lastAccess=83759602887->83759779377
83759955867: system.l3cache.prefetcher: XPT_UPDATE: page=0x96000 idx=255 enabled=0 missCnt=6 lastAccess=83759779377->83759955867
83760132357: system.l3cache.prefetcher: XPT_UPDATE: page=0x96000 idx=255 enabled=0 missCnt=7 lastAccess=83759955867->83760132357
83760597891: system.l3cache.prefetcher: XPT_UPDATE: page=0x96000 idx=255 enabled=0 missCnt=8 lastAccess=83760132357->83760597891
83760774381: system.l3cache.prefetcher: XPT_UPDATE: page=0x96000 idx=255 enabled=0 missCnt=9 lastAccess=83760597891->83760774381
83760950871: system.l3cache.prefetcher: XPT_UPDATE: page=0x96000 idx=255 enabled=0 missCnt=10 lastAccess=83760774381->83760950871
83761127361: system.l3cache.prefetcher: XPT_UPDATE: page=0x96000 idx=255 enabled=0 missCnt=11 lastAccess=83760950871->83761127361
83761303851: system.l3cache.prefetcher: XPT_UPDATE: page=0x96000 idx=255 enabled=0 missCnt=12 lastAccess=83761127361->83761303851
83761480341: system.l3cache.prefetcher: XPT_UPDATE: page=0x96000 idx=255 enabled=0 missCnt=13 lastAccess=83761303851->83761480341
83761656831: system.l3cache.prefetcher: XPT_UPDATE: page=0x96000 idx=255 enabled=0 missCnt=14 lastAccess=83761480341->83761656831
83761833321: system.l3cache.prefetcher: XPT_UPDATE: page=0x96000 idx=255 enabled=0 missCnt=15 lastAccess=83761656831->83761833321
83762009811: system.l3cache.prefetcher: XPT_UPDATE: page=0x96000 idx=255 enabled=0 missCnt=16 lastAccess=83761833321->83762009811
83762186301: system.l3cache.prefetcher: XPT_UPDATE: page=0x96000 idx=255 enabled=0 missCnt=17 lastAccess=83762009811->83762186301
83762362791: system.l3cache.prefetcher: XPT_UPDATE: page=0x96000 idx=255 enabled=0 missCnt=18 lastAccess=83762186301->83762362791
83762539281: system.l3cache.prefetcher: XPT_UPDATE: page=0x96000 idx=255 enabled=0 missCnt=19 lastAccess=83762362791->83762539281
83762715771: system.l3cache.prefetcher: XPT_UPDATE: page=0x96000 idx=255 enabled=0 missCnt=20 lastAccess=83762539281->83762715771
83762892261: system.l3cache.prefetcher: XPT_UPDATE: page=0x96000 idx=255 enabled=0 missCnt=21 lastAccess=83762715771->83762892261
83763068751: system.l3cache.prefetcher: XPT_UPDATE: page=0x96000 idx=255 enabled=0 missCnt=22 lastAccess=83762892261->83763068751
83763245241: system.l3cache.prefetcher: XPT_UPDATE: page=0x96000 idx=255 enabled=0 missCnt=23 lastAccess=83763068751->83763245241
83763446706: system.l3cache.prefetcher: XPT_UPDATE: page=0x96000 idx=255 enabled=0 missCnt=24 lastAccess=83763245241->83763446706
83763623196: system.l3cache.prefetcher: XPT_UPDATE: page=0x96000 idx=255 enabled=0 missCnt=25 lastAccess=83763446706->83763623196
83763799686: system.l3cache.prefetcher: XPT_UPDATE: page=0x96000 idx=255 enabled=0 missCnt=26 lastAccess=83763623196->83763799686
83763976176: system.l3cache.prefetcher: XPT_UPDATE: page=0x96000 idx=255 enabled=0 missCnt=27 lastAccess=83763799686->83763976176
83764152666: system.l3cache.prefetcher: XPT_UPDATE: page=0x96000 idx=255 enabled=0 missCnt=28 lastAccess=83763976176->83764152666
83764329156: system.l3cache.prefetcher: XPT_UPDATE: page=0x96000 idx=255 enabled=0 missCnt=29 lastAccess=83764152666->83764329156
83764505646: system.l3cache.prefetcher: XPT_UPDATE: page=0x96000 idx=255 enabled=0 missCnt=30 lastAccess=83764329156->83764505646
83764682136: system.l3cache.prefetcher: XPT_UPDATE: page=0x96000 idx=255 enabled=0 missCnt=31 lastAccess=83764505646->83764682136
83764858626: system.l3cache.prefetcher: XPT_UPDATE: page=0x96000 idx=255 enabled=1 missCnt=32 lastAccess=83764682136->83764858626
83765008476: system.l3cache.prefetcher: XPT_UPDATE: page=0x96000 idx=255 enabled=1 missCnt=32 lastAccess=83764858626->83765008476
83765158326: system.l3cache.prefetcher: XPT_UPDATE: page=0x96000 idx=255 enabled=1 missCnt=32 lastAccess=83765008476->83765158326
85479338097: system.l3cache.prefetcher: XPT_UPDATE: page=0x96000 idx=85 enabled=1 missCnt=32 lastAccess=83765158326->85479338097
85500807273: system.l3cache.prefetcher:   [EVICT] idx=59 page=0x96000 enabled=1 missCnt=32 lastAccess=85479338097
85685326902: system.l3cache.prefetcher: === XPTGuard === page=0x96000 asid=0 core=6 c=256/n=256 P=1.000 r=0.328 trig=YES vGLO=1
85685326902: system.l3cache.prefetcher: XPTGuard: page=0x96000 c=256 n=256 P=1.000 r=0.328 trig=1
85685326902: system.l3cache.prefetcher:   [INSERT] page=0x96000 -> table size: 256/256
85685553342: system.l3cache.prefetcher: XPT_UPDATE: page=0x96000 idx=255 enabled=0 missCnt=0 lastAccess=85685326902->85685553342
85685729832: system.l3cache.prefetcher: XPT_UPDATE: page=0x96000 idx=255 enabled=0 missCnt=1 lastAccess=85685553342->85685729832
85685906322: system.l3cache.prefetcher: XPT_UPDATE: page=0x96000 idx=255 enabled=0 missCnt=2 lastAccess=85685729832->85685906322
85686082812: system.l3cache.prefetcher: XPT_UPDATE: page=0x96000 idx=255 enabled=0 missCnt=3 lastAccess=85685906322->85686082812
85686259302: system.l3cache.prefetcher: XPT_UPDATE: page=0x96000 idx=255 enabled=0 missCnt=4 lastAccess=85686082812->85686259302
85686435792: system.l3cache.prefetcher: XPT_UPDATE: page=0x96000 idx=255 enabled=0 missCnt=5 lastAccess=85686259302->85686435792
85686612282: system.l3cache.prefetcher: XPT_UPDATE: page=0x96000 idx=255 enabled=0 missCnt=6 lastAccess=85686435792->85686612282
85686788772: system.l3cache.prefetcher: XPT_UPDATE: page=0x96000 idx=255 enabled=0 missCnt=7 lastAccess=85686612282->85686788772
85686965262: system.l3cache.prefetcher: XPT_UPDATE: page=0x96000 idx=255 enabled=0 missCnt=8 lastAccess=85686788772->85686965262
85687141752: system.l3cache.prefetcher: XPT_UPDATE: page=0x96000 idx=255 enabled=0 missCnt=9 lastAccess=85686965262->85687141752
85687318242: system.l3cache.prefetcher: XPT_UPDATE: page=0x96000 idx=255 enabled=0 missCnt=10 lastAccess=85687141752->85687318242
85687494732: system.l3cache.prefetcher: XPT_UPDATE: page=0x96000 idx=255 enabled=0 missCnt=11 lastAccess=85687318242->85687494732
85687671222: system.l3cache.prefetcher: XPT_UPDATE: page=0x96000 idx=255 enabled=0 missCnt=12 lastAccess=85687494732->85687671222
85687847712: system.l3cache.prefetcher: XPT_UPDATE: page=0x96000 idx=255 enabled=0 missCnt=13 lastAccess=85687671222->85687847712
85688024202: system.l3cache.prefetcher: XPT_UPDATE: page=0x96000 idx=255 enabled=0 missCnt=14 lastAccess=85687847712->85688024202
85688200692: system.l3cache.prefetcher: XPT_UPDATE: page=0x96000 idx=255 enabled=0 missCnt=15 lastAccess=85688024202->85688200692
85688402157: system.l3cache.prefetcher: XPT_UPDATE: page=0x96000 idx=255 enabled=0 missCnt=16 lastAccess=85688200692->85688402157
85688809416: system.l3cache.prefetcher: XPT_UPDATE: page=0x96000 idx=255 enabled=0 missCnt=17 lastAccess=85688402157->85688809416
85688985906: system.l3cache.prefetcher: XPT_UPDATE: page=0x96000 idx=255 enabled=0 missCnt=18 lastAccess=85688809416->85688985906
85689162396: system.l3cache.prefetcher: XPT_UPDATE: page=0x96000 idx=255 enabled=0 missCnt=19 lastAccess=85688985906->85689162396
85689338886: system.l3cache.prefetcher: XPT_UPDATE: page=0x96000 idx=255 enabled=0 missCnt=20 lastAccess=85689162396->85689338886
85689515376: system.l3cache.prefetcher: XPT_UPDATE: page=0x96000 idx=255 enabled=0 missCnt=21 lastAccess=85689338886->85689515376
85689691866: system.l3cache.prefetcher: XPT_UPDATE: page=0x96000 idx=255 enabled=0 missCnt=22 lastAccess=85689515376->85689691866
85689868356: system.l3cache.prefetcher: XPT_UPDATE: page=0x96000 idx=255 enabled=0 missCnt=23 lastAccess=85689691866->85689868356
85690044846: system.l3cache.prefetcher: XPT_UPDATE: page=0x96000 idx=255 enabled=0 missCnt=24 lastAccess=85689868356->85690044846
85690221336: system.l3cache.prefetcher: XPT_UPDATE: page=0x96000 idx=255 enabled=0 missCnt=25 lastAccess=85690044846->85690221336
85690397826: system.l3cache.prefetcher: XPT_UPDATE: page=0x96000 idx=255 enabled=0 missCnt=26 lastAccess=85690221336->85690397826
85690574316: system.l3cache.prefetcher: XPT_UPDATE: page=0x96000 idx=255 enabled=0 missCnt=27 lastAccess=85690397826->85690574316
85690750806: system.l3cache.prefetcher: XPT_UPDATE: page=0x96000 idx=255 enabled=0 missCnt=28 lastAccess=85690574316->85690750806
85690927296: system.l3cache.prefetcher: XPT_UPDATE: page=0x96000 idx=255 enabled=0 missCnt=29 lastAccess=85690750806->85690927296
85691103786: system.l3cache.prefetcher: XPT_UPDATE: page=0x96000 idx=255 enabled=0 missCnt=30 lastAccess=85690927296->85691103786
85691280276: system.l3cache.prefetcher: XPT_UPDATE: page=0x96000 idx=255 enabled=0 missCnt=31 lastAccess=85691103786->85691280276
85691456766: system.l3cache.prefetcher: XPT_UPDATE: page=0x96000 idx=255 enabled=1 missCnt=32 lastAccess=85691280276->85691456766
85691631591: system.l3cache.prefetcher: XPT_UPDATE: page=0x96000 idx=255 enabled=1 missCnt=32 lastAccess=85691456766->85691631591
85691781441: system.l3cache.prefetcher: XPT_UPDATE: page=0x96000 idx=255 enabled=1 missCnt=32 lastAccess=85691631591->85691781441
86973512094: system.l3cache.prefetcher:   [EVICT] idx=117 page=0x96000 enabled=1 missCnt=32 lastAccess=85691781441
87406126380: system.l3cache.prefetcher: === XPTGuard === page=0x96000 asid=0 core=6 c=256/n=256 P=1.000 r=0.814 trig=YES vGLO=1
87406126380: system.l3cache.prefetcher: XPTGuard: page=0x96000 c=256 n=256 P=1.000 r=0.814 trig=1
87406126380: system.l3cache.prefetcher:   [INSERT] page=0x96000 -> table size: 256/256
87411804696: system.l3cache.prefetcher:   [EVICT] idx=231 page=0x96000 enabled=0 missCnt=0 lastAccess=87406126380
87611211090: system.l3cache.prefetcher: === XPTGuard === page=0x96000 asid=0 core=6 c=256/n=256 P=1.000 r=0.940 trig=YES vGLO=1
87611211090: system.l3cache.prefetcher: XPTGuard: page=0x96000 c=256 n=256 P=1.000 r=0.940 trig=1
87611211090: system.l3cache.prefetcher:   [INSERT] page=0x96000 -> table size: 256/256
87611412555: system.l3cache.prefetcher: XPT_UPDATE: page=0x96000 idx=255 enabled=0 missCnt=0 lastAccess=87611211090->87611412555
87611589045: system.l3cache.prefetcher: XPT_UPDATE: page=0x96000 idx=255 enabled=0 missCnt=1 lastAccess=87611412555->87611589045
87611765535: system.l3cache.prefetcher: XPT_UPDATE: page=0x96000 idx=255 enabled=0 missCnt=2 lastAccess=87611589045->87611765535
87611942025: system.l3cache.prefetcher: XPT_UPDATE: page=0x96000 idx=255 enabled=0 missCnt=3 lastAccess=87611765535->87611942025
87612118515: system.l3cache.prefetcher: XPT_UPDATE: page=0x96000 idx=255 enabled=0 missCnt=4 lastAccess=87611942025->87612118515
87612295005: system.l3cache.prefetcher: XPT_UPDATE: page=0x96000 idx=255 enabled=0 missCnt=5 lastAccess=87612118515->87612295005
87612471495: system.l3cache.prefetcher: XPT_UPDATE: page=0x96000 idx=255 enabled=0 missCnt=6 lastAccess=87612295005->87612471495
87612647985: system.l3cache.prefetcher: XPT_UPDATE: page=0x96000 idx=255 enabled=0 missCnt=7 lastAccess=87612471495->87612647985
87612824475: system.l3cache.prefetcher: XPT_UPDATE: page=0x96000 idx=255 enabled=0 missCnt=8 lastAccess=87612647985->87612824475
87613000965: system.l3cache.prefetcher: XPT_UPDATE: page=0x96000 idx=255 enabled=0 missCnt=9 lastAccess=87612824475->87613000965
87613177455: system.l3cache.prefetcher: XPT_UPDATE: page=0x96000 idx=255 enabled=0 missCnt=10 lastAccess=87613000965->87613177455
87613353945: system.l3cache.prefetcher: XPT_UPDATE: page=0x96000 idx=255 enabled=0 missCnt=11 lastAccess=87613177455->87613353945
87613530435: system.l3cache.prefetcher: XPT_UPDATE: page=0x96000 idx=255 enabled=0 missCnt=12 lastAccess=87613353945->87613530435
87613706925: system.l3cache.prefetcher: XPT_UPDATE: page=0x96000 idx=255 enabled=0 missCnt=13 lastAccess=87613530435->87613706925
87613883415: system.l3cache.prefetcher: XPT_UPDATE: page=0x96000 idx=255 enabled=0 missCnt=14 lastAccess=87613706925->87613883415
87614059905: system.l3cache.prefetcher: XPT_UPDATE: page=0x96000 idx=255 enabled=0 missCnt=15 lastAccess=87613883415->87614059905
87614261370: system.l3cache.prefetcher: XPT_UPDATE: page=0x96000 idx=255 enabled=0 missCnt=16 lastAccess=87614059905->87614261370
87614437860: system.l3cache.prefetcher: XPT_UPDATE: page=0x96000 idx=255 enabled=0 missCnt=17 lastAccess=87614261370->87614437860
87614614350: system.l3cache.prefetcher: XPT_UPDATE: page=0x96000 idx=255 enabled=0 missCnt=18 lastAccess=87614437860->87614614350
87614790840: system.l3cache.prefetcher: XPT_UPDATE: page=0x96000 idx=255 enabled=0 missCnt=19 lastAccess=87614614350->87614790840
87614967330: system.l3cache.prefetcher: XPT_UPDATE: page=0x96000 idx=255 enabled=0 missCnt=20 lastAccess=87614790840->87614967330
87615143820: system.l3cache.prefetcher: XPT_UPDATE: page=0x96000 idx=255 enabled=0 missCnt=21 lastAccess=87614967330->87615143820
87615320310: system.l3cache.prefetcher: XPT_UPDATE: page=0x96000 idx=255 enabled=0 missCnt=22 lastAccess=87615143820->87615320310
87615496800: system.l3cache.prefetcher: XPT_UPDATE: page=0x96000 idx=255 enabled=0 missCnt=23 lastAccess=87615320310->87615496800
87615673290: system.l3cache.prefetcher: XPT_UPDATE: page=0x96000 idx=255 enabled=0 missCnt=24 lastAccess=87615496800->87615673290
87615849780: system.l3cache.prefetcher: XPT_UPDATE: page=0x96000 idx=255 enabled=0 missCnt=25 lastAccess=87615673290->87615849780
87616026270: system.l3cache.prefetcher: XPT_UPDATE: page=0x96000 idx=255 enabled=0 missCnt=26 lastAccess=87615849780->87616026270
87616202760: system.l3cache.prefetcher: XPT_UPDATE: page=0x96000 idx=255 enabled=0 missCnt=27 lastAccess=87616026270->87616202760
87616379250: system.l3cache.prefetcher: XPT_UPDATE: page=0x96000 idx=255 enabled=0 missCnt=28 lastAccess=87616202760->87616379250
87616555740: system.l3cache.prefetcher: XPT_UPDATE: page=0x96000 idx=255 enabled=0 missCnt=29 lastAccess=87616379250->87616555740
87616997631: system.l3cache.prefetcher: XPT_UPDATE: page=0x96000 idx=255 enabled=0 missCnt=30 lastAccess=87616555740->87616997631
87617174121: system.l3cache.prefetcher: XPT_UPDATE: page=0x96000 idx=255 enabled=0 missCnt=31 lastAccess=87616997631->87617174121
87617350611: system.l3cache.prefetcher: XPT_UPDATE: page=0x96000 idx=255 enabled=1 missCnt=32 lastAccess=87617174121->87617350611
87617500461: system.l3cache.prefetcher: XPT_UPDATE: page=0x96000 idx=255 enabled=1 missCnt=32 lastAccess=87617350611->87617500461
87617650311: system.l3cache.prefetcher: XPT_UPDATE: page=0x96000 idx=255 enabled=1 missCnt=32 lastAccess=87617500461->87617650311
88725559626: system.l3cache.prefetcher:   [EVICT] idx=135 page=0x96000 enabled=1 missCnt=32 lastAccess=87617650311
89330501412: system.l3cache.prefetcher: === XPTGuard === page=0x96000 asid=0 core=6 c=256/n=256 P=1.000 r=0.640 trig=YES vGLO=1
89330501412: system.l3cache.prefetcher: XPTGuard: page=0x96000 c=256 n=256 P=1.000 r=0.640 trig=1
89330501412: system.l3cache.prefetcher:   [INSERT] page=0x96000 -> table size: 256/256
89338750155: system.l3cache.prefetcher:   [EVICT] idx=222 page=0x96000 enabled=0 missCnt=0 lastAccess=89330501412
89535676032: system.l3cache.prefetcher: === XPTGuard === page=0x96000 asid=0 core=6 c=256/n=256 P=1.000 r=0.933 trig=YES vGLO=1
89535676032: system.l3cache.prefetcher: XPTGuard: page=0x96000 c=256 n=256 P=1.000 r=0.933 trig=1
89535676032: system.l3cache.prefetcher:   [INSERT] page=0x96000 -> table size: 256/256
89535902472: system.l3cache.prefetcher: XPT_UPDATE: page=0x96000 idx=255 enabled=0 missCnt=0 lastAccess=89535676032->89535902472
89536078962: system.l3cache.prefetcher: XPT_UPDATE: page=0x96000 idx=255 enabled=0 missCnt=1 lastAccess=89535902472->89536078962
89536255452: system.l3cache.prefetcher: XPT_UPDATE: page=0x96000 idx=255 enabled=0 missCnt=2 lastAccess=89536078962->89536255452
89536431942: system.l3cache.prefetcher: XPT_UPDATE: page=0x96000 idx=255 enabled=0 missCnt=3 lastAccess=89536255452->89536431942
89536608432: system.l3cache.prefetcher: XPT_UPDATE: page=0x96000 idx=255 enabled=0 missCnt=4 lastAccess=89536431942->89536608432
89536784922: system.l3cache.prefetcher: XPT_UPDATE: page=0x96000 idx=255 enabled=0 missCnt=5 lastAccess=89536608432->89536784922
89536961412: system.l3cache.prefetcher: XPT_UPDATE: page=0x96000 idx=255 enabled=0 missCnt=6 lastAccess=89536784922->89536961412
89537422617: system.l3cache.prefetcher: XPT_UPDATE: page=0x96000 idx=255 enabled=0 missCnt=7 lastAccess=89536961412->89537422617
89537599107: system.l3cache.prefetcher: XPT_UPDATE: page=0x96000 idx=255 enabled=0 missCnt=8 lastAccess=89537422617->89537599107
89537775597: system.l3cache.prefetcher: XPT_UPDATE: page=0x96000 idx=255 enabled=0 missCnt=9 lastAccess=89537599107->89537775597
89537952087: system.l3cache.prefetcher: XPT_UPDATE: page=0x96000 idx=255 enabled=0 missCnt=10 lastAccess=89537775597->89537952087
89538128577: system.l3cache.prefetcher: XPT_UPDATE: page=0x96000 idx=255 enabled=0 missCnt=11 lastAccess=89537952087->89538128577
89538305067: system.l3cache.prefetcher: XPT_UPDATE: page=0x96000 idx=255 enabled=0 missCnt=12 lastAccess=89538128577->89538305067
89538481557: system.l3cache.prefetcher: XPT_UPDATE: page=0x96000 idx=255 enabled=0 missCnt=13 lastAccess=89538305067->89538481557
89538658047: system.l3cache.prefetcher: XPT_UPDATE: page=0x96000 idx=255 enabled=0 missCnt=14 lastAccess=89538481557->89538658047
89538834537: system.l3cache.prefetcher: XPT_UPDATE: page=0x96000 idx=255 enabled=0 missCnt=15 lastAccess=89538658047->89538834537
89539011027: system.l3cache.prefetcher: XPT_UPDATE: page=0x96000 idx=255 enabled=0 missCnt=16 lastAccess=89538834537->89539011027
89539187517: system.l3cache.prefetcher: XPT_UPDATE: page=0x96000 idx=255 enabled=0 missCnt=17 lastAccess=89539011027->89539187517
89539364007: system.l3cache.prefetcher: XPT_UPDATE: page=0x96000 idx=255 enabled=0 missCnt=18 lastAccess=89539187517->89539364007
89539540497: system.l3cache.prefetcher: XPT_UPDATE: page=0x96000 idx=255 enabled=0 missCnt=19 lastAccess=89539364007->89539540497
89539716987: system.l3cache.prefetcher: XPT_UPDATE: page=0x96000 idx=255 enabled=0 missCnt=20 lastAccess=89539540497->89539716987
89539893477: system.l3cache.prefetcher: XPT_UPDATE: page=0x96000 idx=255 enabled=0 missCnt=21 lastAccess=89539716987->89539893477
89540069967: system.l3cache.prefetcher: XPT_UPDATE: page=0x96000 idx=255 enabled=0 missCnt=22 lastAccess=89539893477->89540069967
89540271432: system.l3cache.prefetcher: XPT_UPDATE: page=0x96000 idx=255 enabled=0 missCnt=23 lastAccess=89540069967->89540271432
89540447922: system.l3cache.prefetcher: XPT_UPDATE: page=0x96000 idx=255 enabled=0 missCnt=24 lastAccess=89540271432->89540447922
89540624412: system.l3cache.prefetcher: XPT_UPDATE: page=0x96000 idx=255 enabled=0 missCnt=25 lastAccess=89540447922->89540624412
89540800902: system.l3cache.prefetcher: XPT_UPDATE: page=0x96000 idx=255 enabled=0 missCnt=26 lastAccess=89540624412->89540800902
89540977392: system.l3cache.prefetcher: XPT_UPDATE: page=0x96000 idx=255 enabled=0 missCnt=27 lastAccess=89540800902->89540977392
89541153882: system.l3cache.prefetcher: XPT_UPDATE: page=0x96000 idx=255 enabled=0 missCnt=28 lastAccess=89540977392->89541153882
89541330372: system.l3cache.prefetcher: XPT_UPDATE: page=0x96000 idx=255 enabled=0 missCnt=29 lastAccess=89541153882->89541330372
89541506862: system.l3cache.prefetcher: XPT_UPDATE: page=0x96000 idx=255 enabled=0 missCnt=30 lastAccess=89541330372->89541506862
89541683352: system.l3cache.prefetcher: XPT_UPDATE: page=0x96000 idx=255 enabled=0 missCnt=31 lastAccess=89541506862->89541683352
89541859842: system.l3cache.prefetcher: XPT_UPDATE: page=0x96000 idx=255 enabled=1 missCnt=32 lastAccess=89541683352->89541859842
89542009692: system.l3cache.prefetcher: XPT_UPDATE: page=0x96000 idx=255 enabled=1 missCnt=32 lastAccess=89541859842->89542009692
89542159542: system.l3cache.prefetcher: XPT_UPDATE: page=0x96000 idx=255 enabled=1 missCnt=32 lastAccess=89542009692->89542159542
91254859128: system.l3cache.prefetcher: XPT_UPDATE: page=0x96000 idx=92 enabled=1 missCnt=32 lastAccess=89542159542->91254859128
91360636245: system.l3cache.prefetcher:   [EVICT] idx=11 page=0x96000 enabled=1 missCnt=32 lastAccess=91254859128
91459835946: system.l3cache.prefetcher: === XPTGuard === page=0x96000 asid=0 core=6 c=256/n=256 P=1.000 r=0.804 trig=YES vGLO=1
91459835946: system.l3cache.prefetcher: XPTGuard: page=0x96000 c=256 n=256 P=1.000 r=0.804 trig=1
91459835946: system.l3cache.prefetcher:   [INSERT] page=0x96000 -> table size: 256/256
91460037411: system.l3cache.prefetcher: XPT_UPDATE: page=0x96000 idx=255 enabled=0 missCnt=0 lastAccess=91459835946->91460037411
91460213901: system.l3cache.prefetcher: XPT_UPDATE: page=0x96000 idx=255 enabled=0 missCnt=1 lastAccess=91460037411->91460213901
91460390391: system.l3cache.prefetcher: XPT_UPDATE: page=0x96000 idx=255 enabled=0 missCnt=2 lastAccess=91460213901->91460390391
91460566881: system.l3cache.prefetcher: XPT_UPDATE: page=0x96000 idx=255 enabled=0 missCnt=3 lastAccess=91460390391->91460566881
91460743371: system.l3cache.prefetcher: XPT_UPDATE: page=0x96000 idx=255 enabled=0 missCnt=4 lastAccess=91460566881->91460743371
91460919861: system.l3cache.prefetcher: XPT_UPDATE: page=0x96000 idx=255 enabled=0 missCnt=5 lastAccess=91460743371->91460919861
91461096351: system.l3cache.prefetcher: XPT_UPDATE: page=0x96000 idx=255 enabled=0 missCnt=6 lastAccess=91460919861->91461096351
91461272841: system.l3cache.prefetcher: XPT_UPDATE: page=0x96000 idx=255 enabled=0 missCnt=7 lastAccess=91461096351->91461272841
91461449331: system.l3cache.prefetcher: XPT_UPDATE: page=0x96000 idx=255 enabled=0 missCnt=8 lastAccess=91461272841->91461449331
91461625821: system.l3cache.prefetcher: XPT_UPDATE: page=0x96000 idx=255 enabled=0 missCnt=9 lastAccess=91461449331->91461625821
91461802311: system.l3cache.prefetcher: XPT_UPDATE: page=0x96000 idx=255 enabled=0 missCnt=10 lastAccess=91461625821->91461802311
91461978801: system.l3cache.prefetcher: XPT_UPDATE: page=0x96000 idx=255 enabled=0 missCnt=11 lastAccess=91461802311->91461978801
91462155291: system.l3cache.prefetcher: XPT_UPDATE: page=0x96000 idx=255 enabled=0 missCnt=12 lastAccess=91461978801->91462155291
91462331781: system.l3cache.prefetcher: XPT_UPDATE: page=0x96000 idx=255 enabled=0 missCnt=13 lastAccess=91462155291->91462331781
91462508271: system.l3cache.prefetcher: XPT_UPDATE: page=0x96000 idx=255 enabled=0 missCnt=14 lastAccess=91462331781->91462508271
91462684761: system.l3cache.prefetcher: XPT_UPDATE: page=0x96000 idx=255 enabled=0 missCnt=15 lastAccess=91462508271->91462684761
91462886226: system.l3cache.prefetcher: XPT_UPDATE: page=0x96000 idx=255 enabled=0 missCnt=16 lastAccess=91462684761->91462886226
91463062716: system.l3cache.prefetcher: XPT_UPDATE: page=0x96000 idx=255 enabled=0 missCnt=17 lastAccess=91462886226->91463062716
91463239206: system.l3cache.prefetcher: XPT_UPDATE: page=0x96000 idx=255 enabled=0 missCnt=18 lastAccess=91463062716->91463239206
91463415696: system.l3cache.prefetcher: XPT_UPDATE: page=0x96000 idx=255 enabled=0 missCnt=19 lastAccess=91463239206->91463415696
91463592186: system.l3cache.prefetcher: XPT_UPDATE: page=0x96000 idx=255 enabled=0 missCnt=20 lastAccess=91463415696->91463592186
91463768676: system.l3cache.prefetcher: XPT_UPDATE: page=0x96000 idx=255 enabled=0 missCnt=21 lastAccess=91463592186->91463768676
91463945166: system.l3cache.prefetcher: XPT_UPDATE: page=0x96000 idx=255 enabled=0 missCnt=22 lastAccess=91463768676->91463945166
91464121656: system.l3cache.prefetcher: XPT_UPDATE: page=0x96000 idx=255 enabled=0 missCnt=23 lastAccess=91463945166->91464121656
91464298146: system.l3cache.prefetcher: XPT_UPDATE: page=0x96000 idx=255 enabled=0 missCnt=24 lastAccess=91464121656->91464298146
91464474636: system.l3cache.prefetcher: XPT_UPDATE: page=0x96000 idx=255 enabled=0 missCnt=25 lastAccess=91464298146->91464474636
91464651126: system.l3cache.prefetcher: XPT_UPDATE: page=0x96000 idx=255 enabled=0 missCnt=26 lastAccess=91464474636->91464651126
91464827616: system.l3cache.prefetcher: XPT_UPDATE: page=0x96000 idx=255 enabled=0 missCnt=27 lastAccess=91464651126->91464827616
91465004106: system.l3cache.prefetcher: XPT_UPDATE: page=0x96000 idx=255 enabled=0 missCnt=28 lastAccess=91464827616->91465004106
91465180596: system.l3cache.prefetcher: XPT_UPDATE: page=0x96000 idx=255 enabled=0 missCnt=29 lastAccess=91465004106->91465180596
91465622820: system.l3cache.prefetcher: XPT_UPDATE: page=0x96000 idx=255 enabled=0 missCnt=30 lastAccess=91465180596->91465622820
91465799310: system.l3cache.prefetcher: XPT_UPDATE: page=0x96000 idx=255 enabled=0 missCnt=31 lastAccess=91465622820->91465799310
91465975800: system.l3cache.prefetcher: XPT_UPDATE: page=0x96000 idx=255 enabled=1 missCnt=32 lastAccess=91465799310->91465975800
91466125650: system.l3cache.prefetcher: XPT_UPDATE: page=0x96000 idx=255 enabled=1 missCnt=32 lastAccess=91465975800->91466125650
91466275500: system.l3cache.prefetcher: XPT_UPDATE: page=0x96000 idx=255 enabled=1 missCnt=32 lastAccess=91466125650->91466275500
92987520066: system.l3cache.prefetcher:   [EVICT] idx=105 page=0x96000 enabled=1 missCnt=32 lastAccess=91466275500
93178868193: system.l3cache.prefetcher: === XPTGuard === page=0x96000 asid=0 core=6 c=256/n=256 P=1.000 r=0.828 trig=YES vGLO=1
93178868193: system.l3cache.prefetcher: XPTGuard: page=0x96000 c=256 n=256 P=1.000 r=0.828 trig=1
93178868193: system.l3cache.prefetcher:   [INSERT] page=0x96000 -> table size: 256/256
93277973655: system.l3cache.prefetcher:   [EVICT] idx=44 page=0x96000 enabled=0 missCnt=0 lastAccess=93178868193
93383915274: system.l3cache.prefetcher: === XPTGuard === page=0x96000 asid=0 core=6 c=256/n=256 P=1.000 r=0.687 trig=YES vGLO=1
93383915274: system.l3cache.prefetcher: XPTGuard: page=0x96000 c=256 n=256 P=1.000 r=0.687 trig=1
93383915274: system.l3cache.prefetcher:   [INSERT] page=0x96000 -> table size: 256/256
93384141714: system.l3cache.prefetcher: XPT_UPDATE: page=0x96000 idx=255 enabled=0 missCnt=0 lastAccess=93383915274->93384141714
93384318204: system.l3cache.prefetcher: XPT_UPDATE: page=0x96000 idx=255 enabled=0 missCnt=1 lastAccess=93384141714->93384318204
93384494694: system.l3cache.prefetcher: XPT_UPDATE: page=0x96000 idx=255 enabled=0 missCnt=2 lastAccess=93384318204->93384494694
93384671184: system.l3cache.prefetcher: XPT_UPDATE: page=0x96000 idx=255 enabled=0 missCnt=3 lastAccess=93384494694->93384671184
93384847674: system.l3cache.prefetcher: XPT_UPDATE: page=0x96000 idx=255 enabled=0 missCnt=4 lastAccess=93384671184->93384847674
93385024164: system.l3cache.prefetcher: XPT_UPDATE: page=0x96000 idx=255 enabled=0 missCnt=5 lastAccess=93384847674->93385024164
93385200654: system.l3cache.prefetcher: XPT_UPDATE: page=0x96000 idx=255 enabled=0 missCnt=6 lastAccess=93385024164->93385200654
93385377144: system.l3cache.prefetcher: XPT_UPDATE: page=0x96000 idx=255 enabled=0 missCnt=7 lastAccess=93385200654->93385377144
93385553634: system.l3cache.prefetcher: XPT_UPDATE: page=0x96000 idx=255 enabled=0 missCnt=8 lastAccess=93385377144->93385553634
93386047806: system.l3cache.prefetcher: XPT_UPDATE: page=0x96000 idx=255 enabled=0 missCnt=9 lastAccess=93385553634->93386047806
93386224296: system.l3cache.prefetcher: XPT_UPDATE: page=0x96000 idx=255 enabled=0 missCnt=10 lastAccess=93386047806->93386224296
93386400786: system.l3cache.prefetcher: XPT_UPDATE: page=0x96000 idx=255 enabled=0 missCnt=11 lastAccess=93386224296->93386400786
93386577276: system.l3cache.prefetcher: XPT_UPDATE: page=0x96000 idx=255 enabled=0 missCnt=12 lastAccess=93386400786->93386577276
93386753766: system.l3cache.prefetcher: XPT_UPDATE: page=0x96000 idx=255 enabled=0 missCnt=13 lastAccess=93386577276->93386753766
93386930256: system.l3cache.prefetcher: XPT_UPDATE: page=0x96000 idx=255 enabled=0 missCnt=14 lastAccess=93386753766->93386930256
93387106746: system.l3cache.prefetcher: XPT_UPDATE: page=0x96000 idx=255 enabled=0 missCnt=15 lastAccess=93386930256->93387106746
93387283236: system.l3cache.prefetcher: XPT_UPDATE: page=0x96000 idx=255 enabled=0 missCnt=16 lastAccess=93387106746->93387283236
93387459726: system.l3cache.prefetcher: XPT_UPDATE: page=0x96000 idx=255 enabled=0 missCnt=17 lastAccess=93387283236->93387459726
93387636216: system.l3cache.prefetcher: XPT_UPDATE: page=0x96000 idx=255 enabled=0 missCnt=18 lastAccess=93387459726->93387636216
93387812706: system.l3cache.prefetcher: XPT_UPDATE: page=0x96000 idx=255 enabled=0 missCnt=19 lastAccess=93387636216->93387812706
93387989196: system.l3cache.prefetcher: XPT_UPDATE: page=0x96000 idx=255 enabled=0 missCnt=20 lastAccess=93387812706->93387989196
93388165686: system.l3cache.prefetcher: XPT_UPDATE: page=0x96000 idx=255 enabled=0 missCnt=21 lastAccess=93387989196->93388165686
93388342176: system.l3cache.prefetcher: XPT_UPDATE: page=0x96000 idx=255 enabled=0 missCnt=22 lastAccess=93388165686->93388342176
93388518666: system.l3cache.prefetcher: XPT_UPDATE: page=0x96000 idx=255 enabled=0 missCnt=23 lastAccess=93388342176->93388518666
93388695156: system.l3cache.prefetcher: XPT_UPDATE: page=0x96000 idx=255 enabled=0 missCnt=24 lastAccess=93388518666->93388695156
93388896621: system.l3cache.prefetcher: XPT_UPDATE: page=0x96000 idx=255 enabled=0 missCnt=25 lastAccess=93388695156->93388896621
93389073111: system.l3cache.prefetcher: XPT_UPDATE: page=0x96000 idx=255 enabled=0 missCnt=26 lastAccess=93388896621->93389073111
93389249601: system.l3cache.prefetcher: XPT_UPDATE: page=0x96000 idx=255 enabled=0 missCnt=27 lastAccess=93389073111->93389249601
93389426091: system.l3cache.prefetcher: XPT_UPDATE: page=0x96000 idx=255 enabled=0 missCnt=28 lastAccess=93389249601->93389426091
93389602581: system.l3cache.prefetcher: XPT_UPDATE: page=0x96000 idx=255 enabled=0 missCnt=29 lastAccess=93389426091->93389602581
93389779071: system.l3cache.prefetcher: XPT_UPDATE: page=0x96000 idx=255 enabled=0 missCnt=30 lastAccess=93389602581->93389779071
93389955561: system.l3cache.prefetcher: XPT_UPDATE: page=0x96000 idx=255 enabled=0 missCnt=31 lastAccess=93389779071->93389955561
93390132051: system.l3cache.prefetcher: XPT_UPDATE: page=0x96000 idx=255 enabled=1 missCnt=32 lastAccess=93389955561->93390132051
93390281901: system.l3cache.prefetcher: XPT_UPDATE: page=0x96000 idx=255 enabled=1 missCnt=32 lastAccess=93390132051->93390281901
93390431751: system.l3cache.prefetcher: XPT_UPDATE: page=0x96000 idx=255 enabled=1 missCnt=32 lastAccess=93390281901->93390431751
93639359574: system.l3cache.prefetcher:   [EVICT] idx=222 page=0x96000 enabled=1 missCnt=32 lastAccess=93390431751
95105342457: system.l3cache.prefetcher: === XPTGuard === page=0x96000 asid=0 core=6 c=256/n=256 P=1.000 r=0.022 trig=YES vGLO=1
95105342457: system.l3cache.prefetcher: XPTGuard: page=0x96000 c=256 n=256 P=1.000 r=0.022 trig=1
95105342457: system.l3cache.prefetcher:   [INSERT] page=0x96000 -> table size: 256/256
95172702030: system.l3cache.prefetcher:   [EVICT] idx=70 page=0x96000 enabled=0 missCnt=0 lastAccess=95105342457
95310390870: system.l3cache.prefetcher: === XPTGuard === page=0x96000 asid=0 core=6 c=256/n=256 P=1.000 r=0.775 trig=YES vGLO=1
95310390870: system.l3cache.prefetcher: XPTGuard: page=0x96000 c=256 n=256 P=1.000 r=0.775 trig=1
95310390870: system.l3cache.prefetcher:   [INSERT] page=0x96000 -> table size: 256/256
95310617310: system.l3cache.prefetcher: XPT_UPDATE: page=0x96000 idx=255 enabled=0 missCnt=0 lastAccess=95310390870->95310617310
95310793800: system.l3cache.prefetcher: XPT_UPDATE: page=0x96000 idx=255 enabled=0 missCnt=1 lastAccess=95310617310->95310793800
95310970290: system.l3cache.prefetcher: XPT_UPDATE: page=0x96000 idx=255 enabled=0 missCnt=2 lastAccess=95310793800->95310970290
95311146780: system.l3cache.prefetcher: XPT_UPDATE: page=0x96000 idx=255 enabled=0 missCnt=3 lastAccess=95310970290->95311146780
95311323270: system.l3cache.prefetcher: XPT_UPDATE: page=0x96000 idx=255 enabled=0 missCnt=4 lastAccess=95311146780->95311323270
95311499760: system.l3cache.prefetcher: XPT_UPDATE: page=0x96000 idx=255 enabled=0 missCnt=5 lastAccess=95311323270->95311499760
95311676250: system.l3cache.prefetcher: XPT_UPDATE: page=0x96000 idx=255 enabled=0 missCnt=6 lastAccess=95311499760->95311676250
95311852740: system.l3cache.prefetcher: XPT_UPDATE: page=0x96000 idx=255 enabled=0 missCnt=7 lastAccess=95311676250->95311852740
95312029230: system.l3cache.prefetcher: XPT_UPDATE: page=0x96000 idx=255 enabled=0 missCnt=8 lastAccess=95311852740->95312029230
95312205720: system.l3cache.prefetcher: XPT_UPDATE: page=0x96000 idx=255 enabled=0 missCnt=9 lastAccess=95312029230->95312205720
95312382210: system.l3cache.prefetcher: XPT_UPDATE: page=0x96000 idx=255 enabled=0 missCnt=10 lastAccess=95312205720->95312382210
95312558700: system.l3cache.prefetcher: XPT_UPDATE: page=0x96000 idx=255 enabled=0 missCnt=11 lastAccess=95312382210->95312558700
95312735190: system.l3cache.prefetcher: XPT_UPDATE: page=0x96000 idx=255 enabled=0 missCnt=12 lastAccess=95312558700->95312735190
95312911680: system.l3cache.prefetcher: XPT_UPDATE: page=0x96000 idx=255 enabled=0 missCnt=13 lastAccess=95312735190->95312911680
95313088170: system.l3cache.prefetcher: XPT_UPDATE: page=0x96000 idx=255 enabled=0 missCnt=14 lastAccess=95312911680->95313088170
95313264660: system.l3cache.prefetcher: XPT_UPDATE: page=0x96000 idx=255 enabled=0 missCnt=15 lastAccess=95313088170->95313264660
95313466125: system.l3cache.prefetcher: XPT_UPDATE: page=0x96000 idx=255 enabled=0 missCnt=16 lastAccess=95313264660->95313466125
95313642615: system.l3cache.prefetcher: XPT_UPDATE: page=0x96000 idx=255 enabled=0 missCnt=17 lastAccess=95313466125->95313642615
95313819105: system.l3cache.prefetcher: XPT_UPDATE: page=0x96000 idx=255 enabled=0 missCnt=18 lastAccess=95313642615->95313819105
95314247676: system.l3cache.prefetcher: XPT_UPDATE: page=0x96000 idx=255 enabled=0 missCnt=19 lastAccess=95313819105->95314247676
95314424166: system.l3cache.prefetcher: XPT_UPDATE: page=0x96000 idx=255 enabled=0 missCnt=20 lastAccess=95314247676->95314424166
95314600656: system.l3cache.prefetcher: XPT_UPDATE: page=0x96000 idx=255 enabled=0 missCnt=21 lastAccess=95314424166->95314600656
95314777146: system.l3cache.prefetcher: XPT_UPDATE: page=0x96000 idx=255 enabled=0 missCnt=22 lastAccess=95314600656->95314777146
95314953636: system.l3cache.prefetcher: XPT_UPDATE: page=0x96000 idx=255 enabled=0 missCnt=23 lastAccess=95314777146->95314953636
95315130126: system.l3cache.prefetcher: XPT_UPDATE: page=0x96000 idx=255 enabled=0 missCnt=24 lastAccess=95314953636->95315130126
95315306616: system.l3cache.prefetcher: XPT_UPDATE: page=0x96000 idx=255 enabled=0 missCnt=25 lastAccess=95315130126->95315306616
95315483106: system.l3cache.prefetcher: XPT_UPDATE: page=0x96000 idx=255 enabled=0 missCnt=26 lastAccess=95315306616->95315483106
95315659596: system.l3cache.prefetcher: XPT_UPDATE: page=0x96000 idx=255 enabled=0 missCnt=27 lastAccess=95315483106->95315659596
95315836086: system.l3cache.prefetcher: XPT_UPDATE: page=0x96000 idx=255 enabled=0 missCnt=28 lastAccess=95315659596->95315836086
95316012576: system.l3cache.prefetcher: XPT_UPDATE: page=0x96000 idx=255 enabled=0 missCnt=29 lastAccess=95315836086->95316012576
95316189066: system.l3cache.prefetcher: XPT_UPDATE: page=0x96000 idx=255 enabled=0 missCnt=30 lastAccess=95316012576->95316189066
95316365556: system.l3cache.prefetcher: XPT_UPDATE: page=0x96000 idx=255 enabled=0 missCnt=31 lastAccess=95316189066->95316365556
95316542046: system.l3cache.prefetcher: XPT_UPDATE: page=0x96000 idx=255 enabled=1 missCnt=32 lastAccess=95316365556->95316542046
95316691896: system.l3cache.prefetcher: XPT_UPDATE: page=0x96000 idx=255 enabled=1 missCnt=32 lastAccess=95316542046->95316691896
95316841746: system.l3cache.prefetcher: XPT_UPDATE: page=0x96000 idx=255 enabled=1 missCnt=32 lastAccess=95316691896->95316841746
97028903970: system.l3cache.prefetcher: XPT_UPDATE: page=0x96000 idx=90 enabled=1 missCnt=32 lastAccess=95316841746->97028903970
97092741069: system.l3cache.prefetcher:   [EVICT] idx=22 page=0x96000 enabled=1 missCnt=32 lastAccess=97028903970
97233903432: system.l3cache.prefetcher: === XPTGuard === page=0x96000 asid=0 core=6 c=256/n=256 P=1.000 r=0.940 trig=YES vGLO=1
97233903432: system.l3cache.prefetcher: XPTGuard: page=0x96000 c=256 n=256 P=1.000 r=0.940 trig=1
97233903432: system.l3cache.prefetcher:   [INSERT] page=0x96000 -> table size: 256/256
97234129872: system.l3cache.prefetcher: XPT_UPDATE: page=0x96000 idx=255 enabled=0 missCnt=0 lastAccess=97233903432->97234129872
97234672662: system.l3cache.prefetcher: XPT_UPDATE: page=0x96000 idx=255 enabled=0 missCnt=1 lastAccess=97234129872->97234672662
97234849152: system.l3cache.prefetcher: XPT_UPDATE: page=0x96000 idx=255 enabled=0 missCnt=2 lastAccess=97234672662->97234849152
97235025642: system.l3cache.prefetcher: XPT_UPDATE: page=0x96000 idx=255 enabled=0 missCnt=3 lastAccess=97234849152->97235025642
97235202132: system.l3cache.prefetcher: XPT_UPDATE: page=0x96000 idx=255 enabled=0 missCnt=4 lastAccess=97235025642->97235202132
97235378622: system.l3cache.prefetcher: XPT_UPDATE: page=0x96000 idx=255 enabled=0 missCnt=5 lastAccess=97235202132->97235378622
97235555112: system.l3cache.prefetcher: XPT_UPDATE: page=0x96000 idx=255 enabled=0 missCnt=6 lastAccess=97235378622->97235555112
97235731602: system.l3cache.prefetcher: XPT_UPDATE: page=0x96000 idx=255 enabled=0 missCnt=7 lastAccess=97235555112->97235731602
97235908092: system.l3cache.prefetcher: XPT_UPDATE: page=0x96000 idx=255 enabled=0 missCnt=8 lastAccess=97235731602->97235908092
97236084582: system.l3cache.prefetcher: XPT_UPDATE: page=0x96000 idx=255 enabled=0 missCnt=9 lastAccess=97235908092->97236084582
97236261072: system.l3cache.prefetcher: XPT_UPDATE: page=0x96000 idx=255 enabled=0 missCnt=10 lastAccess=97236084582->97236261072
97236437562: system.l3cache.prefetcher: XPT_UPDATE: page=0x96000 idx=255 enabled=0 missCnt=11 lastAccess=97236261072->97236437562
97236614052: system.l3cache.prefetcher: XPT_UPDATE: page=0x96000 idx=255 enabled=0 missCnt=12 lastAccess=97236437562->97236614052
97236790542: system.l3cache.prefetcher: XPT_UPDATE: page=0x96000 idx=255 enabled=0 missCnt=13 lastAccess=97236614052->97236790542
97236967032: system.l3cache.prefetcher: XPT_UPDATE: page=0x96000 idx=255 enabled=0 missCnt=14 lastAccess=97236790542->97236967032
97237143522: system.l3cache.prefetcher: XPT_UPDATE: page=0x96000 idx=255 enabled=0 missCnt=15 lastAccess=97236967032->97237143522
97237320012: system.l3cache.prefetcher: XPT_UPDATE: page=0x96000 idx=255 enabled=0 missCnt=16 lastAccess=97237143522->97237320012
97237521477: system.l3cache.prefetcher: XPT_UPDATE: page=0x96000 idx=255 enabled=0 missCnt=17 lastAccess=97237320012->97237521477
97237697967: system.l3cache.prefetcher: XPT_UPDATE: page=0x96000 idx=255 enabled=0 missCnt=18 lastAccess=97237521477->97237697967
97237874457: system.l3cache.prefetcher: XPT_UPDATE: page=0x96000 idx=255 enabled=0 missCnt=19 lastAccess=97237697967->97237874457
97238050947: system.l3cache.prefetcher: XPT_UPDATE: page=0x96000 idx=255 enabled=0 missCnt=20 lastAccess=97237874457->97238050947
97238227437: system.l3cache.prefetcher: XPT_UPDATE: page=0x96000 idx=255 enabled=0 missCnt=21 lastAccess=97238050947->97238227437
97238403927: system.l3cache.prefetcher: XPT_UPDATE: page=0x96000 idx=255 enabled=0 missCnt=22 lastAccess=97238227437->97238403927
97238580417: system.l3cache.prefetcher: XPT_UPDATE: page=0x96000 idx=255 enabled=0 missCnt=23 lastAccess=97238403927->97238580417
97238756907: system.l3cache.prefetcher: XPT_UPDATE: page=0x96000 idx=255 enabled=0 missCnt=24 lastAccess=97238580417->97238756907
97238933397: system.l3cache.prefetcher: XPT_UPDATE: page=0x96000 idx=255 enabled=0 missCnt=25 lastAccess=97238756907->97238933397
97239109887: system.l3cache.prefetcher: XPT_UPDATE: page=0x96000 idx=255 enabled=0 missCnt=26 lastAccess=97238933397->97239109887
97239286377: system.l3cache.prefetcher: XPT_UPDATE: page=0x96000 idx=255 enabled=0 missCnt=27 lastAccess=97239109887->97239286377
97239462867: system.l3cache.prefetcher: XPT_UPDATE: page=0x96000 idx=255 enabled=0 missCnt=28 lastAccess=97239286377->97239462867
97239639357: system.l3cache.prefetcher: XPT_UPDATE: page=0x96000 idx=255 enabled=0 missCnt=29 lastAccess=97239462867->97239639357
97239815847: system.l3cache.prefetcher: XPT_UPDATE: page=0x96000 idx=255 enabled=0 missCnt=30 lastAccess=97239639357->97239815847
97239992337: system.l3cache.prefetcher: XPT_UPDATE: page=0x96000 idx=255 enabled=0 missCnt=31 lastAccess=97239815847->97239992337
97240168827: system.l3cache.prefetcher: XPT_UPDATE: page=0x96000 idx=255 enabled=1 missCnt=32 lastAccess=97239992337->97240168827
97240343652: system.l3cache.prefetcher: XPT_UPDATE: page=0x96000 idx=255 enabled=1 missCnt=32 lastAccess=97240168827->97240343652
97240493502: system.l3cache.prefetcher: XPT_UPDATE: page=0x96000 idx=255 enabled=1 missCnt=32 lastAccess=97240343652->97240493502
98952969645: system.l3cache.prefetcher: XPT_UPDATE: page=0x96000 idx=93 enabled=1 missCnt=32 lastAccess=97240493502->98952969645
99042722136: system.l3cache.prefetcher:   [EVICT] idx=19 page=0x96000 enabled=1 missCnt=32 lastAccess=98952969645
99158038371: system.l3cache.prefetcher: === XPTGuard === page=0x96000 asid=0 core=6 c=256/n=256 P=1.000 r=0.546 trig=YES vGLO=1
99158038371: system.l3cache.prefetcher: XPTGuard: page=0x96000 c=256 n=256 P=1.000 r=0.546 trig=1
99158038371: system.l3cache.prefetcher:   [INSERT] page=0x96000 -> table size: 256/256
99158264811: system.l3cache.prefetcher: XPT_UPDATE: page=0x96000 idx=255 enabled=0 missCnt=0 lastAccess=99158038371->99158264811
99158441301: system.l3cache.prefetcher: XPT_UPDATE: page=0x96000 idx=255 enabled=0 missCnt=1 lastAccess=99158264811->99158441301
99158617791: system.l3cache.prefetcher: XPT_UPDATE: page=0x96000 idx=255 enabled=0 missCnt=2 lastAccess=99158441301->99158617791
99158794281: system.l3cache.prefetcher: XPT_UPDATE: page=0x96000 idx=255 enabled=0 missCnt=3 lastAccess=99158617791->99158794281
99158970771: system.l3cache.prefetcher: XPT_UPDATE: page=0x96000 idx=255 enabled=0 missCnt=4 lastAccess=99158794281->99158970771
99159147261: system.l3cache.prefetcher: XPT_UPDATE: page=0x96000 idx=255 enabled=0 missCnt=5 lastAccess=99158970771->99159147261
99159323751: system.l3cache.prefetcher: XPT_UPDATE: page=0x96000 idx=255 enabled=0 missCnt=6 lastAccess=99159147261->99159323751
99159500241: system.l3cache.prefetcher: XPT_UPDATE: page=0x96000 idx=255 enabled=0 missCnt=7 lastAccess=99159323751->99159500241
99159676731: system.l3cache.prefetcher: XPT_UPDATE: page=0x96000 idx=255 enabled=0 missCnt=8 lastAccess=99159500241->99159676731
99159853221: system.l3cache.prefetcher: XPT_UPDATE: page=0x96000 idx=255 enabled=0 missCnt=9 lastAccess=99159676731->99159853221
99160029711: system.l3cache.prefetcher: XPT_UPDATE: page=0x96000 idx=255 enabled=0 missCnt=10 lastAccess=99159853221->99160029711
99160206201: system.l3cache.prefetcher: XPT_UPDATE: page=0x96000 idx=255 enabled=0 missCnt=11 lastAccess=99160029711->99160206201
99160382691: system.l3cache.prefetcher: XPT_UPDATE: page=0x96000 idx=255 enabled=0 missCnt=12 lastAccess=99160206201->99160382691
99160559181: system.l3cache.prefetcher: XPT_UPDATE: page=0x96000 idx=255 enabled=0 missCnt=13 lastAccess=99160382691->99160559181
99160735671: system.l3cache.prefetcher: XPT_UPDATE: page=0x96000 idx=255 enabled=0 missCnt=14 lastAccess=99160559181->99160735671
99160912161: system.l3cache.prefetcher: XPT_UPDATE: page=0x96000 idx=255 enabled=0 missCnt=15 lastAccess=99160735671->99160912161
99161113626: system.l3cache.prefetcher: XPT_UPDATE: page=0x96000 idx=255 enabled=0 missCnt=16 lastAccess=99160912161->99161113626
99161290116: system.l3cache.prefetcher: XPT_UPDATE: page=0x96000 idx=255 enabled=0 missCnt=17 lastAccess=99161113626->99161290116
99161466606: system.l3cache.prefetcher: XPT_UPDATE: page=0x96000 idx=255 enabled=0 missCnt=18 lastAccess=99161290116->99161466606
99161643096: system.l3cache.prefetcher: XPT_UPDATE: page=0x96000 idx=255 enabled=0 missCnt=19 lastAccess=99161466606->99161643096
99161819586: system.l3cache.prefetcher: XPT_UPDATE: page=0x96000 idx=255 enabled=0 missCnt=20 lastAccess=99161643096->99161819586
99161996076: system.l3cache.prefetcher: XPT_UPDATE: page=0x96000 idx=255 enabled=0 missCnt=21 lastAccess=99161819586->99161996076
99162172566: system.l3cache.prefetcher: XPT_UPDATE: page=0x96000 idx=255 enabled=0 missCnt=22 lastAccess=99161996076->99162172566
99162349056: system.l3cache.prefetcher: XPT_UPDATE: page=0x96000 idx=255 enabled=0 missCnt=23 lastAccess=99162172566->99162349056
99162872865: system.l3cache.prefetcher: XPT_UPDATE: page=0x96000 idx=255 enabled=0 missCnt=24 lastAccess=99162349056->99162872865
99163049355: system.l3cache.prefetcher: XPT_UPDATE: page=0x96000 idx=255 enabled=0 missCnt=25 lastAccess=99162872865->99163049355
99163225845: system.l3cache.prefetcher: XPT_UPDATE: page=0x96000 idx=255 enabled=0 missCnt=26 lastAccess=99163049355->99163225845
99163402335: system.l3cache.prefetcher: XPT_UPDATE: page=0x96000 idx=255 enabled=0 missCnt=27 lastAccess=99163225845->99163402335
99163578825: system.l3cache.prefetcher: XPT_UPDATE: page=0x96000 idx=255 enabled=0 missCnt=28 lastAccess=99163402335->99163578825
99163755315: system.l3cache.prefetcher: XPT_UPDATE: page=0x96000 idx=255 enabled=0 missCnt=29 lastAccess=99163578825->99163755315
99163931805: system.l3cache.prefetcher: XPT_UPDATE: page=0x96000 idx=255 enabled=0 missCnt=30 lastAccess=99163755315->99163931805
99164108295: system.l3cache.prefetcher: XPT_UPDATE: page=0x96000 idx=255 enabled=0 missCnt=31 lastAccess=99163931805->99164108295
99164284785: system.l3cache.prefetcher: XPT_UPDATE: page=0x96000 idx=255 enabled=1 missCnt=32 lastAccess=99164108295->99164284785
99164434635: system.l3cache.prefetcher: XPT_UPDATE: page=0x96000 idx=255 enabled=1 missCnt=32 lastAccess=99164284785->99164434635
99164584485: system.l3cache.prefetcher: XPT_UPDATE: page=0x96000 idx=255 enabled=1 missCnt=32 lastAccess=99164434635->99164584485
99366332868: system.l3cache.prefetcher:   [EVICT] idx=229 page=0x96000 enabled=1 missCnt=32 lastAccess=99164584485
100880201151: system.l3cache.prefetcher: === XPTGuard === page=0x96000 asid=0 core=6 c=256/n=256 P=1.000 r=0.185 trig=YES vGLO=1
100880201151: system.l3cache.prefetcher: XPTGuard: page=0x96000 c=256 n=256 P=1.000 r=0.185 trig=1
100880201151: system.l3cache.prefetcher:   [INSERT] page=0x96000 -> table size: 256/256
100920026619: system.l3cache.prefetcher:   [EVICT] idx=121 page=0x96000 enabled=0 missCnt=0 lastAccess=100880201151
101086238574: system.l3cache.prefetcher: === XPTGuard === page=0x96000 asid=0 core=6 c=256/n=256 P=1.000 r=0.101 trig=YES vGLO=1
101086238574: system.l3cache.prefetcher: XPTGuard: page=0x96000 c=256 n=256 P=1.000 r=0.101 trig=1
101086238574: system.l3cache.prefetcher:   [INSERT] page=0x96000 -> table size: 256/256
101086465014: system.l3cache.prefetcher: XPT_UPDATE: page=0x96000 idx=255 enabled=0 missCnt=0 lastAccess=101086238574->101086465014
101086641504: system.l3cache.prefetcher: XPT_UPDATE: page=0x96000 idx=255 enabled=0 missCnt=1 lastAccess=101086465014->101086641504
101086817994: system.l3cache.prefetcher: XPT_UPDATE: page=0x96000 idx=255 enabled=0 missCnt=2 lastAccess=101086641504->101086817994
101086994484: system.l3cache.prefetcher: XPT_UPDATE: page=0x96000 idx=255 enabled=0 missCnt=3 lastAccess=101086817994->101086994484
101087170974: system.l3cache.prefetcher: XPT_UPDATE: page=0x96000 idx=255 enabled=0 missCnt=4 lastAccess=101086994484->101087170974
101087347464: system.l3cache.prefetcher: XPT_UPDATE: page=0x96000 idx=255 enabled=0 missCnt=5 lastAccess=101087170974->101087347464
101087523954: system.l3cache.prefetcher: XPT_UPDATE: page=0x96000 idx=255 enabled=0 missCnt=6 lastAccess=101087347464->101087523954
101087700444: system.l3cache.prefetcher: XPT_UPDATE: page=0x96000 idx=255 enabled=0 missCnt=7 lastAccess=101087523954->101087700444
101087876934: system.l3cache.prefetcher: XPT_UPDATE: page=0x96000 idx=255 enabled=0 missCnt=8 lastAccess=101087700444->101087876934
101088053424: system.l3cache.prefetcher: XPT_UPDATE: page=0x96000 idx=255 enabled=0 missCnt=9 lastAccess=101087876934->101088053424
101088229914: system.l3cache.prefetcher: XPT_UPDATE: page=0x96000 idx=255 enabled=0 missCnt=10 lastAccess=101088053424->101088229914
101088406404: system.l3cache.prefetcher: XPT_UPDATE: page=0x96000 idx=255 enabled=0 missCnt=11 lastAccess=101088229914->101088406404
101088582894: system.l3cache.prefetcher: XPT_UPDATE: page=0x96000 idx=255 enabled=0 missCnt=12 lastAccess=101088406404->101088582894
101088759384: system.l3cache.prefetcher: XPT_UPDATE: page=0x96000 idx=255 enabled=0 missCnt=13 lastAccess=101088582894->101088759384
101088935874: system.l3cache.prefetcher: XPT_UPDATE: page=0x96000 idx=255 enabled=0 missCnt=14 lastAccess=101088759384->101088935874
101089112364: system.l3cache.prefetcher: XPT_UPDATE: page=0x96000 idx=255 enabled=0 missCnt=15 lastAccess=101088935874->101089112364
101089313829: system.l3cache.prefetcher: XPT_UPDATE: page=0x96000 idx=255 enabled=0 missCnt=16 lastAccess=101089112364->101089313829
101089490319: system.l3cache.prefetcher: XPT_UPDATE: page=0x96000 idx=255 enabled=0 missCnt=17 lastAccess=101089313829->101089490319
101089666809: system.l3cache.prefetcher: XPT_UPDATE: page=0x96000 idx=255 enabled=0 missCnt=18 lastAccess=101089490319->101089666809
101089843299: system.l3cache.prefetcher: XPT_UPDATE: page=0x96000 idx=255 enabled=0 missCnt=19 lastAccess=101089666809->101089843299
101090019789: system.l3cache.prefetcher: XPT_UPDATE: page=0x96000 idx=255 enabled=0 missCnt=20 lastAccess=101089843299->101090019789
101090196279: system.l3cache.prefetcher: XPT_UPDATE: page=0x96000 idx=255 enabled=0 missCnt=21 lastAccess=101090019789->101090196279
101090372769: system.l3cache.prefetcher: XPT_UPDATE: page=0x96000 idx=255 enabled=0 missCnt=22 lastAccess=101090196279->101090372769
101090549259: system.l3cache.prefetcher: XPT_UPDATE: page=0x96000 idx=255 enabled=0 missCnt=23 lastAccess=101090372769->101090549259
101091072735: system.l3cache.prefetcher: XPT_UPDATE: page=0x96000 idx=255 enabled=0 missCnt=24 lastAccess=101090549259->101091072735
101091249225: system.l3cache.prefetcher: XPT_UPDATE: page=0x96000 idx=255 enabled=0 missCnt=25 lastAccess=101091072735->101091249225
101091425715: system.l3cache.prefetcher: XPT_UPDATE: page=0x96000 idx=255 enabled=0 missCnt=26 lastAccess=101091249225->101091425715
101091602205: system.l3cache.prefetcher: XPT_UPDATE: page=0x96000 idx=255 enabled=0 missCnt=27 lastAccess=101091425715->101091602205
101091778695: system.l3cache.prefetcher: XPT_UPDATE: page=0x96000 idx=255 enabled=0 missCnt=28 lastAccess=101091602205->101091778695
101091955185: system.l3cache.prefetcher: XPT_UPDATE: page=0x96000 idx=255 enabled=0 missCnt=29 lastAccess=101091778695->101091955185
101092131675: system.l3cache.prefetcher: XPT_UPDATE: page=0x96000 idx=255 enabled=0 missCnt=30 lastAccess=101091955185->101092131675
101092308165: system.l3cache.prefetcher: XPT_UPDATE: page=0x96000 idx=255 enabled=0 missCnt=31 lastAccess=101092131675->101092308165
101092484655: system.l3cache.prefetcher: XPT_UPDATE: page=0x96000 idx=255 enabled=1 missCnt=32 lastAccess=101092308165->101092484655
101092634505: system.l3cache.prefetcher: XPT_UPDATE: page=0x96000 idx=255 enabled=1 missCnt=32 lastAccess=101092484655->101092634505
101092784355: system.l3cache.prefetcher: XPT_UPDATE: page=0x96000 idx=255 enabled=1 missCnt=32 lastAccess=101092634505->101092784355
102806964459: system.l3cache.prefetcher: XPT_UPDATE: page=0x96000 idx=90 enabled=1 missCnt=32 lastAccess=101092784355->102806964459
102840009714: system.l3cache.prefetcher:   [EVICT] idx=46 page=0x96000 enabled=1 missCnt=32 lastAccess=102806964459
103012122762: system.l3cache.prefetcher: === XPTGuard === page=0x96000 asid=0 core=6 c=256/n=256 P=1.000 r=0.290 trig=YES vGLO=1
103012122762: system.l3cache.prefetcher: XPTGuard: page=0x96000 c=256 n=256 P=1.000 r=0.290 trig=1
103012122762: system.l3cache.prefetcher:   [INSERT] page=0x96000 -> table size: 256/256
103012324227: system.l3cache.prefetcher: XPT_UPDATE: page=0x96000 idx=255 enabled=0 missCnt=0 lastAccess=103012122762->103012324227
103012500717: system.l3cache.prefetcher: XPT_UPDATE: page=0x96000 idx=255 enabled=0 missCnt=1 lastAccess=103012324227->103012500717
103012677207: system.l3cache.prefetcher: XPT_UPDATE: page=0x96000 idx=255 enabled=0 missCnt=2 lastAccess=103012500717->103012677207
103012853697: system.l3cache.prefetcher: XPT_UPDATE: page=0x96000 idx=255 enabled=0 missCnt=3 lastAccess=103012677207->103012853697
103013030187: system.l3cache.prefetcher: XPT_UPDATE: page=0x96000 idx=255 enabled=0 missCnt=4 lastAccess=103012853697->103013030187
103013206677: system.l3cache.prefetcher: XPT_UPDATE: page=0x96000 idx=255 enabled=0 missCnt=5 lastAccess=103013030187->103013206677
103013383167: system.l3cache.prefetcher: XPT_UPDATE: page=0x96000 idx=255 enabled=0 missCnt=6 lastAccess=103013206677->103013383167
103013559657: system.l3cache.prefetcher: XPT_UPDATE: page=0x96000 idx=255 enabled=0 missCnt=7 lastAccess=103013383167->103013559657
103013736147: system.l3cache.prefetcher: XPT_UPDATE: page=0x96000 idx=255 enabled=0 missCnt=8 lastAccess=103013559657->103013736147
103013912637: system.l3cache.prefetcher: XPT_UPDATE: page=0x96000 idx=255 enabled=0 missCnt=9 lastAccess=103013736147->103013912637
103014089127: system.l3cache.prefetcher: XPT_UPDATE: page=0x96000 idx=255 enabled=0 missCnt=10 lastAccess=103013912637->103014089127
103014265617: system.l3cache.prefetcher: XPT_UPDATE: page=0x96000 idx=255 enabled=0 missCnt=11 lastAccess=103014089127->103014265617
103014442107: system.l3cache.prefetcher: XPT_UPDATE: page=0x96000 idx=255 enabled=0 missCnt=12 lastAccess=103014265617->103014442107
103014618597: system.l3cache.prefetcher: XPT_UPDATE: page=0x96000 idx=255 enabled=0 missCnt=13 lastAccess=103014442107->103014618597
103014795087: system.l3cache.prefetcher: XPT_UPDATE: page=0x96000 idx=255 enabled=0 missCnt=14 lastAccess=103014618597->103014795087
103014971577: system.l3cache.prefetcher: XPT_UPDATE: page=0x96000 idx=255 enabled=0 missCnt=15 lastAccess=103014795087->103014971577
103015173042: system.l3cache.prefetcher: XPT_UPDATE: page=0x96000 idx=255 enabled=0 missCnt=16 lastAccess=103014971577->103015173042
103015349532: system.l3cache.prefetcher: XPT_UPDATE: page=0x96000 idx=255 enabled=0 missCnt=17 lastAccess=103015173042->103015349532
103015526022: system.l3cache.prefetcher: XPT_UPDATE: page=0x96000 idx=255 enabled=0 missCnt=18 lastAccess=103015349532->103015526022
103015702512: system.l3cache.prefetcher: XPT_UPDATE: page=0x96000 idx=255 enabled=0 missCnt=19 lastAccess=103015526022->103015702512
103015879002: system.l3cache.prefetcher: XPT_UPDATE: page=0x96000 idx=255 enabled=0 missCnt=20 lastAccess=103015702512->103015879002
103016055492: system.l3cache.prefetcher: XPT_UPDATE: page=0x96000 idx=255 enabled=0 missCnt=21 lastAccess=103015879002->103016055492
103016231982: system.l3cache.prefetcher: XPT_UPDATE: page=0x96000 idx=255 enabled=0 missCnt=22 lastAccess=103016055492->103016231982
103016408472: system.l3cache.prefetcher: XPT_UPDATE: page=0x96000 idx=255 enabled=0 missCnt=23 lastAccess=103016231982->103016408472
103016584962: system.l3cache.prefetcher: XPT_UPDATE: page=0x96000 idx=255 enabled=0 missCnt=24 lastAccess=103016408472->103016584962
103016761452: system.l3cache.prefetcher: XPT_UPDATE: page=0x96000 idx=255 enabled=0 missCnt=25 lastAccess=103016584962->103016761452
103016937942: system.l3cache.prefetcher: XPT_UPDATE: page=0x96000 idx=255 enabled=0 missCnt=26 lastAccess=103016761452->103016937942
103017114432: system.l3cache.prefetcher: XPT_UPDATE: page=0x96000 idx=255 enabled=0 missCnt=27 lastAccess=103016937942->103017114432
103017290922: system.l3cache.prefetcher: XPT_UPDATE: page=0x96000 idx=255 enabled=0 missCnt=28 lastAccess=103017114432->103017290922
103017467412: system.l3cache.prefetcher: XPT_UPDATE: page=0x96000 idx=255 enabled=0 missCnt=29 lastAccess=103017290922->103017467412
103017643902: system.l3cache.prefetcher: XPT_UPDATE: page=0x96000 idx=255 enabled=0 missCnt=30 lastAccess=103017467412->103017643902
103017820392: system.l3cache.prefetcher: XPT_UPDATE: page=0x96000 idx=255 enabled=0 missCnt=31 lastAccess=103017643902->103017820392
103018021857: system.l3cache.prefetcher: XPT_UPDATE: page=0x96000 idx=255 enabled=1 missCnt=32 lastAccess=103017820392->103018021857
103018171707: system.l3cache.prefetcher: XPT_UPDATE: page=0x96000 idx=255 enabled=1 missCnt=32 lastAccess=103018021857->103018171707
103018321557: system.l3cache.prefetcher: XPT_UPDATE: page=0x96000 idx=255 enabled=1 missCnt=32 lastAccess=103018171707->103018321557
103274374581: system.l3cache.prefetcher:   [EVICT] idx=218 page=0x96000 enabled=1 missCnt=32 lastAccess=103018321557
104731241256: system.l3cache.prefetcher: === XPTGuard === page=0x96000 asid=0 core=6 c=256/n=256 P=1.000 r=0.040 trig=YES vGLO=1
104731241256: system.l3cache.prefetcher: XPTGuard: page=0x96000 c=256 n=256 P=1.000 r=0.040 trig=1
104731241256: system.l3cache.prefetcher:   [INSERT] page=0x96000 -> table size: 256/256
104741977509: system.l3cache.prefetcher:   [EVICT] idx=208 page=0x96000 enabled=0 missCnt=0 lastAccess=104731241256
104936226732: system.l3cache.prefetcher: === XPTGuard === page=0x96000 asid=0 core=6 c=256/n=256 P=1.000 r=0.063 trig=YES vGLO=1
104936226732: system.l3cache.prefetcher: XPTGuard: page=0x96000 c=256 n=256 P=1.000 r=0.063 trig=1
104936226732: system.l3cache.prefetcher:   [INSERT] page=0x96000 -> table size: 256/256
104936453172: system.l3cache.prefetcher: XPT_UPDATE: page=0x96000 idx=255 enabled=0 missCnt=0 lastAccess=104936226732->104936453172
104936629662: system.l3cache.prefetcher: XPT_UPDATE: page=0x96000 idx=255 enabled=0 missCnt=1 lastAccess=104936453172->104936629662
104936806152: system.l3cache.prefetcher: XPT_UPDATE: page=0x96000 idx=255 enabled=0 missCnt=2 lastAccess=104936629662->104936806152
104936982642: system.l3cache.prefetcher: XPT_UPDATE: page=0x96000 idx=255 enabled=0 missCnt=3 lastAccess=104936806152->104936982642
104937159132: system.l3cache.prefetcher: XPT_UPDATE: page=0x96000 idx=255 enabled=0 missCnt=4 lastAccess=104936982642->104937159132
104937335622: system.l3cache.prefetcher: XPT_UPDATE: page=0x96000 idx=255 enabled=0 missCnt=5 lastAccess=104937159132->104937335622
104937512112: system.l3cache.prefetcher: XPT_UPDATE: page=0x96000 idx=255 enabled=0 missCnt=6 lastAccess=104937335622->104937512112
104937688602: system.l3cache.prefetcher: XPT_UPDATE: page=0x96000 idx=255 enabled=0 missCnt=7 lastAccess=104937512112->104937688602
104937865092: system.l3cache.prefetcher: XPT_UPDATE: page=0x96000 idx=255 enabled=0 missCnt=8 lastAccess=104937688602->104937865092
104938041582: system.l3cache.prefetcher: XPT_UPDATE: page=0x96000 idx=255 enabled=0 missCnt=9 lastAccess=104937865092->104938041582
104938218072: system.l3cache.prefetcher: XPT_UPDATE: page=0x96000 idx=255 enabled=0 missCnt=10 lastAccess=104938041582->104938218072
104938394562: system.l3cache.prefetcher: XPT_UPDATE: page=0x96000 idx=255 enabled=0 missCnt=11 lastAccess=104938218072->104938394562
104938571052: system.l3cache.prefetcher: XPT_UPDATE: page=0x96000 idx=255 enabled=0 missCnt=12 lastAccess=104938394562->104938571052
104938747542: system.l3cache.prefetcher: XPT_UPDATE: page=0x96000 idx=255 enabled=0 missCnt=13 lastAccess=104938571052->104938747542
104938924032: system.l3cache.prefetcher: XPT_UPDATE: page=0x96000 idx=255 enabled=0 missCnt=14 lastAccess=104938747542->104938924032
104939100522: system.l3cache.prefetcher: XPT_UPDATE: page=0x96000 idx=255 enabled=0 missCnt=15 lastAccess=104938924032->104939100522
104939301987: system.l3cache.prefetcher: XPT_UPDATE: page=0x96000 idx=255 enabled=0 missCnt=16 lastAccess=104939100522->104939301987
104939709246: system.l3cache.prefetcher: XPT_UPDATE: page=0x96000 idx=255 enabled=0 missCnt=17 lastAccess=104939301987->104939709246
104939885736: system.l3cache.prefetcher: XPT_UPDATE: page=0x96000 idx=255 enabled=0 missCnt=18 lastAccess=104939709246->104939885736
104940062226: system.l3cache.prefetcher: XPT_UPDATE: page=0x96000 idx=255 enabled=0 missCnt=19 lastAccess=104939885736->104940062226
104940238716: system.l3cache.prefetcher: XPT_UPDATE: page=0x96000 idx=255 enabled=0 missCnt=20 lastAccess=104940062226->104940238716
104940415206: system.l3cache.prefetcher: XPT_UPDATE: page=0x96000 idx=255 enabled=0 missCnt=21 lastAccess=104940238716->104940415206
104940591696: system.l3cache.prefetcher: XPT_UPDATE: page=0x96000 idx=255 enabled=0 missCnt=22 lastAccess=104940415206->104940591696
104940768186: system.l3cache.prefetcher: XPT_UPDATE: page=0x96000 idx=255 enabled=0 missCnt=23 lastAccess=104940591696->104940768186
104940944676: system.l3cache.prefetcher: XPT_UPDATE: page=0x96000 idx=255 enabled=0 missCnt=24 lastAccess=104940768186->104940944676
104941121166: system.l3cache.prefetcher: XPT_UPDATE: page=0x96000 idx=255 enabled=0 missCnt=25 lastAccess=104940944676->104941121166
104941297656: system.l3cache.prefetcher: XPT_UPDATE: page=0x96000 idx=255 enabled=0 missCnt=26 lastAccess=104941121166->104941297656
104941474146: system.l3cache.prefetcher: XPT_UPDATE: page=0x96000 idx=255 enabled=0 missCnt=27 lastAccess=104941297656->104941474146
104941650636: system.l3cache.prefetcher: XPT_UPDATE: page=0x96000 idx=255 enabled=0 missCnt=28 lastAccess=104941474146->104941650636
104941827126: system.l3cache.prefetcher: XPT_UPDATE: page=0x96000 idx=255 enabled=0 missCnt=29 lastAccess=104941650636->104941827126
104942003616: system.l3cache.prefetcher: XPT_UPDATE: page=0x96000 idx=255 enabled=0 missCnt=30 lastAccess=104941827126->104942003616
104942180106: system.l3cache.prefetcher: XPT_UPDATE: page=0x96000 idx=255 enabled=0 missCnt=31 lastAccess=104942003616->104942180106
104942356596: system.l3cache.prefetcher: XPT_UPDATE: page=0x96000 idx=255 enabled=1 missCnt=32 lastAccess=104942180106->104942356596
104942531421: system.l3cache.prefetcher: XPT_UPDATE: page=0x96000 idx=255 enabled=1 missCnt=32 lastAccess=104942356596->104942531421
104942681271: system.l3cache.prefetcher: XPT_UPDATE: page=0x96000 idx=255 enabled=1 missCnt=32 lastAccess=104942531421->104942681271
106365446082: system.l3cache.prefetcher:   [EVICT] idx=116 page=0x96000 enabled=1 missCnt=32 lastAccess=104942681271
106655167737: system.l3cache.prefetcher: === XPTGuard === page=0x96000 asid=0 core=6 c=256/n=256 P=1.000 r=0.088 trig=YES vGLO=1
106655167737: system.l3cache.prefetcher: XPTGuard: page=0x96000 c=256 n=256 P=1.000 r=0.088 trig=1
106655167737: system.l3cache.prefetcher:   [INSERT] page=0x96000 -> table size: 256/256
106734718440: system.l3cache.prefetcher:   [EVICT] idx=58 page=0x96000 enabled=0 missCnt=0 lastAccess=106655167737
106860362004: system.l3cache.prefetcher: === XPTGuard === page=0x96000 asid=0 core=6 c=256/n=256 P=1.000 r=0.957 trig=YES vGLO=1
106860362004: system.l3cache.prefetcher: XPTGuard: page=0x96000 c=256 n=256 P=1.000 r=0.957 trig=1
106860362004: system.l3cache.prefetcher:   [INSERT] page=0x96000 -> table size: 256/256
106860563469: system.l3cache.prefetcher: XPT_UPDATE: page=0x96000 idx=255 enabled=0 missCnt=0 lastAccess=106860362004->106860563469
106860739959: system.l3cache.prefetcher: XPT_UPDATE: page=0x96000 idx=255 enabled=0 missCnt=1 lastAccess=106860563469->106860739959
106860916449: system.l3cache.prefetcher: XPT_UPDATE: page=0x96000 idx=255 enabled=0 missCnt=2 lastAccess=106860739959->106860916449
106861092939: system.l3cache.prefetcher: XPT_UPDATE: page=0x96000 idx=255 enabled=0 missCnt=3 lastAccess=106860916449->106861092939
106861269429: system.l3cache.prefetcher: XPT_UPDATE: page=0x96000 idx=255 enabled=0 missCnt=4 lastAccess=106861092939->106861269429
106861445919: system.l3cache.prefetcher: XPT_UPDATE: page=0x96000 idx=255 enabled=0 missCnt=5 lastAccess=106861269429->106861445919
106861622409: system.l3cache.prefetcher: XPT_UPDATE: page=0x96000 idx=255 enabled=0 missCnt=6 lastAccess=106861445919->106861622409
106861798899: system.l3cache.prefetcher: XPT_UPDATE: page=0x96000 idx=255 enabled=0 missCnt=7 lastAccess=106861622409->106861798899
106861975389: system.l3cache.prefetcher: XPT_UPDATE: page=0x96000 idx=255 enabled=0 missCnt=8 lastAccess=106861798899->106861975389
106862151879: system.l3cache.prefetcher: XPT_UPDATE: page=0x96000 idx=255 enabled=0 missCnt=9 lastAccess=106861975389->106862151879
106862328369: system.l3cache.prefetcher: XPT_UPDATE: page=0x96000 idx=255 enabled=0 missCnt=10 lastAccess=106862151879->106862328369
106862504859: system.l3cache.prefetcher: XPT_UPDATE: page=0x96000 idx=255 enabled=0 missCnt=11 lastAccess=106862328369->106862504859
106862681349: system.l3cache.prefetcher: XPT_UPDATE: page=0x96000 idx=255 enabled=0 missCnt=12 lastAccess=106862504859->106862681349
106862857839: system.l3cache.prefetcher: XPT_UPDATE: page=0x96000 idx=255 enabled=0 missCnt=13 lastAccess=106862681349->106862857839
106863034329: system.l3cache.prefetcher: XPT_UPDATE: page=0x96000 idx=255 enabled=0 missCnt=14 lastAccess=106862857839->106863034329
106863210819: system.l3cache.prefetcher: XPT_UPDATE: page=0x96000 idx=255 enabled=0 missCnt=15 lastAccess=106863034329->106863210819
106863412284: system.l3cache.prefetcher: XPT_UPDATE: page=0x96000 idx=255 enabled=0 missCnt=16 lastAccess=106863210819->106863412284
106863588774: system.l3cache.prefetcher: XPT_UPDATE: page=0x96000 idx=255 enabled=0 missCnt=17 lastAccess=106863412284->106863588774
106863765264: system.l3cache.prefetcher: XPT_UPDATE: page=0x96000 idx=255 enabled=0 missCnt=18 lastAccess=106863588774->106863765264
106863941754: system.l3cache.prefetcher: XPT_UPDATE: page=0x96000 idx=255 enabled=0 missCnt=19 lastAccess=106863765264->106863941754
106864118244: system.l3cache.prefetcher: XPT_UPDATE: page=0x96000 idx=255 enabled=0 missCnt=20 lastAccess=106863941754->106864118244
106864294734: system.l3cache.prefetcher: XPT_UPDATE: page=0x96000 idx=255 enabled=0 missCnt=21 lastAccess=106864118244->106864294734
106864471224: system.l3cache.prefetcher: XPT_UPDATE: page=0x96000 idx=255 enabled=0 missCnt=22 lastAccess=106864294734->106864471224
106864647714: system.l3cache.prefetcher: XPT_UPDATE: page=0x96000 idx=255 enabled=0 missCnt=23 lastAccess=106864471224->106864647714
106864824204: system.l3cache.prefetcher: XPT_UPDATE: page=0x96000 idx=255 enabled=0 missCnt=24 lastAccess=106864647714->106864824204
106865000694: system.l3cache.prefetcher: XPT_UPDATE: page=0x96000 idx=255 enabled=0 missCnt=25 lastAccess=106864824204->106865000694
106865177184: system.l3cache.prefetcher: XPT_UPDATE: page=0x96000 idx=255 enabled=0 missCnt=26 lastAccess=106865000694->106865177184
106865353674: system.l3cache.prefetcher: XPT_UPDATE: page=0x96000 idx=255 enabled=0 missCnt=27 lastAccess=106865177184->106865353674
106865530164: system.l3cache.prefetcher: XPT_UPDATE: page=0x96000 idx=255 enabled=0 missCnt=28 lastAccess=106865353674->106865530164
106865706654: system.l3cache.prefetcher: XPT_UPDATE: page=0x96000 idx=255 enabled=0 missCnt=29 lastAccess=106865530164->106865706654
106865883144: system.l3cache.prefetcher: XPT_UPDATE: page=0x96000 idx=255 enabled=0 missCnt=30 lastAccess=106865706654->106865883144
106866059634: system.l3cache.prefetcher: XPT_UPDATE: page=0x96000 idx=255 enabled=0 missCnt=31 lastAccess=106865883144->106866059634
106866261099: system.l3cache.prefetcher: XPT_UPDATE: page=0x96000 idx=255 enabled=1 missCnt=32 lastAccess=106866059634->106866261099
106866410949: system.l3cache.prefetcher: XPT_UPDATE: page=0x96000 idx=255 enabled=1 missCnt=32 lastAccess=106866261099->106866410949
106866560799: system.l3cache.prefetcher: XPT_UPDATE: page=0x96000 idx=255 enabled=1 missCnt=32 lastAccess=106866410949->106866560799
107362587609: system.l3cache.prefetcher:   [EVICT] idx=191 page=0x96000 enabled=1 missCnt=32 lastAccess=106866560799
108580303008: system.l3cache.prefetcher: === XPTGuard === page=0x96000 asid=0 core=6 c=256/n=256 P=1.000 r=0.222 trig=YES vGLO=1
108580303008: system.l3cache.prefetcher: XPTGuard: page=0x96000 c=256 n=256 P=1.000 r=0.222 trig=1
108580303008: system.l3cache.prefetcher:   [INSERT] page=0x96000 -> table size: 256/256
108708204978: system.l3cache.prefetcher:   [EVICT] idx=21 page=0x96000 enabled=0 missCnt=0 lastAccess=108580303008
108785237868: system.l3cache.prefetcher: === XPTGuard === page=0x96000 asid=0 core=6 c=256/n=256 P=1.000 r=0.238 trig=YES vGLO=1
108785237868: system.l3cache.prefetcher: XPTGuard: page=0x96000 c=256 n=256 P=1.000 r=0.238 trig=1
108785237868: system.l3cache.prefetcher:   [INSERT] page=0x96000 -> table size: 256/256
108785464308: system.l3cache.prefetcher: XPT_UPDATE: page=0x96000 idx=255 enabled=0 missCnt=0 lastAccess=108785237868->108785464308
108785640798: system.l3cache.prefetcher: XPT_UPDATE: page=0x96000 idx=255 enabled=0 missCnt=1 lastAccess=108785464308->108785640798
108785817288: system.l3cache.prefetcher: XPT_UPDATE: page=0x96000 idx=255 enabled=0 missCnt=2 lastAccess=108785640798->108785817288
108785993778: system.l3cache.prefetcher: XPT_UPDATE: page=0x96000 idx=255 enabled=0 missCnt=3 lastAccess=108785817288->108785993778
108786170268: system.l3cache.prefetcher: XPT_UPDATE: page=0x96000 idx=255 enabled=0 missCnt=4 lastAccess=108785993778->108786170268
108786346758: system.l3cache.prefetcher: XPT_UPDATE: page=0x96000 idx=255 enabled=0 missCnt=5 lastAccess=108786170268->108786346758
108786523248: system.l3cache.prefetcher: XPT_UPDATE: page=0x96000 idx=255 enabled=0 missCnt=6 lastAccess=108786346758->108786523248
108786699738: system.l3cache.prefetcher: XPT_UPDATE: page=0x96000 idx=255 enabled=0 missCnt=7 lastAccess=108786523248->108786699738
108786876228: system.l3cache.prefetcher: XPT_UPDATE: page=0x96000 idx=255 enabled=0 missCnt=8 lastAccess=108786699738->108786876228
108787052718: system.l3cache.prefetcher: XPT_UPDATE: page=0x96000 idx=255 enabled=0 missCnt=9 lastAccess=108786876228->108787052718
108787229208: system.l3cache.prefetcher: XPT_UPDATE: page=0x96000 idx=255 enabled=0 missCnt=10 lastAccess=108787052718->108787229208
108787405698: system.l3cache.prefetcher: XPT_UPDATE: page=0x96000 idx=255 enabled=0 missCnt=11 lastAccess=108787229208->108787405698
108787582188: system.l3cache.prefetcher: XPT_UPDATE: page=0x96000 idx=255 enabled=0 missCnt=12 lastAccess=108787405698->108787582188
108787758678: system.l3cache.prefetcher: XPT_UPDATE: page=0x96000 idx=255 enabled=0 missCnt=13 lastAccess=108787582188->108787758678
108788322780: system.l3cache.prefetcher: XPT_UPDATE: page=0x96000 idx=255 enabled=0 missCnt=14 lastAccess=108787758678->108788322780
108788499270: system.l3cache.prefetcher: XPT_UPDATE: page=0x96000 idx=255 enabled=0 missCnt=15 lastAccess=108788322780->108788499270
108788675760: system.l3cache.prefetcher: XPT_UPDATE: page=0x96000 idx=255 enabled=0 missCnt=16 lastAccess=108788499270->108788675760
108788852250: system.l3cache.prefetcher: XPT_UPDATE: page=0x96000 idx=255 enabled=0 missCnt=17 lastAccess=108788675760->108788852250
108789028740: system.l3cache.prefetcher: XPT_UPDATE: page=0x96000 idx=255 enabled=0 missCnt=18 lastAccess=108788852250->108789028740
108789205230: system.l3cache.prefetcher: XPT_UPDATE: page=0x96000 idx=255 enabled=0 missCnt=19 lastAccess=108789028740->108789205230
108789381720: system.l3cache.prefetcher: XPT_UPDATE: page=0x96000 idx=255 enabled=0 missCnt=20 lastAccess=108789205230->108789381720
108789558210: system.l3cache.prefetcher: XPT_UPDATE: page=0x96000 idx=255 enabled=0 missCnt=21 lastAccess=108789381720->108789558210
108789734700: system.l3cache.prefetcher: XPT_UPDATE: page=0x96000 idx=255 enabled=0 missCnt=22 lastAccess=108789558210->108789734700
108789911190: system.l3cache.prefetcher: XPT_UPDATE: page=0x96000 idx=255 enabled=0 missCnt=23 lastAccess=108789734700->108789911190
108790087680: system.l3cache.prefetcher: XPT_UPDATE: page=0x96000 idx=255 enabled=0 missCnt=24 lastAccess=108789911190->108790087680
108790264170: system.l3cache.prefetcher: XPT_UPDATE: page=0x96000 idx=255 enabled=0 missCnt=25 lastAccess=108790087680->108790264170
108790440660: system.l3cache.prefetcher: XPT_UPDATE: page=0x96000 idx=255 enabled=0 missCnt=26 lastAccess=108790264170->108790440660
108790617150: system.l3cache.prefetcher: XPT_UPDATE: page=0x96000 idx=255 enabled=0 missCnt=27 lastAccess=108790440660->108790617150
108790793640: system.l3cache.prefetcher: XPT_UPDATE: page=0x96000 idx=255 enabled=0 missCnt=28 lastAccess=108790617150->108790793640
108790970130: system.l3cache.prefetcher: XPT_UPDATE: page=0x96000 idx=255 enabled=0 missCnt=29 lastAccess=108790793640->108790970130
108791171595: system.l3cache.prefetcher: XPT_UPDATE: page=0x96000 idx=255 enabled=0 missCnt=30 lastAccess=108790970130->108791171595
108791348085: system.l3cache.prefetcher: XPT_UPDATE: page=0x96000 idx=255 enabled=0 missCnt=31 lastAccess=108791171595->108791348085
108791524575: system.l3cache.prefetcher: XPT_UPDATE: page=0x96000 idx=255 enabled=1 missCnt=32 lastAccess=108791348085->108791524575
108791674425: system.l3cache.prefetcher: XPT_UPDATE: page=0x96000 idx=255 enabled=1 missCnt=32 lastAccess=108791524575->108791674425
108791824275: system.l3cache.prefetcher: XPT_UPDATE: page=0x96000 idx=255 enabled=1 missCnt=32 lastAccess=108791674425->108791824275
110507617764: system.l3cache.prefetcher: XPT_UPDATE: page=0x96000 idx=83 enabled=1 missCnt=32 lastAccess=108791824275->110507617764
110537054298: system.l3cache.prefetcher:   [EVICT] idx=46 page=0x96000 enabled=1 missCnt=32 lastAccess=110507617764
110712665844: system.l3cache.prefetcher: === XPTGuard === page=0x96000 asid=0 core=6 c=256/n=256 P=1.000 r=0.430 trig=YES vGLO=1
110712665844: system.l3cache.prefetcher: XPTGuard: page=0x96000 c=256 n=256 P=1.000 r=0.430 trig=1
110712665844: system.l3cache.prefetcher:   [INSERT] page=0x96000 -> table size: 256/256
110712892284: system.l3cache.prefetcher: XPT_UPDATE: page=0x96000 idx=255 enabled=0 missCnt=0 lastAccess=110712665844->110712892284
110713068774: system.l3cache.prefetcher: XPT_UPDATE: page=0x96000 idx=255 enabled=0 missCnt=1 lastAccess=110712892284->110713068774
110713245264: system.l3cache.prefetcher: XPT_UPDATE: page=0x96000 idx=255 enabled=0 missCnt=2 lastAccess=110713068774->110713245264
110713421754: system.l3cache.prefetcher: XPT_UPDATE: page=0x96000 idx=255 enabled=0 missCnt=3 lastAccess=110713245264->110713421754
110713598244: system.l3cache.prefetcher: XPT_UPDATE: page=0x96000 idx=255 enabled=0 missCnt=4 lastAccess=110713421754->110713598244
110713774734: system.l3cache.prefetcher: XPT_UPDATE: page=0x96000 idx=255 enabled=0 missCnt=5 lastAccess=110713598244->110713774734
110713951224: system.l3cache.prefetcher: XPT_UPDATE: page=0x96000 idx=255 enabled=0 missCnt=6 lastAccess=110713774734->110713951224
110714127714: system.l3cache.prefetcher: XPT_UPDATE: page=0x96000 idx=255 enabled=0 missCnt=7 lastAccess=110713951224->110714127714
110714304204: system.l3cache.prefetcher: XPT_UPDATE: page=0x96000 idx=255 enabled=0 missCnt=8 lastAccess=110714127714->110714304204
110714480694: system.l3cache.prefetcher: XPT_UPDATE: page=0x96000 idx=255 enabled=0 missCnt=9 lastAccess=110714304204->110714480694
110714657184: system.l3cache.prefetcher: XPT_UPDATE: page=0x96000 idx=255 enabled=0 missCnt=10 lastAccess=110714480694->110714657184
110714833674: system.l3cache.prefetcher: XPT_UPDATE: page=0x96000 idx=255 enabled=0 missCnt=11 lastAccess=110714657184->110714833674
110715010164: system.l3cache.prefetcher: XPT_UPDATE: page=0x96000 idx=255 enabled=0 missCnt=12 lastAccess=110714833674->110715010164
110715186654: system.l3cache.prefetcher: XPT_UPDATE: page=0x96000 idx=255 enabled=0 missCnt=13 lastAccess=110715010164->110715186654
110715363144: system.l3cache.prefetcher: XPT_UPDATE: page=0x96000 idx=255 enabled=0 missCnt=14 lastAccess=110715186654->110715363144
110715539634: system.l3cache.prefetcher: XPT_UPDATE: page=0x96000 idx=255 enabled=0 missCnt=15 lastAccess=110715363144->110715539634
110715741099: system.l3cache.prefetcher: XPT_UPDATE: page=0x96000 idx=255 enabled=0 missCnt=16 lastAccess=110715539634->110715741099
110715917589: system.l3cache.prefetcher: XPT_UPDATE: page=0x96000 idx=255 enabled=0 missCnt=17 lastAccess=110715741099->110715917589
110716094079: system.l3cache.prefetcher: XPT_UPDATE: page=0x96000 idx=255 enabled=0 missCnt=18 lastAccess=110715917589->110716094079
110716522650: system.l3cache.prefetcher: XPT_UPDATE: page=0x96000 idx=255 enabled=0 missCnt=19 lastAccess=110716094079->110716522650
110716699140: system.l3cache.prefetcher: XPT_UPDATE: page=0x96000 idx=255 enabled=0 missCnt=20 lastAccess=110716522650->110716699140
110716875630: system.l3cache.prefetcher: XPT_UPDATE: page=0x96000 idx=255 enabled=0 missCnt=21 lastAccess=110716699140->110716875630
110717052120: system.l3cache.prefetcher: XPT_UPDATE: page=0x96000 idx=255 enabled=0 missCnt=22 lastAccess=110716875630->110717052120
110717228610: system.l3cache.prefetcher: XPT_UPDATE: page=0x96000 idx=255 enabled=0 missCnt=23 lastAccess=110717052120->110717228610
110717405100: system.l3cache.prefetcher: XPT_UPDATE: page=0x96000 idx=255 enabled=0 missCnt=24 lastAccess=110717228610->110717405100
110717581590: system.l3cache.prefetcher: XPT_UPDATE: page=0x96000 idx=255 enabled=0 missCnt=25 lastAccess=110717405100->110717581590
110717758080: system.l3cache.prefetcher: XPT_UPDATE: page=0x96000 idx=255 enabled=0 missCnt=26 lastAccess=110717581590->110717758080
110717934570: system.l3cache.prefetcher: XPT_UPDATE: page=0x96000 idx=255 enabled=0 missCnt=27 lastAccess=110717758080->110717934570
110718111060: system.l3cache.prefetcher: XPT_UPDATE: page=0x96000 idx=255 enabled=0 missCnt=28 lastAccess=110717934570->110718111060
110718287550: system.l3cache.prefetcher: XPT_UPDATE: page=0x96000 idx=255 enabled=0 missCnt=29 lastAccess=110718111060->110718287550
110718464040: system.l3cache.prefetcher: XPT_UPDATE: page=0x96000 idx=255 enabled=0 missCnt=30 lastAccess=110718287550->110718464040
110718640530: system.l3cache.prefetcher: XPT_UPDATE: page=0x96000 idx=255 enabled=0 missCnt=31 lastAccess=110718464040->110718640530
110718817020: system.l3cache.prefetcher: XPT_UPDATE: page=0x96000 idx=255 enabled=1 missCnt=32 lastAccess=110718640530->110718817020
110718966870: system.l3cache.prefetcher: XPT_UPDATE: page=0x96000 idx=255 enabled=1 missCnt=32 lastAccess=110718817020->110718966870
110719116720: system.l3cache.prefetcher: XPT_UPDATE: page=0x96000 idx=255 enabled=1 missCnt=32 lastAccess=110718966870->110719116720
111899632689: system.l3cache.prefetcher:   [EVICT] idx=131 page=0x96000 enabled=1 missCnt=32 lastAccess=110719116720
112433145309: system.l3cache.prefetcher: === XPTGuard === page=0x96000 asid=0 core=6 c=256/n=256 P=1.000 r=0.275 trig=YES vGLO=1
112433145309: system.l3cache.prefetcher: XPTGuard: page=0x96000 c=256 n=256 P=1.000 r=0.275 trig=1
112433145309: system.l3cache.prefetcher:   [INSERT] page=0x96000 -> table size: 256/256
112446436338: system.l3cache.prefetcher:   [EVICT] idx=198 page=0x96000 enabled=0 missCnt=0 lastAccess=112433145309
112638344571: system.l3cache.prefetcher: === XPTGuard === page=0x96000 asid=0 core=6 c=256/n=256 P=1.000 r=0.152 trig=YES vGLO=1
112638344571: system.l3cache.prefetcher: XPTGuard: page=0x96000 c=256 n=256 P=1.000 r=0.152 trig=1
112638344571: system.l3cache.prefetcher:   [INSERT] page=0x96000 -> table size: 256/256
112638546036: system.l3cache.prefetcher: XPT_UPDATE: page=0x96000 idx=255 enabled=0 missCnt=0 lastAccess=112638344571->112638546036
112638722526: system.l3cache.prefetcher: XPT_UPDATE: page=0x96000 idx=255 enabled=0 missCnt=1 lastAccess=112638546036->112638722526
112638899016: system.l3cache.prefetcher: XPT_UPDATE: page=0x96000 idx=255 enabled=0 missCnt=2 lastAccess=112638722526->112638899016
112639075506: system.l3cache.prefetcher: XPT_UPDATE: page=0x96000 idx=255 enabled=0 missCnt=3 lastAccess=112638899016->112639075506
112639251996: system.l3cache.prefetcher: XPT_UPDATE: page=0x96000 idx=255 enabled=0 missCnt=4 lastAccess=112639075506->112639251996
112639428486: system.l3cache.prefetcher: XPT_UPDATE: page=0x96000 idx=255 enabled=0 missCnt=5 lastAccess=112639251996->112639428486
112639604976: system.l3cache.prefetcher: XPT_UPDATE: page=0x96000 idx=255 enabled=0 missCnt=6 lastAccess=112639428486->112639604976
112639781466: system.l3cache.prefetcher: XPT_UPDATE: page=0x96000 idx=255 enabled=0 missCnt=7 lastAccess=112639604976->112639781466
112639957956: system.l3cache.prefetcher: XPT_UPDATE: page=0x96000 idx=255 enabled=0 missCnt=8 lastAccess=112639781466->112639957956
112640134446: system.l3cache.prefetcher: XPT_UPDATE: page=0x96000 idx=255 enabled=0 missCnt=9 lastAccess=112639957956->112640134446
112640310936: system.l3cache.prefetcher: XPT_UPDATE: page=0x96000 idx=255 enabled=0 missCnt=10 lastAccess=112640134446->112640310936
112640487426: system.l3cache.prefetcher: XPT_UPDATE: page=0x96000 idx=255 enabled=0 missCnt=11 lastAccess=112640310936->112640487426
112640663916: system.l3cache.prefetcher: XPT_UPDATE: page=0x96000 idx=255 enabled=0 missCnt=12 lastAccess=112640487426->112640663916
112640840406: system.l3cache.prefetcher: XPT_UPDATE: page=0x96000 idx=255 enabled=0 missCnt=13 lastAccess=112640663916->112640840406
112641016896: system.l3cache.prefetcher: XPT_UPDATE: page=0x96000 idx=255 enabled=0 missCnt=14 lastAccess=112640840406->112641016896
112641193386: system.l3cache.prefetcher: XPT_UPDATE: page=0x96000 idx=255 enabled=0 missCnt=15 lastAccess=112641016896->112641193386
112641394851: system.l3cache.prefetcher: XPT_UPDATE: page=0x96000 idx=255 enabled=0 missCnt=16 lastAccess=112641193386->112641394851
112641571341: system.l3cache.prefetcher: XPT_UPDATE: page=0x96000 idx=255 enabled=0 missCnt=17 lastAccess=112641394851->112641571341
112641747831: system.l3cache.prefetcher: XPT_UPDATE: page=0x96000 idx=255 enabled=0 missCnt=18 lastAccess=112641571341->112641747831
112641924321: system.l3cache.prefetcher: XPT_UPDATE: page=0x96000 idx=255 enabled=0 missCnt=19 lastAccess=112641747831->112641924321
112642100811: system.l3cache.prefetcher: XPT_UPDATE: page=0x96000 idx=255 enabled=0 missCnt=20 lastAccess=112641924321->112642100811
112642277301: system.l3cache.prefetcher: XPT_UPDATE: page=0x96000 idx=255 enabled=0 missCnt=21 lastAccess=112642100811->112642277301
112642453791: system.l3cache.prefetcher: XPT_UPDATE: page=0x96000 idx=255 enabled=0 missCnt=22 lastAccess=112642277301->112642453791
112642630281: system.l3cache.prefetcher: XPT_UPDATE: page=0x96000 idx=255 enabled=0 missCnt=23 lastAccess=112642453791->112642630281
112642806771: system.l3cache.prefetcher: XPT_UPDATE: page=0x96000 idx=255 enabled=0 missCnt=24 lastAccess=112642630281->112642806771
112642983261: system.l3cache.prefetcher: XPT_UPDATE: page=0x96000 idx=255 enabled=0 missCnt=25 lastAccess=112642806771->112642983261
112643159751: system.l3cache.prefetcher: XPT_UPDATE: page=0x96000 idx=255 enabled=0 missCnt=26 lastAccess=112642983261->112643159751
112643336241: system.l3cache.prefetcher: XPT_UPDATE: page=0x96000 idx=255 enabled=0 missCnt=27 lastAccess=112643159751->112643336241
112643512731: system.l3cache.prefetcher: XPT_UPDATE: page=0x96000 idx=255 enabled=0 missCnt=28 lastAccess=112643336241->112643512731
112643689221: system.l3cache.prefetcher: XPT_UPDATE: page=0x96000 idx=255 enabled=0 missCnt=29 lastAccess=112643512731->112643689221
112643865711: system.l3cache.prefetcher: XPT_UPDATE: page=0x96000 idx=255 enabled=0 missCnt=30 lastAccess=112643689221->112643865711
112644042201: system.l3cache.prefetcher: XPT_UPDATE: page=0x96000 idx=255 enabled=0 missCnt=31 lastAccess=112643865711->112644042201
112644243666: system.l3cache.prefetcher: XPT_UPDATE: page=0x96000 idx=255 enabled=1 missCnt=32 lastAccess=112644042201->112644243666
112644722853: system.l3cache.prefetcher: XPT_UPDATE: page=0x96000 idx=255 enabled=1 missCnt=32 lastAccess=112644243666->112644722853
112644872703: system.l3cache.prefetcher: XPT_UPDATE: page=0x96000 idx=255 enabled=1 missCnt=32 lastAccess=112644722853->112644872703
112772752029: system.l3cache.prefetcher:   [EVICT] idx=236 page=0x96000 enabled=1 missCnt=32 lastAccess=112644872703
114357520341: system.l3cache.prefetcher: === XPTGuard === page=0x96000 asid=0 core=6 c=256/n=256 P=1.000 r=0.358 trig=YES vGLO=1
114357520341: system.l3cache.prefetcher: XPTGuard: page=0x96000 c=256 n=256 P=1.000 r=0.358 trig=1
114357520341: system.l3cache.prefetcher:   [INSERT] page=0x96000 -> table size: 256/256
114562629027: system.l3cache.prefetcher: XPT_UPDATE: page=0x96000 idx=6 enabled=0 missCnt=0 lastAccess=114357520341->114562629027
114562855467: system.l3cache.prefetcher: XPT_UPDATE: page=0x96000 idx=6 enabled=0 missCnt=1 lastAccess=114562629027->114562855467
114563031957: system.l3cache.prefetcher: XPT_UPDATE: page=0x96000 idx=6 enabled=0 missCnt=2 lastAccess=114562855467->114563031957
114563208447: system.l3cache.prefetcher: XPT_UPDATE: page=0x96000 idx=6 enabled=0 missCnt=3 lastAccess=114563031957->114563208447
114563384937: system.l3cache.prefetcher: XPT_UPDATE: page=0x96000 idx=6 enabled=0 missCnt=4 lastAccess=114563208447->114563384937
114563561427: system.l3cache.prefetcher: XPT_UPDATE: page=0x96000 idx=6 enabled=0 missCnt=5 lastAccess=114563384937->114563561427
114563737917: system.l3cache.prefetcher: XPT_UPDATE: page=0x96000 idx=6 enabled=0 missCnt=6 lastAccess=114563561427->114563737917
114563914407: system.l3cache.prefetcher: XPT_UPDATE: page=0x96000 idx=6 enabled=0 missCnt=7 lastAccess=114563737917->114563914407
114564090897: system.l3cache.prefetcher: XPT_UPDATE: page=0x96000 idx=6 enabled=0 missCnt=8 lastAccess=114563914407->114564090897
114564267387: system.l3cache.prefetcher: XPT_UPDATE: page=0x96000 idx=6 enabled=0 missCnt=9 lastAccess=114564090897->114564267387
114564443877: system.l3cache.prefetcher: XPT_UPDATE: page=0x96000 idx=6 enabled=0 missCnt=10 lastAccess=114564267387->114564443877
114564620367: system.l3cache.prefetcher: XPT_UPDATE: page=0x96000 idx=6 enabled=0 missCnt=11 lastAccess=114564443877->114564620367
114565147839: system.l3cache.prefetcher: XPT_UPDATE: page=0x96000 idx=6 enabled=0 missCnt=12 lastAccess=114564620367->114565147839
114565324329: system.l3cache.prefetcher: XPT_UPDATE: page=0x96000 idx=6 enabled=0 missCnt=13 lastAccess=114565147839->114565324329
114565500819: system.l3cache.prefetcher: XPT_UPDATE: page=0x96000 idx=6 enabled=0 missCnt=14 lastAccess=114565324329->114565500819
114565677309: system.l3cache.prefetcher: XPT_UPDATE: page=0x96000 idx=6 enabled=0 missCnt=15 lastAccess=114565500819->114565677309
114565853799: system.l3cache.prefetcher: XPT_UPDATE: page=0x96000 idx=6 enabled=0 missCnt=16 lastAccess=114565677309->114565853799
114566030289: system.l3cache.prefetcher: XPT_UPDATE: page=0x96000 idx=6 enabled=0 missCnt=17 lastAccess=114565853799->114566030289
114566206779: system.l3cache.prefetcher: XPT_UPDATE: page=0x96000 idx=6 enabled=0 missCnt=18 lastAccess=114566030289->114566206779
114566383269: system.l3cache.prefetcher: XPT_UPDATE: page=0x96000 idx=6 enabled=0 missCnt=19 lastAccess=114566206779->114566383269
114566559759: system.l3cache.prefetcher: XPT_UPDATE: page=0x96000 idx=6 enabled=0 missCnt=20 lastAccess=114566383269->114566559759
114566736249: system.l3cache.prefetcher: XPT_UPDATE: page=0x96000 idx=6 enabled=0 missCnt=21 lastAccess=114566559759->114566736249
114566912739: system.l3cache.prefetcher: XPT_UPDATE: page=0x96000 idx=6 enabled=0 missCnt=22 lastAccess=114566736249->114566912739
114567089229: system.l3cache.prefetcher: XPT_UPDATE: page=0x96000 idx=6 enabled=0 missCnt=23 lastAccess=114566912739->114567089229
114567265719: system.l3cache.prefetcher: XPT_UPDATE: page=0x96000 idx=6 enabled=0 missCnt=24 lastAccess=114567089229->114567265719
114567442209: system.l3cache.prefetcher: XPT_UPDATE: page=0x96000 idx=6 enabled=0 missCnt=25 lastAccess=114567265719->114567442209
114567618699: system.l3cache.prefetcher: XPT_UPDATE: page=0x96000 idx=6 enabled=0 missCnt=26 lastAccess=114567442209->114567618699
114567795189: system.l3cache.prefetcher: XPT_UPDATE: page=0x96000 idx=6 enabled=0 missCnt=27 lastAccess=114567618699->114567795189
114567996654: system.l3cache.prefetcher: XPT_UPDATE: page=0x96000 idx=6 enabled=0 missCnt=28 lastAccess=114567795189->114567996654
114568173144: system.l3cache.prefetcher: XPT_UPDATE: page=0x96000 idx=6 enabled=0 missCnt=29 lastAccess=114567996654->114568173144
114568349634: system.l3cache.prefetcher: XPT_UPDATE: page=0x96000 idx=6 enabled=0 missCnt=30 lastAccess=114568173144->114568349634
114568526124: system.l3cache.prefetcher: XPT_UPDATE: page=0x96000 idx=6 enabled=0 missCnt=31 lastAccess=114568349634->114568526124
114568702614: system.l3cache.prefetcher: XPT_UPDATE: page=0x96000 idx=6 enabled=1 missCnt=32 lastAccess=114568526124->114568702614
114568852464: system.l3cache.prefetcher: XPT_UPDATE: page=0x96000 idx=6 enabled=1 missCnt=32 lastAccess=114568702614->114568852464
114569002314: system.l3cache.prefetcher: XPT_UPDATE: page=0x96000 idx=6 enabled=1 missCnt=32 lastAccess=114568852464->114569002314
114569152164: system.l3cache.prefetcher: XPT_UPDATE: page=0x96000 idx=6 enabled=1 missCnt=32 lastAccess=114569002314->114569152164
116280922680: system.l3cache.prefetcher: XPT_UPDATE: page=0x96000 idx=6 enabled=1 missCnt=32 lastAccess=114569152164->116280922680
116361768087: system.l3cache.prefetcher:   [EVICT] idx=1 page=0x96000 enabled=1 missCnt=32 lastAccess=116280922680
116487175221: system.l3cache.prefetcher: === XPTGuard === page=0x96000 asid=0 core=6 c=256/n=256 P=1.000 r=0.742 trig=YES vGLO=1
116487175221: system.l3cache.prefetcher: XPTGuard: page=0x96000 c=256 n=256 P=1.000 r=0.742 trig=1
116487175221: system.l3cache.prefetcher:   [INSERT] page=0x96000 -> table size: 256/256
116487376686: system.l3cache.prefetcher: XPT_UPDATE: page=0x96000 idx=255 enabled=0 missCnt=0 lastAccess=116487175221->116487376686
116487553176: system.l3cache.prefetcher: XPT_UPDATE: page=0x96000 idx=255 enabled=0 missCnt=1 lastAccess=116487376686->116487553176
116487729666: system.l3cache.prefetcher: XPT_UPDATE: page=0x96000 idx=255 enabled=0 missCnt=2 lastAccess=116487553176->116487729666
116487906156: system.l3cache.prefetcher: XPT_UPDATE: page=0x96000 idx=255 enabled=0 missCnt=3 lastAccess=116487729666->116487906156
116488082646: system.l3cache.prefetcher: XPT_UPDATE: page=0x96000 idx=255 enabled=0 missCnt=4 lastAccess=116487906156->116488082646
116488259136: system.l3cache.prefetcher: XPT_UPDATE: page=0x96000 idx=255 enabled=0 missCnt=5 lastAccess=116488082646->116488259136
116488435626: system.l3cache.prefetcher: XPT_UPDATE: page=0x96000 idx=255 enabled=0 missCnt=6 lastAccess=116488259136->116488435626
116488612116: system.l3cache.prefetcher: XPT_UPDATE: page=0x96000 idx=255 enabled=0 missCnt=7 lastAccess=116488435626->116488612116
116488788606: system.l3cache.prefetcher: XPT_UPDATE: page=0x96000 idx=255 enabled=0 missCnt=8 lastAccess=116488612116->116488788606
116488965096: system.l3cache.prefetcher: XPT_UPDATE: page=0x96000 idx=255 enabled=0 missCnt=9 lastAccess=116488788606->116488965096
116489141586: system.l3cache.prefetcher: XPT_UPDATE: page=0x96000 idx=255 enabled=0 missCnt=10 lastAccess=116488965096->116489141586
116489318076: system.l3cache.prefetcher: XPT_UPDATE: page=0x96000 idx=255 enabled=0 missCnt=11 lastAccess=116489141586->116489318076
116489494566: system.l3cache.prefetcher: XPT_UPDATE: page=0x96000 idx=255 enabled=0 missCnt=12 lastAccess=116489318076->116489494566
116489671056: system.l3cache.prefetcher: XPT_UPDATE: page=0x96000 idx=255 enabled=0 missCnt=13 lastAccess=116489494566->116489671056
116489847546: system.l3cache.prefetcher: XPT_UPDATE: page=0x96000 idx=255 enabled=0 missCnt=14 lastAccess=116489671056->116489847546
116490024036: system.l3cache.prefetcher: XPT_UPDATE: page=0x96000 idx=255 enabled=0 missCnt=15 lastAccess=116489847546->116490024036
116490225501: system.l3cache.prefetcher: XPT_UPDATE: page=0x96000 idx=255 enabled=0 missCnt=16 lastAccess=116490024036->116490225501
116490401991: system.l3cache.prefetcher: XPT_UPDATE: page=0x96000 idx=255 enabled=0 missCnt=17 lastAccess=116490225501->116490401991
116490578481: system.l3cache.prefetcher: XPT_UPDATE: page=0x96000 idx=255 enabled=0 missCnt=18 lastAccess=116490401991->116490578481
116490754971: system.l3cache.prefetcher: XPT_UPDATE: page=0x96000 idx=255 enabled=0 missCnt=19 lastAccess=116490578481->116490754971
116490931461: system.l3cache.prefetcher: XPT_UPDATE: page=0x96000 idx=255 enabled=0 missCnt=20 lastAccess=116490754971->116490931461
116491107951: system.l3cache.prefetcher: XPT_UPDATE: page=0x96000 idx=255 enabled=0 missCnt=21 lastAccess=116490931461->116491107951
116491284441: system.l3cache.prefetcher: XPT_UPDATE: page=0x96000 idx=255 enabled=0 missCnt=22 lastAccess=116491107951->116491284441
116491460931: system.l3cache.prefetcher: XPT_UPDATE: page=0x96000 idx=255 enabled=0 missCnt=23 lastAccess=116491284441->116491460931
116491637421: system.l3cache.prefetcher: XPT_UPDATE: page=0x96000 idx=255 enabled=0 missCnt=24 lastAccess=116491460931->116491637421
116491813911: system.l3cache.prefetcher: XPT_UPDATE: page=0x96000 idx=255 enabled=0 missCnt=25 lastAccess=116491637421->116491813911
116491990401: system.l3cache.prefetcher: XPT_UPDATE: page=0x96000 idx=255 enabled=0 missCnt=26 lastAccess=116491813911->116491990401
116492166891: system.l3cache.prefetcher: XPT_UPDATE: page=0x96000 idx=255 enabled=0 missCnt=27 lastAccess=116491990401->116492166891
116492343381: system.l3cache.prefetcher: XPT_UPDATE: page=0x96000 idx=255 enabled=0 missCnt=28 lastAccess=116492166891->116492343381
116492519871: system.l3cache.prefetcher: XPT_UPDATE: page=0x96000 idx=255 enabled=0 missCnt=29 lastAccess=116492343381->116492519871
116492696361: system.l3cache.prefetcher: XPT_UPDATE: page=0x96000 idx=255 enabled=0 missCnt=30 lastAccess=116492519871->116492696361
116492872851: system.l3cache.prefetcher: XPT_UPDATE: page=0x96000 idx=255 enabled=0 missCnt=31 lastAccess=116492696361->116492872851
116493347709: system.l3cache.prefetcher: XPT_UPDATE: page=0x96000 idx=255 enabled=1 missCnt=32 lastAccess=116492872851->116493347709
116493497559: system.l3cache.prefetcher: XPT_UPDATE: page=0x96000 idx=255 enabled=1 missCnt=32 lastAccess=116493347709->116493497559
116493647409: system.l3cache.prefetcher: XPT_UPDATE: page=0x96000 idx=255 enabled=1 missCnt=32 lastAccess=116493497559->116493647409
118207174833: system.l3cache.prefetcher: XPT_UPDATE: page=0x96000 idx=97 enabled=1 missCnt=32 lastAccess=116493647409->118207174833
118210305366: system.l3cache.prefetcher:   [EVICT] idx=92 page=0x96000 enabled=1 missCnt=32 lastAccess=118207174833
118412231571: system.l3cache.prefetcher: === XPTGuard === page=0x96000 asid=0 core=6 c=256/n=256 P=1.000 r=0.021 trig=YES vGLO=1
118412231571: system.l3cache.prefetcher: XPTGuard: page=0x96000 c=256 n=256 P=1.000 r=0.021 trig=1
118412231571: system.l3cache.prefetcher:   [INSERT] page=0x96000 -> table size: 256/256
118412458011: system.l3cache.prefetcher: XPT_UPDATE: page=0x96000 idx=255 enabled=0 missCnt=0 lastAccess=118412231571->118412458011
118412634501: system.l3cache.prefetcher: XPT_UPDATE: page=0x96000 idx=255 enabled=0 missCnt=1 lastAccess=118412458011->118412634501
118412810991: system.l3cache.prefetcher: XPT_UPDATE: page=0x96000 idx=255 enabled=0 missCnt=2 lastAccess=118412634501->118412810991
118412987481: system.l3cache.prefetcher: XPT_UPDATE: page=0x96000 idx=255 enabled=0 missCnt=3 lastAccess=118412810991->118412987481
118413163971: system.l3cache.prefetcher: XPT_UPDATE: page=0x96000 idx=255 enabled=0 missCnt=4 lastAccess=118412987481->118413163971
118413340461: system.l3cache.prefetcher: XPT_UPDATE: page=0x96000 idx=255 enabled=0 missCnt=5 lastAccess=118413163971->118413340461
118413772695: system.l3cache.prefetcher: XPT_UPDATE: page=0x96000 idx=255 enabled=0 missCnt=6 lastAccess=118413340461->118413772695
118413949185: system.l3cache.prefetcher: XPT_UPDATE: page=0x96000 idx=255 enabled=0 missCnt=7 lastAccess=118413772695->118413949185
118414125675: system.l3cache.prefetcher: XPT_UPDATE: page=0x96000 idx=255 enabled=0 missCnt=8 lastAccess=118413949185->118414125675
118414302165: system.l3cache.prefetcher: XPT_UPDATE: page=0x96000 idx=255 enabled=0 missCnt=9 lastAccess=118414125675->118414302165
118414478655: system.l3cache.prefetcher: XPT_UPDATE: page=0x96000 idx=255 enabled=0 missCnt=10 lastAccess=118414302165->118414478655
118414655145: system.l3cache.prefetcher: XPT_UPDATE: page=0x96000 idx=255 enabled=0 missCnt=11 lastAccess=118414478655->118414655145
118414831635: system.l3cache.prefetcher: XPT_UPDATE: page=0x96000 idx=255 enabled=0 missCnt=12 lastAccess=118414655145->118414831635
118415008125: system.l3cache.prefetcher: XPT_UPDATE: page=0x96000 idx=255 enabled=0 missCnt=13 lastAccess=118414831635->118415008125
118415184615: system.l3cache.prefetcher: XPT_UPDATE: page=0x96000 idx=255 enabled=0 missCnt=14 lastAccess=118415008125->118415184615
118415361105: system.l3cache.prefetcher: XPT_UPDATE: page=0x96000 idx=255 enabled=0 missCnt=15 lastAccess=118415184615->118415361105
118415537595: system.l3cache.prefetcher: XPT_UPDATE: page=0x96000 idx=255 enabled=0 missCnt=16 lastAccess=118415361105->118415537595
118415714085: system.l3cache.prefetcher: XPT_UPDATE: page=0x96000 idx=255 enabled=0 missCnt=17 lastAccess=118415537595->118415714085
118415890575: system.l3cache.prefetcher: XPT_UPDATE: page=0x96000 idx=255 enabled=0 missCnt=18 lastAccess=118415714085->118415890575
118416067065: system.l3cache.prefetcher: XPT_UPDATE: page=0x96000 idx=255 enabled=0 missCnt=19 lastAccess=118415890575->118416067065
118416243555: system.l3cache.prefetcher: XPT_UPDATE: page=0x96000 idx=255 enabled=0 missCnt=20 lastAccess=118416067065->118416243555
118416420045: system.l3cache.prefetcher: XPT_UPDATE: page=0x96000 idx=255 enabled=0 missCnt=21 lastAccess=118416243555->118416420045
118416621510: system.l3cache.prefetcher: XPT_UPDATE: page=0x96000 idx=255 enabled=0 missCnt=22 lastAccess=118416420045->118416621510
118416798000: system.l3cache.prefetcher: XPT_UPDATE: page=0x96000 idx=255 enabled=0 missCnt=23 lastAccess=118416621510->118416798000
118416974490: system.l3cache.prefetcher: XPT_UPDATE: page=0x96000 idx=255 enabled=0 missCnt=24 lastAccess=118416798000->118416974490
118417150980: system.l3cache.prefetcher: XPT_UPDATE: page=0x96000 idx=255 enabled=0 missCnt=25 lastAccess=118416974490->118417150980
118417327470: system.l3cache.prefetcher: XPT_UPDATE: page=0x96000 idx=255 enabled=0 missCnt=26 lastAccess=118417150980->118417327470
118417503960: system.l3cache.prefetcher: XPT_UPDATE: page=0x96000 idx=255 enabled=0 missCnt=27 lastAccess=118417327470->118417503960
118417680450: system.l3cache.prefetcher: XPT_UPDATE: page=0x96000 idx=255 enabled=0 missCnt=28 lastAccess=118417503960->118417680450
118417856940: system.l3cache.prefetcher: XPT_UPDATE: page=0x96000 idx=255 enabled=0 missCnt=29 lastAccess=118417680450->118417856940
118418033430: system.l3cache.prefetcher: XPT_UPDATE: page=0x96000 idx=255 enabled=0 missCnt=30 lastAccess=118417856940->118418033430
118418209920: system.l3cache.prefetcher: XPT_UPDATE: page=0x96000 idx=255 enabled=0 missCnt=31 lastAccess=118418033430->118418209920
118418386410: system.l3cache.prefetcher: XPT_UPDATE: page=0x96000 idx=255 enabled=1 missCnt=32 lastAccess=118418209920->118418386410
118418536260: system.l3cache.prefetcher: XPT_UPDATE: page=0x96000 idx=255 enabled=1 missCnt=32 lastAccess=118418386410->118418536260
118418686110: system.l3cache.prefetcher: XPT_UPDATE: page=0x96000 idx=255 enabled=1 missCnt=32 lastAccess=118418536260->118418686110
120132069678: system.l3cache.prefetcher: XPT_UPDATE: page=0x96000 idx=91 enabled=1 missCnt=32 lastAccess=118418686110->120132069678
120188406618: system.l3cache.prefetcher:   [EVICT] idx=30 page=0x96000 enabled=1 missCnt=32 lastAccess=120132069678
120337138404: system.l3cache.prefetcher: === XPTGuard === page=0x96000 asid=0 core=6 c=256/n=256 P=1.000 r=0.267 trig=YES vGLO=1
120337138404: system.l3cache.prefetcher: XPTGuard: page=0x96000 c=256 n=256 P=1.000 r=0.267 trig=1
120337138404: system.l3cache.prefetcher:   [INSERT] page=0x96000 -> table size: 256/256
120337364844: system.l3cache.prefetcher: XPT_UPDATE: page=0x96000 idx=255 enabled=0 missCnt=0 lastAccess=120337138404->120337364844
120337541334: system.l3cache.prefetcher: XPT_UPDATE: page=0x96000 idx=255 enabled=0 missCnt=1 lastAccess=120337364844->120337541334
120337717824: system.l3cache.prefetcher: XPT_UPDATE: page=0x96000 idx=255 enabled=0 missCnt=2 lastAccess=120337541334->120337717824
120337894314: system.l3cache.prefetcher: XPT_UPDATE: page=0x96000 idx=255 enabled=0 missCnt=3 lastAccess=120337717824->120337894314
120338070804: system.l3cache.prefetcher: XPT_UPDATE: page=0x96000 idx=255 enabled=0 missCnt=4 lastAccess=120337894314->120338070804
120338247294: system.l3cache.prefetcher: XPT_UPDATE: page=0x96000 idx=255 enabled=0 missCnt=5 lastAccess=120338070804->120338247294
120338423784: system.l3cache.prefetcher: XPT_UPDATE: page=0x96000 idx=255 enabled=0 missCnt=6 lastAccess=120338247294->120338423784
120338600274: system.l3cache.prefetcher: XPT_UPDATE: page=0x96000 idx=255 enabled=0 missCnt=7 lastAccess=120338423784->120338600274
120338776764: system.l3cache.prefetcher: XPT_UPDATE: page=0x96000 idx=255 enabled=0 missCnt=8 lastAccess=120338600274->120338776764
120338953254: system.l3cache.prefetcher: XPT_UPDATE: page=0x96000 idx=255 enabled=0 missCnt=9 lastAccess=120338776764->120338953254
120339129744: system.l3cache.prefetcher: XPT_UPDATE: page=0x96000 idx=255 enabled=0 missCnt=10 lastAccess=120338953254->120339129744
120339306234: system.l3cache.prefetcher: XPT_UPDATE: page=0x96000 idx=255 enabled=0 missCnt=11 lastAccess=120339129744->120339306234
120339482724: system.l3cache.prefetcher: XPT_UPDATE: page=0x96000 idx=255 enabled=0 missCnt=12 lastAccess=120339306234->120339482724
120339659214: system.l3cache.prefetcher: XPT_UPDATE: page=0x96000 idx=255 enabled=0 missCnt=13 lastAccess=120339482724->120339659214
120339835704: system.l3cache.prefetcher: XPT_UPDATE: page=0x96000 idx=255 enabled=0 missCnt=14 lastAccess=120339659214->120339835704
120340012194: system.l3cache.prefetcher: XPT_UPDATE: page=0x96000 idx=255 enabled=0 missCnt=15 lastAccess=120339835704->120340012194
120340213659: system.l3cache.prefetcher: XPT_UPDATE: page=0x96000 idx=255 enabled=0 missCnt=16 lastAccess=120340012194->120340213659
120340390149: system.l3cache.prefetcher: XPT_UPDATE: page=0x96000 idx=255 enabled=0 missCnt=17 lastAccess=120340213659->120340390149
120340566639: system.l3cache.prefetcher: XPT_UPDATE: page=0x96000 idx=255 enabled=0 missCnt=18 lastAccess=120340390149->120340566639
120340743129: system.l3cache.prefetcher: XPT_UPDATE: page=0x96000 idx=255 enabled=0 missCnt=19 lastAccess=120340566639->120340743129
120340919619: system.l3cache.prefetcher: XPT_UPDATE: page=0x96000 idx=255 enabled=0 missCnt=20 lastAccess=120340743129->120340919619
120341096109: system.l3cache.prefetcher: XPT_UPDATE: page=0x96000 idx=255 enabled=0 missCnt=21 lastAccess=120340919619->120341096109
120341272599: system.l3cache.prefetcher: XPT_UPDATE: page=0x96000 idx=255 enabled=0 missCnt=22 lastAccess=120341096109->120341272599
120341449089: system.l3cache.prefetcher: XPT_UPDATE: page=0x96000 idx=255 enabled=0 missCnt=23 lastAccess=120341272599->120341449089
120341972898: system.l3cache.prefetcher: XPT_UPDATE: page=0x96000 idx=255 enabled=0 missCnt=24 lastAccess=120341449089->120341972898
120342149388: system.l3cache.prefetcher: XPT_UPDATE: page=0x96000 idx=255 enabled=0 missCnt=25 lastAccess=120341972898->120342149388
120342325878: system.l3cache.prefetcher: XPT_UPDATE: page=0x96000 idx=255 enabled=0 missCnt=26 lastAccess=120342149388->120342325878
120342502368: system.l3cache.prefetcher: XPT_UPDATE: page=0x96000 idx=255 enabled=0 missCnt=27 lastAccess=120342325878->120342502368
120342678858: system.l3cache.prefetcher: XPT_UPDATE: page=0x96000 idx=255 enabled=0 missCnt=28 lastAccess=120342502368->120342678858
120342855348: system.l3cache.prefetcher: XPT_UPDATE: page=0x96000 idx=255 enabled=0 missCnt=29 lastAccess=120342678858->120342855348
120343031838: system.l3cache.prefetcher: XPT_UPDATE: page=0x96000 idx=255 enabled=0 missCnt=30 lastAccess=120342855348->120343031838
120343208328: system.l3cache.prefetcher: XPT_UPDATE: page=0x96000 idx=255 enabled=0 missCnt=31 lastAccess=120343031838->120343208328
120343384818: system.l3cache.prefetcher: XPT_UPDATE: page=0x96000 idx=255 enabled=1 missCnt=32 lastAccess=120343208328->120343384818
120343534668: system.l3cache.prefetcher: XPT_UPDATE: page=0x96000 idx=255 enabled=1 missCnt=32 lastAccess=120343384818->120343534668
120343684518: system.l3cache.prefetcher: XPT_UPDATE: page=0x96000 idx=255 enabled=1 missCnt=32 lastAccess=120343534668->120343684518
121095180270: system.l3cache.prefetcher:   [EVICT] idx=163 page=0x96000 enabled=1 missCnt=32 lastAccess=120343684518
122055476346: system.l3cache.prefetcher: === XPTGuard === page=0x96000 asid=0 core=6 c=256/n=256 P=1.000 r=0.999 trig=YES vGLO=1
122055476346: system.l3cache.prefetcher: XPTGuard: page=0x96000 c=256 n=256 P=1.000 r=0.999 trig=1
122055476346: system.l3cache.prefetcher:   [INSERT] page=0x96000 -> table size: 256/256
122123223531: system.l3cache.prefetcher:   [EVICT] idx=64 page=0x96000 enabled=0 missCnt=0 lastAccess=122055476346
122260470480: system.l3cache.prefetcher: === XPTGuard === page=0x96000 asid=0 core=6 c=256/n=256 P=1.000 r=0.740 trig=YES vGLO=1
122260470480: system.l3cache.prefetcher: XPTGuard: page=0x96000 c=256 n=256 P=1.000 r=0.740 trig=1
122260470480: system.l3cache.prefetcher:   [INSERT] page=0x96000 -> table size: 256/256
122260696920: system.l3cache.prefetcher: XPT_UPDATE: page=0x96000 idx=255 enabled=0 missCnt=0 lastAccess=122260470480->122260696920
122260873410: system.l3cache.prefetcher: XPT_UPDATE: page=0x96000 idx=255 enabled=0 missCnt=1 lastAccess=122260696920->122260873410
122261049900: system.l3cache.prefetcher: XPT_UPDATE: page=0x96000 idx=255 enabled=0 missCnt=2 lastAccess=122260873410->122261049900
122261226390: system.l3cache.prefetcher: XPT_UPDATE: page=0x96000 idx=255 enabled=0 missCnt=3 lastAccess=122261049900->122261226390
122261402880: system.l3cache.prefetcher: XPT_UPDATE: page=0x96000 idx=255 enabled=0 missCnt=4 lastAccess=122261226390->122261402880
122261579370: system.l3cache.prefetcher: XPT_UPDATE: page=0x96000 idx=255 enabled=0 missCnt=5 lastAccess=122261402880->122261579370
122261755860: system.l3cache.prefetcher: XPT_UPDATE: page=0x96000 idx=255 enabled=0 missCnt=6 lastAccess=122261579370->122261755860
122261932350: system.l3cache.prefetcher: XPT_UPDATE: page=0x96000 idx=255 enabled=0 missCnt=7 lastAccess=122261755860->122261932350
122262397884: system.l3cache.prefetcher: XPT_UPDATE: page=0x96000 idx=255 enabled=0 missCnt=8 lastAccess=122261932350->122262397884
122262574374: system.l3cache.prefetcher: XPT_UPDATE: page=0x96000 idx=255 enabled=0 missCnt=9 lastAccess=122262397884->122262574374
122262750864: system.l3cache.prefetcher: XPT_UPDATE: page=0x96000 idx=255 enabled=0 missCnt=10 lastAccess=122262574374->122262750864
122262927354: system.l3cache.prefetcher: XPT_UPDATE: page=0x96000 idx=255 enabled=0 missCnt=11 lastAccess=122262750864->122262927354
122263103844: system.l3cache.prefetcher: XPT_UPDATE: page=0x96000 idx=255 enabled=0 missCnt=12 lastAccess=122262927354->122263103844
122263280334: system.l3cache.prefetcher: XPT_UPDATE: page=0x96000 idx=255 enabled=0 missCnt=13 lastAccess=122263103844->122263280334
122263456824: system.l3cache.prefetcher: XPT_UPDATE: page=0x96000 idx=255 enabled=0 missCnt=14 lastAccess=122263280334->122263456824
122263633314: system.l3cache.prefetcher: XPT_UPDATE: page=0x96000 idx=255 enabled=0 missCnt=15 lastAccess=122263456824->122263633314
122263809804: system.l3cache.prefetcher: XPT_UPDATE: page=0x96000 idx=255 enabled=0 missCnt=16 lastAccess=122263633314->122263809804
122263986294: system.l3cache.prefetcher: XPT_UPDATE: page=0x96000 idx=255 enabled=0 missCnt=17 lastAccess=122263809804->122263986294
122264162784: system.l3cache.prefetcher: XPT_UPDATE: page=0x96000 idx=255 enabled=0 missCnt=18 lastAccess=122263986294->122264162784
122264339274: system.l3cache.prefetcher: XPT_UPDATE: page=0x96000 idx=255 enabled=0 missCnt=19 lastAccess=122264162784->122264339274
122264515764: system.l3cache.prefetcher: XPT_UPDATE: page=0x96000 idx=255 enabled=0 missCnt=20 lastAccess=122264339274->122264515764
122264692254: system.l3cache.prefetcher: XPT_UPDATE: page=0x96000 idx=255 enabled=0 missCnt=21 lastAccess=122264515764->122264692254
122264868744: system.l3cache.prefetcher: XPT_UPDATE: page=0x96000 idx=255 enabled=0 missCnt=22 lastAccess=122264692254->122264868744
122265045234: system.l3cache.prefetcher: XPT_UPDATE: page=0x96000 idx=255 enabled=0 missCnt=23 lastAccess=122264868744->122265045234
122265246699: system.l3cache.prefetcher: XPT_UPDATE: page=0x96000 idx=255 enabled=0 missCnt=24 lastAccess=122265045234->122265246699
122265423189: system.l3cache.prefetcher: XPT_UPDATE: page=0x96000 idx=255 enabled=0 missCnt=25 lastAccess=122265246699->122265423189
122265599679: system.l3cache.prefetcher: XPT_UPDATE: page=0x96000 idx=255 enabled=0 missCnt=26 lastAccess=122265423189->122265599679
122265776169: system.l3cache.prefetcher: XPT_UPDATE: page=0x96000 idx=255 enabled=0 missCnt=27 lastAccess=122265599679->122265776169
122265952659: system.l3cache.prefetcher: XPT_UPDATE: page=0x96000 idx=255 enabled=0 missCnt=28 lastAccess=122265776169->122265952659
122266129149: system.l3cache.prefetcher: XPT_UPDATE: page=0x96000 idx=255 enabled=0 missCnt=29 lastAccess=122265952659->122266129149
122266305639: system.l3cache.prefetcher: XPT_UPDATE: page=0x96000 idx=255 enabled=0 missCnt=30 lastAccess=122266129149->122266305639
122266482129: system.l3cache.prefetcher: XPT_UPDATE: page=0x96000 idx=255 enabled=0 missCnt=31 lastAccess=122266305639->122266482129
122266658619: system.l3cache.prefetcher: XPT_UPDATE: page=0x96000 idx=255 enabled=1 missCnt=32 lastAccess=122266482129->122266658619
122266808469: system.l3cache.prefetcher: XPT_UPDATE: page=0x96000 idx=255 enabled=1 missCnt=32 lastAccess=122266658619->122266808469
122266958319: system.l3cache.prefetcher: XPT_UPDATE: page=0x96000 idx=255 enabled=1 missCnt=32 lastAccess=122266808469->122266958319
123981138090: system.l3cache.prefetcher: XPT_UPDATE: page=0x96000 idx=96 enabled=1 missCnt=32 lastAccess=122266958319->123981138090
124026112737: system.l3cache.prefetcher:   [EVICT] idx=42 page=0x96000 enabled=1 missCnt=32 lastAccess=123981138090
124186149540: system.l3cache.prefetcher: === XPTGuard === page=0x96000 asid=0 core=6 c=256/n=256 P=1.000 r=0.818 trig=YES vGLO=1
124186149540: system.l3cache.prefetcher: XPTGuard: page=0x96000 c=256 n=256 P=1.000 r=0.818 trig=1
124186149540: system.l3cache.prefetcher:   [INSERT] page=0x96000 -> table size: 256/256
124186375980: system.l3cache.prefetcher: XPT_UPDATE: page=0x96000 idx=255 enabled=0 missCnt=0 lastAccess=124186149540->124186375980
124186552470: system.l3cache.prefetcher: XPT_UPDATE: page=0x96000 idx=255 enabled=0 missCnt=1 lastAccess=124186375980->124186552470
124186728960: system.l3cache.prefetcher: XPT_UPDATE: page=0x96000 idx=255 enabled=0 missCnt=2 lastAccess=124186552470->124186728960
124186905450: system.l3cache.prefetcher: XPT_UPDATE: page=0x96000 idx=255 enabled=0 missCnt=3 lastAccess=124186728960->124186905450
124187081940: system.l3cache.prefetcher: XPT_UPDATE: page=0x96000 idx=255 enabled=0 missCnt=4 lastAccess=124186905450->124187081940
124187258430: system.l3cache.prefetcher: XPT_UPDATE: page=0x96000 idx=255 enabled=0 missCnt=5 lastAccess=124187081940->124187258430
124187434920: system.l3cache.prefetcher: XPT_UPDATE: page=0x96000 idx=255 enabled=0 missCnt=6 lastAccess=124187258430->124187434920
124187611410: system.l3cache.prefetcher: XPT_UPDATE: page=0x96000 idx=255 enabled=0 missCnt=7 lastAccess=124187434920->124187611410
124187787900: system.l3cache.prefetcher: XPT_UPDATE: page=0x96000 idx=255 enabled=0 missCnt=8 lastAccess=124187611410->124187787900
124187964390: system.l3cache.prefetcher: XPT_UPDATE: page=0x96000 idx=255 enabled=0 missCnt=9 lastAccess=124187787900->124187964390
124188140880: system.l3cache.prefetcher: XPT_UPDATE: page=0x96000 idx=255 enabled=0 missCnt=10 lastAccess=124187964390->124188140880
124188317370: system.l3cache.prefetcher: XPT_UPDATE: page=0x96000 idx=255 enabled=0 missCnt=11 lastAccess=124188140880->124188317370
124188493860: system.l3cache.prefetcher: XPT_UPDATE: page=0x96000 idx=255 enabled=0 missCnt=12 lastAccess=124188317370->124188493860
124188670350: system.l3cache.prefetcher: XPT_UPDATE: page=0x96000 idx=255 enabled=0 missCnt=13 lastAccess=124188493860->124188670350
124188846840: system.l3cache.prefetcher: XPT_UPDATE: page=0x96000 idx=255 enabled=0 missCnt=14 lastAccess=124188670350->124188846840
124189023330: system.l3cache.prefetcher: XPT_UPDATE: page=0x96000 idx=255 enabled=0 missCnt=15 lastAccess=124188846840->124189023330
124189224795: system.l3cache.prefetcher: XPT_UPDATE: page=0x96000 idx=255 enabled=0 missCnt=16 lastAccess=124189023330->124189224795
124189401285: system.l3cache.prefetcher: XPT_UPDATE: page=0x96000 idx=255 enabled=0 missCnt=17 lastAccess=124189224795->124189401285
124189577775: system.l3cache.prefetcher: XPT_UPDATE: page=0x96000 idx=255 enabled=0 missCnt=18 lastAccess=124189401285->124189577775
124189754265: system.l3cache.prefetcher: XPT_UPDATE: page=0x96000 idx=255 enabled=0 missCnt=19 lastAccess=124189577775->124189754265
124189930755: system.l3cache.prefetcher: XPT_UPDATE: page=0x96000 idx=255 enabled=0 missCnt=20 lastAccess=124189754265->124189930755
124190107245: system.l3cache.prefetcher: XPT_UPDATE: page=0x96000 idx=255 enabled=0 missCnt=21 lastAccess=124189930755->124190107245
124190597754: system.l3cache.prefetcher: XPT_UPDATE: page=0x96000 idx=255 enabled=0 missCnt=22 lastAccess=124190107245->124190597754
124190774244: system.l3cache.prefetcher: XPT_UPDATE: page=0x96000 idx=255 enabled=0 missCnt=23 lastAccess=124190597754->124190774244
124190950734: system.l3cache.prefetcher: XPT_UPDATE: page=0x96000 idx=255 enabled=0 missCnt=24 lastAccess=124190774244->124190950734
124191127224: system.l3cache.prefetcher: XPT_UPDATE: page=0x96000 idx=255 enabled=0 missCnt=25 lastAccess=124190950734->124191127224
124191303714: system.l3cache.prefetcher: XPT_UPDATE: page=0x96000 idx=255 enabled=0 missCnt=26 lastAccess=124191127224->124191303714
124191480204: system.l3cache.prefetcher: XPT_UPDATE: page=0x96000 idx=255 enabled=0 missCnt=27 lastAccess=124191303714->124191480204
124191656694: system.l3cache.prefetcher: XPT_UPDATE: page=0x96000 idx=255 enabled=0 missCnt=28 lastAccess=124191480204->124191656694
124191833184: system.l3cache.prefetcher: XPT_UPDATE: page=0x96000 idx=255 enabled=0 missCnt=29 lastAccess=124191656694->124191833184
124192009674: system.l3cache.prefetcher: XPT_UPDATE: page=0x96000 idx=255 enabled=0 missCnt=30 lastAccess=124191833184->124192009674
124192186164: system.l3cache.prefetcher: XPT_UPDATE: page=0x96000 idx=255 enabled=0 missCnt=31 lastAccess=124192009674->124192186164
124192362654: system.l3cache.prefetcher: XPT_UPDATE: page=0x96000 idx=255 enabled=1 missCnt=32 lastAccess=124192186164->124192362654
124192512504: system.l3cache.prefetcher: XPT_UPDATE: page=0x96000 idx=255 enabled=1 missCnt=32 lastAccess=124192362654->124192512504
124192662354: system.l3cache.prefetcher: XPT_UPDATE: page=0x96000 idx=255 enabled=1 missCnt=32 lastAccess=124192512504->124192662354
125908632333: system.l3cache.prefetcher: XPT_UPDATE: page=0x96000 idx=96 enabled=1 missCnt=32 lastAccess=124192662354->125908632333
125941339926: system.l3cache.prefetcher:   [EVICT] idx=53 page=0x96000 enabled=1 missCnt=32 lastAccess=125908632333
126113782977: system.l3cache.prefetcher: === XPTGuard === page=0x96000 asid=0 core=6 c=256/n=256 P=1.000 r=0.877 trig=YES vGLO=1
126113782977: system.l3cache.prefetcher: XPTGuard: page=0x96000 c=256 n=256 P=1.000 r=0.877 trig=1
126113782977: system.l3cache.prefetcher:   [INSERT] page=0x96000 -> table size: 256/256
126114009417: system.l3cache.prefetcher: XPT_UPDATE: page=0x96000 idx=255 enabled=0 missCnt=0 lastAccess=126113782977->126114009417
126114185907: system.l3cache.prefetcher: XPT_UPDATE: page=0x96000 idx=255 enabled=0 missCnt=1 lastAccess=126114009417->126114185907
126114362397: system.l3cache.prefetcher: XPT_UPDATE: page=0x96000 idx=255 enabled=0 missCnt=2 lastAccess=126114185907->126114362397
126114538887: system.l3cache.prefetcher: XPT_UPDATE: page=0x96000 idx=255 enabled=0 missCnt=3 lastAccess=126114362397->126114538887
126114715377: system.l3cache.prefetcher: XPT_UPDATE: page=0x96000 idx=255 enabled=0 missCnt=4 lastAccess=126114538887->126114715377
126114891867: system.l3cache.prefetcher: XPT_UPDATE: page=0x96000 idx=255 enabled=0 missCnt=5 lastAccess=126114715377->126114891867
126115068357: system.l3cache.prefetcher: XPT_UPDATE: page=0x96000 idx=255 enabled=0 missCnt=6 lastAccess=126114891867->126115068357
126115244847: system.l3cache.prefetcher: XPT_UPDATE: page=0x96000 idx=255 enabled=0 missCnt=7 lastAccess=126115068357->126115244847
126115421337: system.l3cache.prefetcher: XPT_UPDATE: page=0x96000 idx=255 enabled=0 missCnt=8 lastAccess=126115244847->126115421337
126115597827: system.l3cache.prefetcher: XPT_UPDATE: page=0x96000 idx=255 enabled=0 missCnt=9 lastAccess=126115421337->126115597827
126115774317: system.l3cache.prefetcher: XPT_UPDATE: page=0x96000 idx=255 enabled=0 missCnt=10 lastAccess=126115597827->126115774317
126115950807: system.l3cache.prefetcher: XPT_UPDATE: page=0x96000 idx=255 enabled=0 missCnt=11 lastAccess=126115774317->126115950807
126116127297: system.l3cache.prefetcher: XPT_UPDATE: page=0x96000 idx=255 enabled=0 missCnt=12 lastAccess=126115950807->126116127297
126116303787: system.l3cache.prefetcher: XPT_UPDATE: page=0x96000 idx=255 enabled=0 missCnt=13 lastAccess=126116127297->126116303787
126116480277: system.l3cache.prefetcher: XPT_UPDATE: page=0x96000 idx=255 enabled=0 missCnt=14 lastAccess=126116303787->126116480277
126116656767: system.l3cache.prefetcher: XPT_UPDATE: page=0x96000 idx=255 enabled=0 missCnt=15 lastAccess=126116480277->126116656767
126116858232: system.l3cache.prefetcher: XPT_UPDATE: page=0x96000 idx=255 enabled=0 missCnt=16 lastAccess=126116656767->126116858232
126117034722: system.l3cache.prefetcher: XPT_UPDATE: page=0x96000 idx=255 enabled=0 missCnt=17 lastAccess=126116858232->126117034722
126117211212: system.l3cache.prefetcher: XPT_UPDATE: page=0x96000 idx=255 enabled=0 missCnt=18 lastAccess=126117034722->126117211212
126117387702: system.l3cache.prefetcher: XPT_UPDATE: page=0x96000 idx=255 enabled=0 missCnt=19 lastAccess=126117211212->126117387702
126117564192: system.l3cache.prefetcher: XPT_UPDATE: page=0x96000 idx=255 enabled=0 missCnt=20 lastAccess=126117387702->126117564192
126117740682: system.l3cache.prefetcher: XPT_UPDATE: page=0x96000 idx=255 enabled=0 missCnt=21 lastAccess=126117564192->126117740682
126117917172: system.l3cache.prefetcher: XPT_UPDATE: page=0x96000 idx=255 enabled=0 missCnt=22 lastAccess=126117740682->126117917172
126118093662: system.l3cache.prefetcher: XPT_UPDATE: page=0x96000 idx=255 enabled=0 missCnt=23 lastAccess=126117917172->126118093662
126118270152: system.l3cache.prefetcher: XPT_UPDATE: page=0x96000 idx=255 enabled=0 missCnt=24 lastAccess=126118093662->126118270152
126118797624: system.l3cache.prefetcher: XPT_UPDATE: page=0x96000 idx=255 enabled=0 missCnt=25 lastAccess=126118270152->126118797624
126118974114: system.l3cache.prefetcher: XPT_UPDATE: page=0x96000 idx=255 enabled=0 missCnt=26 lastAccess=126118797624->126118974114
126119150604: system.l3cache.prefetcher: XPT_UPDATE: page=0x96000 idx=255 enabled=0 missCnt=27 lastAccess=126118974114->126119150604
126119327094: system.l3cache.prefetcher: XPT_UPDATE: page=0x96000 idx=255 enabled=0 missCnt=28 lastAccess=126119150604->126119327094
126119503584: system.l3cache.prefetcher: XPT_UPDATE: page=0x96000 idx=255 enabled=0 missCnt=29 lastAccess=126119327094->126119503584
126119680074: system.l3cache.prefetcher: XPT_UPDATE: page=0x96000 idx=255 enabled=0 missCnt=30 lastAccess=126119503584->126119680074
126119856564: system.l3cache.prefetcher: XPT_UPDATE: page=0x96000 idx=255 enabled=0 missCnt=31 lastAccess=126119680074->126119856564
126120033054: system.l3cache.prefetcher: XPT_UPDATE: page=0x96000 idx=255 enabled=1 missCnt=32 lastAccess=126119856564->126120033054
126120182904: system.l3cache.prefetcher: XPT_UPDATE: page=0x96000 idx=255 enabled=1 missCnt=32 lastAccess=126120033054->126120182904
126120332754: system.l3cache.prefetcher: XPT_UPDATE: page=0x96000 idx=255 enabled=1 missCnt=32 lastAccess=126120182904->126120332754
127835420283: system.l3cache.prefetcher: XPT_UPDATE: page=0x96000 idx=97 enabled=1 missCnt=32 lastAccess=126120332754->127835420283
127894408902: system.l3cache.prefetcher:   [EVICT] idx=33 page=0x96000 enabled=1 missCnt=32 lastAccess=127835420283
128040619545: system.l3cache.prefetcher: === XPTGuard === page=0x96000 asid=0 core=6 c=256/n=256 P=1.000 r=0.713 trig=YES vGLO=1
128040619545: system.l3cache.prefetcher: XPTGuard: page=0x96000 c=256 n=256 P=1.000 r=0.713 trig=1
128040619545: system.l3cache.prefetcher:   [INSERT] page=0x96000 -> table size: 256/256
128040821010: system.l3cache.prefetcher: XPT_UPDATE: page=0x96000 idx=255 enabled=0 missCnt=0 lastAccess=128040619545->128040821010
128040997500: system.l3cache.prefetcher: XPT_UPDATE: page=0x96000 idx=255 enabled=0 missCnt=1 lastAccess=128040821010->128040997500
128041173990: system.l3cache.prefetcher: XPT_UPDATE: page=0x96000 idx=255 enabled=0 missCnt=2 lastAccess=128040997500->128041173990
128041350480: system.l3cache.prefetcher: XPT_UPDATE: page=0x96000 idx=255 enabled=0 missCnt=3 lastAccess=128041173990->128041350480
128041526970: system.l3cache.prefetcher: XPT_UPDATE: page=0x96000 idx=255 enabled=0 missCnt=4 lastAccess=128041350480->128041526970
128041703460: system.l3cache.prefetcher: XPT_UPDATE: page=0x96000 idx=255 enabled=0 missCnt=5 lastAccess=128041526970->128041703460
128041879950: system.l3cache.prefetcher: XPT_UPDATE: page=0x96000 idx=255 enabled=0 missCnt=6 lastAccess=128041703460->128041879950
128042056440: system.l3cache.prefetcher: XPT_UPDATE: page=0x96000 idx=255 enabled=0 missCnt=7 lastAccess=128041879950->128042056440
128042232930: system.l3cache.prefetcher: XPT_UPDATE: page=0x96000 idx=255 enabled=0 missCnt=8 lastAccess=128042056440->128042232930
128042409420: system.l3cache.prefetcher: XPT_UPDATE: page=0x96000 idx=255 enabled=0 missCnt=9 lastAccess=128042232930->128042409420
128042585910: system.l3cache.prefetcher: XPT_UPDATE: page=0x96000 idx=255 enabled=0 missCnt=10 lastAccess=128042409420->128042585910
128042762400: system.l3cache.prefetcher: XPT_UPDATE: page=0x96000 idx=255 enabled=0 missCnt=11 lastAccess=128042585910->128042762400
128042938890: system.l3cache.prefetcher: XPT_UPDATE: page=0x96000 idx=255 enabled=0 missCnt=12 lastAccess=128042762400->128042938890
128043115380: system.l3cache.prefetcher: XPT_UPDATE: page=0x96000 idx=255 enabled=0 missCnt=13 lastAccess=128042938890->128043115380
128043291870: system.l3cache.prefetcher: XPT_UPDATE: page=0x96000 idx=255 enabled=0 missCnt=14 lastAccess=128043115380->128043291870
128043468360: system.l3cache.prefetcher: XPT_UPDATE: page=0x96000 idx=255 enabled=0 missCnt=15 lastAccess=128043291870->128043468360
128043669825: system.l3cache.prefetcher: XPT_UPDATE: page=0x96000 idx=255 enabled=0 missCnt=16 lastAccess=128043468360->128043669825
128043846315: system.l3cache.prefetcher: XPT_UPDATE: page=0x96000 idx=255 enabled=0 missCnt=17 lastAccess=128043669825->128043846315
128044022805: system.l3cache.prefetcher: XPT_UPDATE: page=0x96000 idx=255 enabled=0 missCnt=18 lastAccess=128043846315->128044022805
128044199295: system.l3cache.prefetcher: XPT_UPDATE: page=0x96000 idx=255 enabled=0 missCnt=19 lastAccess=128044022805->128044199295
128044375785: system.l3cache.prefetcher: XPT_UPDATE: page=0x96000 idx=255 enabled=0 missCnt=20 lastAccess=128044199295->128044375785
128044552275: system.l3cache.prefetcher: XPT_UPDATE: page=0x96000 idx=255 enabled=0 missCnt=21 lastAccess=128044375785->128044552275
128044728765: system.l3cache.prefetcher: XPT_UPDATE: page=0x96000 idx=255 enabled=0 missCnt=22 lastAccess=128044552275->128044728765
128044905255: system.l3cache.prefetcher: XPT_UPDATE: page=0x96000 idx=255 enabled=0 missCnt=23 lastAccess=128044728765->128044905255
128045081745: system.l3cache.prefetcher: XPT_UPDATE: page=0x96000 idx=255 enabled=0 missCnt=24 lastAccess=128044905255->128045081745
128045258235: system.l3cache.prefetcher: XPT_UPDATE: page=0x96000 idx=255 enabled=0 missCnt=25 lastAccess=128045081745->128045258235
128045434725: system.l3cache.prefetcher: XPT_UPDATE: page=0x96000 idx=255 enabled=0 missCnt=26 lastAccess=128045258235->128045434725
128045611215: system.l3cache.prefetcher: XPT_UPDATE: page=0x96000 idx=255 enabled=0 missCnt=27 lastAccess=128045434725->128045611215
128045787705: system.l3cache.prefetcher: XPT_UPDATE: page=0x96000 idx=255 enabled=0 missCnt=28 lastAccess=128045611215->128045787705
128045964195: system.l3cache.prefetcher: XPT_UPDATE: page=0x96000 idx=255 enabled=0 missCnt=29 lastAccess=128045787705->128045964195
128046140685: system.l3cache.prefetcher: XPT_UPDATE: page=0x96000 idx=255 enabled=0 missCnt=30 lastAccess=128045964195->128046140685
128046317175: system.l3cache.prefetcher: XPT_UPDATE: page=0x96000 idx=255 enabled=0 missCnt=31 lastAccess=128046140685->128046317175
128046518640: system.l3cache.prefetcher: XPT_UPDATE: page=0x96000 idx=255 enabled=1 missCnt=32 lastAccess=128046317175->128046518640
128046997827: system.l3cache.prefetcher: XPT_UPDATE: page=0x96000 idx=255 enabled=1 missCnt=32 lastAccess=128046518640->128046997827
128047147677: system.l3cache.prefetcher: XPT_UPDATE: page=0x96000 idx=255 enabled=1 missCnt=32 lastAccess=128046997827->128047147677
129760501275: system.l3cache.prefetcher: XPT_UPDATE: page=0x96000 idx=86 enabled=1 missCnt=32 lastAccess=128047147677->129760501275
129857182497: system.l3cache.prefetcher:   [EVICT] idx=11 page=0x96000 enabled=1 missCnt=32 lastAccess=129760501275
129965495409: system.l3cache.prefetcher: === XPTGuard === page=0x96000 asid=0 core=6 c=256/n=256 P=1.000 r=0.552 trig=YES vGLO=1
129965495409: system.l3cache.prefetcher: XPTGuard: page=0x96000 c=256 n=256 P=1.000 r=0.552 trig=1
129965495409: system.l3cache.prefetcher:   [INSERT] page=0x96000 -> table size: 256/256
129965721849: system.l3cache.prefetcher: XPT_UPDATE: page=0x96000 idx=255 enabled=0 missCnt=0 lastAccess=129965495409->129965721849
129965898339: system.l3cache.prefetcher: XPT_UPDATE: page=0x96000 idx=255 enabled=0 missCnt=1 lastAccess=129965721849->129965898339
129966074829: system.l3cache.prefetcher: XPT_UPDATE: page=0x96000 idx=255 enabled=0 missCnt=2 lastAccess=129965898339->129966074829
129966251319: system.l3cache.prefetcher: XPT_UPDATE: page=0x96000 idx=255 enabled=0 missCnt=3 lastAccess=129966074829->129966251319
129966427809: system.l3cache.prefetcher: XPT_UPDATE: page=0x96000 idx=255 enabled=0 missCnt=4 lastAccess=129966251319->129966427809
129966604299: system.l3cache.prefetcher: XPT_UPDATE: page=0x96000 idx=255 enabled=0 missCnt=5 lastAccess=129966427809->129966604299
129966780789: system.l3cache.prefetcher: XPT_UPDATE: page=0x96000 idx=255 enabled=0 missCnt=6 lastAccess=129966604299->129966780789
129966957279: system.l3cache.prefetcher: XPT_UPDATE: page=0x96000 idx=255 enabled=0 missCnt=7 lastAccess=129966780789->129966957279
129967422813: system.l3cache.prefetcher: XPT_UPDATE: page=0x96000 idx=255 enabled=0 missCnt=8 lastAccess=129966957279->129967422813
129967599303: system.l3cache.prefetcher: XPT_UPDATE: page=0x96000 idx=255 enabled=0 missCnt=9 lastAccess=129967422813->129967599303
129967775793: system.l3cache.prefetcher: XPT_UPDATE: page=0x96000 idx=255 enabled=0 missCnt=10 lastAccess=129967599303->129967775793
129967952283: system.l3cache.prefetcher: XPT_UPDATE: page=0x96000 idx=255 enabled=0 missCnt=11 lastAccess=129967775793->129967952283
129968128773: system.l3cache.prefetcher: XPT_UPDATE: page=0x96000 idx=255 enabled=0 missCnt=12 lastAccess=129967952283->129968128773
129968305263: system.l3cache.prefetcher: XPT_UPDATE: page=0x96000 idx=255 enabled=0 missCnt=13 lastAccess=129968128773->129968305263
129968481753: system.l3cache.prefetcher: XPT_UPDATE: page=0x96000 idx=255 enabled=0 missCnt=14 lastAccess=129968305263->129968481753
129968658243: system.l3cache.prefetcher: XPT_UPDATE: page=0x96000 idx=255 enabled=0 missCnt=15 lastAccess=129968481753->129968658243
129968834733: system.l3cache.prefetcher: XPT_UPDATE: page=0x96000 idx=255 enabled=0 missCnt=16 lastAccess=129968658243->129968834733
129969011223: system.l3cache.prefetcher: XPT_UPDATE: page=0x96000 idx=255 enabled=0 missCnt=17 lastAccess=129968834733->129969011223
129969187713: system.l3cache.prefetcher: XPT_UPDATE: page=0x96000 idx=255 enabled=0 missCnt=18 lastAccess=129969011223->129969187713
129969364203: system.l3cache.prefetcher: XPT_UPDATE: page=0x96000 idx=255 enabled=0 missCnt=19 lastAccess=129969187713->129969364203
129969540693: system.l3cache.prefetcher: XPT_UPDATE: page=0x96000 idx=255 enabled=0 missCnt=20 lastAccess=129969364203->129969540693
129969717183: system.l3cache.prefetcher: XPT_UPDATE: page=0x96000 idx=255 enabled=0 missCnt=21 lastAccess=129969540693->129969717183
129969893673: system.l3cache.prefetcher: XPT_UPDATE: page=0x96000 idx=255 enabled=0 missCnt=22 lastAccess=129969717183->129969893673
129970070163: system.l3cache.prefetcher: XPT_UPDATE: page=0x96000 idx=255 enabled=0 missCnt=23 lastAccess=129969893673->129970070163
129970271628: system.l3cache.prefetcher: XPT_UPDATE: page=0x96000 idx=255 enabled=0 missCnt=24 lastAccess=129970070163->129970271628
129970448118: system.l3cache.prefetcher: XPT_UPDATE: page=0x96000 idx=255 enabled=0 missCnt=25 lastAccess=129970271628->129970448118
129970624608: system.l3cache.prefetcher: XPT_UPDATE: page=0x96000 idx=255 enabled=0 missCnt=26 lastAccess=129970448118->129970624608
129970801098: system.l3cache.prefetcher: XPT_UPDATE: page=0x96000 idx=255 enabled=0 missCnt=27 lastAccess=129970624608->129970801098
129970977588: system.l3cache.prefetcher: XPT_UPDATE: page=0x96000 idx=255 enabled=0 missCnt=28 lastAccess=129970801098->129970977588
129971154078: system.l3cache.prefetcher: XPT_UPDATE: page=0x96000 idx=255 enabled=0 missCnt=29 lastAccess=129970977588->129971154078
129971330568: system.l3cache.prefetcher: XPT_UPDATE: page=0x96000 idx=255 enabled=0 missCnt=30 lastAccess=129971154078->129971330568
129971507058: system.l3cache.prefetcher: XPT_UPDATE: page=0x96000 idx=255 enabled=0 missCnt=31 lastAccess=129971330568->129971507058
129971683548: system.l3cache.prefetcher: XPT_UPDATE: page=0x96000 idx=255 enabled=1 missCnt=32 lastAccess=129971507058->129971683548
129971833398: system.l3cache.prefetcher: XPT_UPDATE: page=0x96000 idx=255 enabled=1 missCnt=32 lastAccess=129971683548->129971833398
129971983248: system.l3cache.prefetcher: XPT_UPDATE: page=0x96000 idx=255 enabled=1 missCnt=32 lastAccess=129971833398->129971983248
131120491590: system.l3cache.prefetcher:   [EVICT] idx=134 page=0x96000 enabled=1 missCnt=32 lastAccess=129971983248
131686717464: system.l3cache.prefetcher: === XPTGuard === page=0x96000 asid=0 core=6 c=256/n=256 P=1.000 r=0.793 trig=YES vGLO=1
131686717464: system.l3cache.prefetcher: XPTGuard: page=0x96000 c=256 n=256 P=1.000 r=0.793 trig=1
131686717464: system.l3cache.prefetcher:   [INSERT] page=0x96000 -> table size: 256/256
131761465974: system.l3cache.prefetcher:   [EVICT] idx=69 page=0x96000 enabled=0 missCnt=0 lastAccess=131686717464
131892718257: system.l3cache.prefetcher: === XPTGuard === page=0x96000 asid=0 core=6 c=256/n=256 P=1.000 r=0.946 trig=YES vGLO=1
131892718257: system.l3cache.prefetcher: XPTGuard: page=0x96000 c=256 n=256 P=1.000 r=0.946 trig=1
131892718257: system.l3cache.prefetcher:   [INSERT] page=0x96000 -> table size: 256/256
131892944697: system.l3cache.prefetcher: XPT_UPDATE: page=0x96000 idx=255 enabled=0 missCnt=0 lastAccess=131892718257->131892944697
131893121187: system.l3cache.prefetcher: XPT_UPDATE: page=0x96000 idx=255 enabled=0 missCnt=1 lastAccess=131892944697->131893121187
131893297677: system.l3cache.prefetcher: XPT_UPDATE: page=0x96000 idx=255 enabled=0 missCnt=2 lastAccess=131893121187->131893297677
131893474167: system.l3cache.prefetcher: XPT_UPDATE: page=0x96000 idx=255 enabled=0 missCnt=3 lastAccess=131893297677->131893474167
131893650657: system.l3cache.prefetcher: XPT_UPDATE: page=0x96000 idx=255 enabled=0 missCnt=4 lastAccess=131893474167->131893650657
131893827147: system.l3cache.prefetcher: XPT_UPDATE: page=0x96000 idx=255 enabled=0 missCnt=5 lastAccess=131893650657->131893827147
131894003637: system.l3cache.prefetcher: XPT_UPDATE: page=0x96000 idx=255 enabled=0 missCnt=6 lastAccess=131893827147->131894003637
131894180127: system.l3cache.prefetcher: XPT_UPDATE: page=0x96000 idx=255 enabled=0 missCnt=7 lastAccess=131894003637->131894180127
131894356617: system.l3cache.prefetcher: XPT_UPDATE: page=0x96000 idx=255 enabled=0 missCnt=8 lastAccess=131894180127->131894356617
131894533107: system.l3cache.prefetcher: XPT_UPDATE: page=0x96000 idx=255 enabled=0 missCnt=9 lastAccess=131894356617->131894533107
131894709597: system.l3cache.prefetcher: XPT_UPDATE: page=0x96000 idx=255 enabled=0 missCnt=10 lastAccess=131894533107->131894709597
131894886087: system.l3cache.prefetcher: XPT_UPDATE: page=0x96000 idx=255 enabled=0 missCnt=11 lastAccess=131894709597->131894886087
131895062577: system.l3cache.prefetcher: XPT_UPDATE: page=0x96000 idx=255 enabled=0 missCnt=12 lastAccess=131894886087->131895062577
131895622683: system.l3cache.prefetcher: XPT_UPDATE: page=0x96000 idx=255 enabled=0 missCnt=13 lastAccess=131895062577->131895622683
131895799173: system.l3cache.prefetcher: XPT_UPDATE: page=0x96000 idx=255 enabled=0 missCnt=14 lastAccess=131895622683->131895799173
131895975663: system.l3cache.prefetcher: XPT_UPDATE: page=0x96000 idx=255 enabled=0 missCnt=15 lastAccess=131895799173->131895975663
131896152153: system.l3cache.prefetcher: XPT_UPDATE: page=0x96000 idx=255 enabled=0 missCnt=16 lastAccess=131895975663->131896152153
131896328643: system.l3cache.prefetcher: XPT_UPDATE: page=0x96000 idx=255 enabled=0 missCnt=17 lastAccess=131896152153->131896328643
131896505133: system.l3cache.prefetcher: XPT_UPDATE: page=0x96000 idx=255 enabled=0 missCnt=18 lastAccess=131896328643->131896505133
131896681623: system.l3cache.prefetcher: XPT_UPDATE: page=0x96000 idx=255 enabled=0 missCnt=19 lastAccess=131896505133->131896681623
131896858113: system.l3cache.prefetcher: XPT_UPDATE: page=0x96000 idx=255 enabled=0 missCnt=20 lastAccess=131896681623->131896858113
131897034603: system.l3cache.prefetcher: XPT_UPDATE: page=0x96000 idx=255 enabled=0 missCnt=21 lastAccess=131896858113->131897034603
131897211093: system.l3cache.prefetcher: XPT_UPDATE: page=0x96000 idx=255 enabled=0 missCnt=22 lastAccess=131897034603->131897211093
131897387583: system.l3cache.prefetcher: XPT_UPDATE: page=0x96000 idx=255 enabled=0 missCnt=23 lastAccess=131897211093->131897387583
131897564073: system.l3cache.prefetcher: XPT_UPDATE: page=0x96000 idx=255 enabled=0 missCnt=24 lastAccess=131897387583->131897564073
131897740563: system.l3cache.prefetcher: XPT_UPDATE: page=0x96000 idx=255 enabled=0 missCnt=25 lastAccess=131897564073->131897740563
131897917053: system.l3cache.prefetcher: XPT_UPDATE: page=0x96000 idx=255 enabled=0 missCnt=26 lastAccess=131897740563->131897917053
131898093543: system.l3cache.prefetcher: XPT_UPDATE: page=0x96000 idx=255 enabled=0 missCnt=27 lastAccess=131897917053->131898093543
131898270033: system.l3cache.prefetcher: XPT_UPDATE: page=0x96000 idx=255 enabled=0 missCnt=28 lastAccess=131898093543->131898270033
131898471498: system.l3cache.prefetcher: XPT_UPDATE: page=0x96000 idx=255 enabled=0 missCnt=29 lastAccess=131898270033->131898471498
131898647988: system.l3cache.prefetcher: XPT_UPDATE: page=0x96000 idx=255 enabled=0 missCnt=30 lastAccess=131898471498->131898647988
131898824478: system.l3cache.prefetcher: XPT_UPDATE: page=0x96000 idx=255 enabled=0 missCnt=31 lastAccess=131898647988->131898824478
131899000968: system.l3cache.prefetcher: XPT_UPDATE: page=0x96000 idx=255 enabled=1 missCnt=32 lastAccess=131898824478->131899000968
131899150818: system.l3cache.prefetcher: XPT_UPDATE: page=0x96000 idx=255 enabled=1 missCnt=32 lastAccess=131899000968->131899150818
131899300668: system.l3cache.prefetcher: XPT_UPDATE: page=0x96000 idx=255 enabled=1 missCnt=32 lastAccess=131899150818->131899300668
133614917667: system.l3cache.prefetcher: XPT_UPDATE: page=0x96000 idx=92 enabled=1 missCnt=32 lastAccess=131899300668->133614917667
133626874698: system.l3cache.prefetcher:   [EVICT] idx=72 page=0x96000 enabled=1 missCnt=32 lastAccess=133614917667
133819965747: system.l3cache.prefetcher: === XPTGuard === page=0x96000 asid=0 core=6 c=256/n=256 P=1.000 r=0.919 trig=YES vGLO=1
133819965747: system.l3cache.prefetcher: XPTGuard: page=0x96000 c=256 n=256 P=1.000 r=0.919 trig=1
133819965747: system.l3cache.prefetcher:   [INSERT] page=0x96000 -> table size: 256/256
133820192187: system.l3cache.prefetcher: XPT_UPDATE: page=0x96000 idx=255 enabled=0 missCnt=0 lastAccess=133819965747->133820192187
133820368677: system.l3cache.prefetcher: XPT_UPDATE: page=0x96000 idx=255 enabled=0 missCnt=1 lastAccess=133820192187->133820368677
133820545167: system.l3cache.prefetcher: XPT_UPDATE: page=0x96000 idx=255 enabled=0 missCnt=2 lastAccess=133820368677->133820545167
133820721657: system.l3cache.prefetcher: XPT_UPDATE: page=0x96000 idx=255 enabled=0 missCnt=3 lastAccess=133820545167->133820721657
133820898147: system.l3cache.prefetcher: XPT_UPDATE: page=0x96000 idx=255 enabled=0 missCnt=4 lastAccess=133820721657->133820898147
133821074637: system.l3cache.prefetcher: XPT_UPDATE: page=0x96000 idx=255 enabled=0 missCnt=5 lastAccess=133820898147->133821074637
133821251127: system.l3cache.prefetcher: XPT_UPDATE: page=0x96000 idx=255 enabled=0 missCnt=6 lastAccess=133821074637->133821251127
133821427617: system.l3cache.prefetcher: XPT_UPDATE: page=0x96000 idx=255 enabled=0 missCnt=7 lastAccess=133821251127->133821427617
133821604107: system.l3cache.prefetcher: XPT_UPDATE: page=0x96000 idx=255 enabled=0 missCnt=8 lastAccess=133821427617->133821604107
133821780597: system.l3cache.prefetcher: XPT_UPDATE: page=0x96000 idx=255 enabled=0 missCnt=9 lastAccess=133821604107->133821780597
133821957087: system.l3cache.prefetcher: XPT_UPDATE: page=0x96000 idx=255 enabled=0 missCnt=10 lastAccess=133821780597->133821957087
133822133577: system.l3cache.prefetcher: XPT_UPDATE: page=0x96000 idx=255 enabled=0 missCnt=11 lastAccess=133821957087->133822133577
133822310067: system.l3cache.prefetcher: XPT_UPDATE: page=0x96000 idx=255 enabled=0 missCnt=12 lastAccess=133822133577->133822310067
133822486557: system.l3cache.prefetcher: XPT_UPDATE: page=0x96000 idx=255 enabled=0 missCnt=13 lastAccess=133822310067->133822486557
133822663047: system.l3cache.prefetcher: XPT_UPDATE: page=0x96000 idx=255 enabled=0 missCnt=14 lastAccess=133822486557->133822663047
133822839537: system.l3cache.prefetcher: XPT_UPDATE: page=0x96000 idx=255 enabled=0 missCnt=15 lastAccess=133822663047->133822839537
133823041002: system.l3cache.prefetcher: XPT_UPDATE: page=0x96000 idx=255 enabled=0 missCnt=16 lastAccess=133822839537->133823041002
133823217492: system.l3cache.prefetcher: XPT_UPDATE: page=0x96000 idx=255 enabled=0 missCnt=17 lastAccess=133823041002->133823217492
133823393982: system.l3cache.prefetcher: XPT_UPDATE: page=0x96000 idx=255 enabled=0 missCnt=18 lastAccess=133823217492->133823393982
133823822886: system.l3cache.prefetcher: XPT_UPDATE: page=0x96000 idx=255 enabled=0 missCnt=19 lastAccess=133823393982->133823822886
133823999376: system.l3cache.prefetcher: XPT_UPDATE: page=0x96000 idx=255 enabled=0 missCnt=20 lastAccess=133823822886->133823999376
133824175866: system.l3cache.prefetcher: XPT_UPDATE: page=0x96000 idx=255 enabled=0 missCnt=21 lastAccess=133823999376->133824175866
133824352356: system.l3cache.prefetcher: XPT_UPDATE: page=0x96000 idx=255 enabled=0 missCnt=22 lastAccess=133824175866->133824352356
133824528846: system.l3cache.prefetcher: XPT_UPDATE: page=0x96000 idx=255 enabled=0 missCnt=23 lastAccess=133824352356->133824528846
133824705336: system.l3cache.prefetcher: XPT_UPDATE: page=0x96000 idx=255 enabled=0 missCnt=24 lastAccess=133824528846->133824705336
133824881826: system.l3cache.prefetcher: XPT_UPDATE: page=0x96000 idx=255 enabled=0 missCnt=25 lastAccess=133824705336->133824881826
133825058316: system.l3cache.prefetcher: XPT_UPDATE: page=0x96000 idx=255 enabled=0 missCnt=26 lastAccess=133824881826->133825058316
133825234806: system.l3cache.prefetcher: XPT_UPDATE: page=0x96000 idx=255 enabled=0 missCnt=27 lastAccess=133825058316->133825234806
133825411296: system.l3cache.prefetcher: XPT_UPDATE: page=0x96000 idx=255 enabled=0 missCnt=28 lastAccess=133825234806->133825411296
133825587786: system.l3cache.prefetcher: XPT_UPDATE: page=0x96000 idx=255 enabled=0 missCnt=29 lastAccess=133825411296->133825587786
133825764276: system.l3cache.prefetcher: XPT_UPDATE: page=0x96000 idx=255 enabled=0 missCnt=30 lastAccess=133825587786->133825764276
133825940766: system.l3cache.prefetcher: XPT_UPDATE: page=0x96000 idx=255 enabled=0 missCnt=31 lastAccess=133825764276->133825940766
133826117256: system.l3cache.prefetcher: XPT_UPDATE: page=0x96000 idx=255 enabled=1 missCnt=32 lastAccess=133825940766->133826117256
133826267106: system.l3cache.prefetcher: XPT_UPDATE: page=0x96000 idx=255 enabled=1 missCnt=32 lastAccess=133826117256->133826267106
133826416956: system.l3cache.prefetcher: XPT_UPDATE: page=0x96000 idx=255 enabled=1 missCnt=32 lastAccess=133826267106->133826416956
134719081398: system.l3cache.prefetcher:   [EVICT] idx=149 page=0x96000 enabled=1 missCnt=32 lastAccess=133826416956
135539292699: system.l3cache.prefetcher: === XPTGuard === page=0x96000 asid=0 core=6 c=256/n=256 P=1.000 r=0.241 trig=YES vGLO=1
135539292699: system.l3cache.prefetcher: XPTGuard: page=0x96000 c=256 n=256 P=1.000 r=0.241 trig=1
135539292699: system.l3cache.prefetcher:   [INSERT] page=0x96000 -> table size: 256/256
135645311907: system.l3cache.prefetcher:   [EVICT] idx=34 page=0x96000 enabled=0 missCnt=0 lastAccess=135539292699
135744486966: system.l3cache.prefetcher: === XPTGuard === page=0x96000 asid=0 core=6 c=256/n=256 P=1.000 r=0.169 trig=YES vGLO=1
135744486966: system.l3cache.prefetcher: XPTGuard: page=0x96000 c=256 n=256 P=1.000 r=0.169 trig=1
135744486966: system.l3cache.prefetcher:   [INSERT] page=0x96000 -> table size: 256/256
135744688431: system.l3cache.prefetcher: XPT_UPDATE: page=0x96000 idx=255 enabled=0 missCnt=0 lastAccess=135744486966->135744688431
135744864921: system.l3cache.prefetcher: XPT_UPDATE: page=0x96000 idx=255 enabled=0 missCnt=1 lastAccess=135744688431->135744864921
135745041411: system.l3cache.prefetcher: XPT_UPDATE: page=0x96000 idx=255 enabled=0 missCnt=2 lastAccess=135744864921->135745041411
135745217901: system.l3cache.prefetcher: XPT_UPDATE: page=0x96000 idx=255 enabled=0 missCnt=3 lastAccess=135745041411->135745217901
135745394391: system.l3cache.prefetcher: XPT_UPDATE: page=0x96000 idx=255 enabled=0 missCnt=4 lastAccess=135745217901->135745394391
135745570881: system.l3cache.prefetcher: XPT_UPDATE: page=0x96000 idx=255 enabled=0 missCnt=5 lastAccess=135745394391->135745570881
135745747371: system.l3cache.prefetcher: XPT_UPDATE: page=0x96000 idx=255 enabled=0 missCnt=6 lastAccess=135745570881->135745747371
135745923861: system.l3cache.prefetcher: XPT_UPDATE: page=0x96000 idx=255 enabled=0 missCnt=7 lastAccess=135745747371->135745923861
135746100351: system.l3cache.prefetcher: XPT_UPDATE: page=0x96000 idx=255 enabled=0 missCnt=8 lastAccess=135745923861->135746100351
135746276841: system.l3cache.prefetcher: XPT_UPDATE: page=0x96000 idx=255 enabled=0 missCnt=9 lastAccess=135746100351->135746276841
135746453331: system.l3cache.prefetcher: XPT_UPDATE: page=0x96000 idx=255 enabled=0 missCnt=10 lastAccess=135746276841->135746453331
135746629821: system.l3cache.prefetcher: XPT_UPDATE: page=0x96000 idx=255 enabled=0 missCnt=11 lastAccess=135746453331->135746629821
135746806311: system.l3cache.prefetcher: XPT_UPDATE: page=0x96000 idx=255 enabled=0 missCnt=12 lastAccess=135746629821->135746806311
135746982801: system.l3cache.prefetcher: XPT_UPDATE: page=0x96000 idx=255 enabled=0 missCnt=13 lastAccess=135746806311->135746982801
135747159291: system.l3cache.prefetcher: XPT_UPDATE: page=0x96000 idx=255 enabled=0 missCnt=14 lastAccess=135746982801->135747159291
135747335781: system.l3cache.prefetcher: XPT_UPDATE: page=0x96000 idx=255 enabled=0 missCnt=15 lastAccess=135747159291->135747335781
135747537246: system.l3cache.prefetcher: XPT_UPDATE: page=0x96000 idx=255 enabled=0 missCnt=16 lastAccess=135747335781->135747537246
135747713736: system.l3cache.prefetcher: XPT_UPDATE: page=0x96000 idx=255 enabled=0 missCnt=17 lastAccess=135747537246->135747713736
135747890226: system.l3cache.prefetcher: XPT_UPDATE: page=0x96000 idx=255 enabled=0 missCnt=18 lastAccess=135747713736->135747890226
135748066716: system.l3cache.prefetcher: XPT_UPDATE: page=0x96000 idx=255 enabled=0 missCnt=19 lastAccess=135747890226->135748066716
135748243206: system.l3cache.prefetcher: XPT_UPDATE: page=0x96000 idx=255 enabled=0 missCnt=20 lastAccess=135748066716->135748243206
135748419696: system.l3cache.prefetcher: XPT_UPDATE: page=0x96000 idx=255 enabled=0 missCnt=21 lastAccess=135748243206->135748419696
135748596186: system.l3cache.prefetcher: XPT_UPDATE: page=0x96000 idx=255 enabled=0 missCnt=22 lastAccess=135748419696->135748596186
135748772676: system.l3cache.prefetcher: XPT_UPDATE: page=0x96000 idx=255 enabled=0 missCnt=23 lastAccess=135748596186->135748772676
135748949166: system.l3cache.prefetcher: XPT_UPDATE: page=0x96000 idx=255 enabled=0 missCnt=24 lastAccess=135748772676->135748949166
135749125656: system.l3cache.prefetcher: XPT_UPDATE: page=0x96000 idx=255 enabled=0 missCnt=25 lastAccess=135748949166->135749125656
135749302146: system.l3cache.prefetcher: XPT_UPDATE: page=0x96000 idx=255 enabled=0 missCnt=26 lastAccess=135749125656->135749302146
135749478636: system.l3cache.prefetcher: XPT_UPDATE: page=0x96000 idx=255 enabled=0 missCnt=27 lastAccess=135749302146->135749478636
135749655126: system.l3cache.prefetcher: XPT_UPDATE: page=0x96000 idx=255 enabled=0 missCnt=28 lastAccess=135749478636->135749655126
135749831616: system.l3cache.prefetcher: XPT_UPDATE: page=0x96000 idx=255 enabled=0 missCnt=29 lastAccess=135749655126->135749831616
135750008106: system.l3cache.prefetcher: XPT_UPDATE: page=0x96000 idx=255 enabled=0 missCnt=30 lastAccess=135749831616->135750008106
135750184596: system.l3cache.prefetcher: XPT_UPDATE: page=0x96000 idx=255 enabled=0 missCnt=31 lastAccess=135750008106->135750184596
135750386061: system.l3cache.prefetcher: XPT_UPDATE: page=0x96000 idx=255 enabled=1 missCnt=32 lastAccess=135750184596->135750386061
135750535911: system.l3cache.prefetcher: XPT_UPDATE: page=0x96000 idx=255 enabled=1 missCnt=32 lastAccess=135750386061->135750535911
135750685761: system.l3cache.prefetcher: XPT_UPDATE: page=0x96000 idx=255 enabled=1 missCnt=32 lastAccess=135750535911->135750685761
136065391740: system.l3cache.prefetcher:   [EVICT] idx=212 page=0x96000 enabled=1 missCnt=32 lastAccess=135750685761
137462544522: system.l3cache.prefetcher: === XPTGuard === page=0x96000 asid=0 core=6 c=256/n=256 P=1.000 r=0.982 trig=YES vGLO=1
137462544522: system.l3cache.prefetcher: XPTGuard: page=0x96000 c=256 n=256 P=1.000 r=0.982 trig=1
137462544522: system.l3cache.prefetcher:   [INSERT] page=0x96000 -> table size: 256/256
137463586146: system.l3cache.prefetcher:   [EVICT] idx=254 page=0x96000 enabled=0 missCnt=0 lastAccess=137462544522
137667613581: system.l3cache.prefetcher: === XPTGuard === page=0x96000 asid=0 core=6 c=256/n=256 P=1.000 r=0.443 trig=YES vGLO=1
137667613581: system.l3cache.prefetcher: XPTGuard: page=0x96000 c=256 n=256 P=1.000 r=0.443 trig=1
137667613581: system.l3cache.prefetcher:   [INSERT] page=0x96000 -> table size: 256/256
137667840021: system.l3cache.prefetcher: XPT_UPDATE: page=0x96000 idx=255 enabled=0 missCnt=0 lastAccess=137667613581->137667840021
137668016511: system.l3cache.prefetcher: XPT_UPDATE: page=0x96000 idx=255 enabled=0 missCnt=1 lastAccess=137667840021->137668016511
137668193001: system.l3cache.prefetcher: XPT_UPDATE: page=0x96000 idx=255 enabled=0 missCnt=2 lastAccess=137668016511->137668193001
137668369491: system.l3cache.prefetcher: XPT_UPDATE: page=0x96000 idx=255 enabled=0 missCnt=3 lastAccess=137668193001->137668369491
137668545981: system.l3cache.prefetcher: XPT_UPDATE: page=0x96000 idx=255 enabled=0 missCnt=4 lastAccess=137668369491->137668545981
137668722471: system.l3cache.prefetcher: XPT_UPDATE: page=0x96000 idx=255 enabled=0 missCnt=5 lastAccess=137668545981->137668722471
137668898961: system.l3cache.prefetcher: XPT_UPDATE: page=0x96000 idx=255 enabled=0 missCnt=6 lastAccess=137668722471->137668898961
137669075451: system.l3cache.prefetcher: XPT_UPDATE: page=0x96000 idx=255 enabled=0 missCnt=7 lastAccess=137668898961->137669075451
137669251941: system.l3cache.prefetcher: XPT_UPDATE: page=0x96000 idx=255 enabled=0 missCnt=8 lastAccess=137669075451->137669251941
137669428431: system.l3cache.prefetcher: XPT_UPDATE: page=0x96000 idx=255 enabled=0 missCnt=9 lastAccess=137669251941->137669428431
137669604921: system.l3cache.prefetcher: XPT_UPDATE: page=0x96000 idx=255 enabled=0 missCnt=10 lastAccess=137669428431->137669604921
137669781411: system.l3cache.prefetcher: XPT_UPDATE: page=0x96000 idx=255 enabled=0 missCnt=11 lastAccess=137669604921->137669781411
137669957901: system.l3cache.prefetcher: XPT_UPDATE: page=0x96000 idx=255 enabled=0 missCnt=12 lastAccess=137669781411->137669957901
137670134391: system.l3cache.prefetcher: XPT_UPDATE: page=0x96000 idx=255 enabled=0 missCnt=13 lastAccess=137669957901->137670134391
137670310881: system.l3cache.prefetcher: XPT_UPDATE: page=0x96000 idx=255 enabled=0 missCnt=14 lastAccess=137670134391->137670310881
137670487371: system.l3cache.prefetcher: XPT_UPDATE: page=0x96000 idx=255 enabled=0 missCnt=15 lastAccess=137670310881->137670487371
137670688836: system.l3cache.prefetcher: XPT_UPDATE: page=0x96000 idx=255 enabled=0 missCnt=16 lastAccess=137670487371->137670688836
137670865326: system.l3cache.prefetcher: XPT_UPDATE: page=0x96000 idx=255 enabled=0 missCnt=17 lastAccess=137670688836->137670865326
137671041816: system.l3cache.prefetcher: XPT_UPDATE: page=0x96000 idx=255 enabled=0 missCnt=18 lastAccess=137670865326->137671041816
137671218306: system.l3cache.prefetcher: XPT_UPDATE: page=0x96000 idx=255 enabled=0 missCnt=19 lastAccess=137671041816->137671218306
137671394796: system.l3cache.prefetcher: XPT_UPDATE: page=0x96000 idx=255 enabled=0 missCnt=20 lastAccess=137671218306->137671394796
137671571286: system.l3cache.prefetcher: XPT_UPDATE: page=0x96000 idx=255 enabled=0 missCnt=21 lastAccess=137671394796->137671571286
137671747776: system.l3cache.prefetcher: XPT_UPDATE: page=0x96000 idx=255 enabled=0 missCnt=22 lastAccess=137671571286->137671747776
137671924266: system.l3cache.prefetcher: XPT_UPDATE: page=0x96000 idx=255 enabled=0 missCnt=23 lastAccess=137671747776->137671924266
137672447742: system.l3cache.prefetcher: XPT_UPDATE: page=0x96000 idx=255 enabled=0 missCnt=24 lastAccess=137671924266->137672447742
137672624232: system.l3cache.prefetcher: XPT_UPDATE: page=0x96000 idx=255 enabled=0 missCnt=25 lastAccess=137672447742->137672624232
137672800722: system.l3cache.prefetcher: XPT_UPDATE: page=0x96000 idx=255 enabled=0 missCnt=26 lastAccess=137672624232->137672800722
137672977212: system.l3cache.prefetcher: XPT_UPDATE: page=0x96000 idx=255 enabled=0 missCnt=27 lastAccess=137672800722->137672977212
137673153702: system.l3cache.prefetcher: XPT_UPDATE: page=0x96000 idx=255 enabled=0 missCnt=28 lastAccess=137672977212->137673153702
137673330192: system.l3cache.prefetcher: XPT_UPDATE: page=0x96000 idx=255 enabled=0 missCnt=29 lastAccess=137673153702->137673330192
137673506682: system.l3cache.prefetcher: XPT_UPDATE: page=0x96000 idx=255 enabled=0 missCnt=30 lastAccess=137673330192->137673506682
137673683172: system.l3cache.prefetcher: XPT_UPDATE: page=0x96000 idx=255 enabled=0 missCnt=31 lastAccess=137673506682->137673683172
137673859662: system.l3cache.prefetcher: XPT_UPDATE: page=0x96000 idx=255 enabled=1 missCnt=32 lastAccess=137673683172->137673859662
137674009512: system.l3cache.prefetcher: XPT_UPDATE: page=0x96000 idx=255 enabled=1 missCnt=32 lastAccess=137673859662->137674009512
137674159362: system.l3cache.prefetcher: XPT_UPDATE: page=0x96000 idx=255 enabled=1 missCnt=32 lastAccess=137674009512->137674159362
139389776361: system.l3cache.prefetcher: XPT_UPDATE: page=0x96000 idx=94 enabled=1 missCnt=32 lastAccess=137674159362->139389776361
139433666760: system.l3cache.prefetcher:   [EVICT] idx=45 page=0x96000 enabled=1 missCnt=32 lastAccess=139389776361
139594655610: system.l3cache.prefetcher: === XPTGuard === page=0x96000 asid=0 core=6 c=256/n=256 P=1.000 r=0.906 trig=YES vGLO=1
139594655610: system.l3cache.prefetcher: XPTGuard: page=0x96000 c=256 n=256 P=1.000 r=0.906 trig=1
139594655610: system.l3cache.prefetcher:   [INSERT] page=0x96000 -> table size: 256/256
139594857075: system.l3cache.prefetcher: XPT_UPDATE: page=0x96000 idx=255 enabled=0 missCnt=0 lastAccess=139594655610->139594857075
139595033565: system.l3cache.prefetcher: XPT_UPDATE: page=0x96000 idx=255 enabled=0 missCnt=1 lastAccess=139594857075->139595033565
139595210055: system.l3cache.prefetcher: XPT_UPDATE: page=0x96000 idx=255 enabled=0 missCnt=2 lastAccess=139595033565->139595210055
139595386545: system.l3cache.prefetcher: XPT_UPDATE: page=0x96000 idx=255 enabled=0 missCnt=3 lastAccess=139595210055->139595386545
139595563035: system.l3cache.prefetcher: XPT_UPDATE: page=0x96000 idx=255 enabled=0 missCnt=4 lastAccess=139595386545->139595563035
139595739525: system.l3cache.prefetcher: XPT_UPDATE: page=0x96000 idx=255 enabled=0 missCnt=5 lastAccess=139595563035->139595739525
139595916015: system.l3cache.prefetcher: XPT_UPDATE: page=0x96000 idx=255 enabled=0 missCnt=6 lastAccess=139595739525->139595916015
139596092505: system.l3cache.prefetcher: XPT_UPDATE: page=0x96000 idx=255 enabled=0 missCnt=7 lastAccess=139595916015->139596092505
139596268995: system.l3cache.prefetcher: XPT_UPDATE: page=0x96000 idx=255 enabled=0 missCnt=8 lastAccess=139596092505->139596268995
139596445485: system.l3cache.prefetcher: XPT_UPDATE: page=0x96000 idx=255 enabled=0 missCnt=9 lastAccess=139596268995->139596445485
139596621975: system.l3cache.prefetcher: XPT_UPDATE: page=0x96000 idx=255 enabled=0 missCnt=10 lastAccess=139596445485->139596621975
139596798465: system.l3cache.prefetcher: XPT_UPDATE: page=0x96000 idx=255 enabled=0 missCnt=11 lastAccess=139596621975->139596798465
139596974955: system.l3cache.prefetcher: XPT_UPDATE: page=0x96000 idx=255 enabled=0 missCnt=12 lastAccess=139596798465->139596974955
139597151445: system.l3cache.prefetcher: XPT_UPDATE: page=0x96000 idx=255 enabled=0 missCnt=13 lastAccess=139596974955->139597151445
139597327935: system.l3cache.prefetcher: XPT_UPDATE: page=0x96000 idx=255 enabled=0 missCnt=14 lastAccess=139597151445->139597327935
139597504425: system.l3cache.prefetcher: XPT_UPDATE: page=0x96000 idx=255 enabled=0 missCnt=15 lastAccess=139597327935->139597504425
139597705890: system.l3cache.prefetcher: XPT_UPDATE: page=0x96000 idx=255 enabled=0 missCnt=16 lastAccess=139597504425->139597705890
139597882380: system.l3cache.prefetcher: XPT_UPDATE: page=0x96000 idx=255 enabled=0 missCnt=17 lastAccess=139597705890->139597882380
139598058870: system.l3cache.prefetcher: XPT_UPDATE: page=0x96000 idx=255 enabled=0 missCnt=18 lastAccess=139597882380->139598058870
139598235360: system.l3cache.prefetcher: XPT_UPDATE: page=0x96000 idx=255 enabled=0 missCnt=19 lastAccess=139598058870->139598235360
139598411850: system.l3cache.prefetcher: XPT_UPDATE: page=0x96000 idx=255 enabled=0 missCnt=20 lastAccess=139598235360->139598411850
139598588340: system.l3cache.prefetcher: XPT_UPDATE: page=0x96000 idx=255 enabled=0 missCnt=21 lastAccess=139598411850->139598588340
139598764830: system.l3cache.prefetcher: XPT_UPDATE: page=0x96000 idx=255 enabled=0 missCnt=22 lastAccess=139598588340->139598764830
139598941320: system.l3cache.prefetcher: XPT_UPDATE: page=0x96000 idx=255 enabled=0 missCnt=23 lastAccess=139598764830->139598941320
139599117810: system.l3cache.prefetcher: XPT_UPDATE: page=0x96000 idx=255 enabled=0 missCnt=24 lastAccess=139598941320->139599117810
139599294300: system.l3cache.prefetcher: XPT_UPDATE: page=0x96000 idx=255 enabled=0 missCnt=25 lastAccess=139599117810->139599294300
139599470790: system.l3cache.prefetcher: XPT_UPDATE: page=0x96000 idx=255 enabled=0 missCnt=26 lastAccess=139599294300->139599470790
139599647280: system.l3cache.prefetcher: XPT_UPDATE: page=0x96000 idx=255 enabled=0 missCnt=27 lastAccess=139599470790->139599647280
139599823770: system.l3cache.prefetcher: XPT_UPDATE: page=0x96000 idx=255 enabled=0 missCnt=28 lastAccess=139599647280->139599823770
139600000260: system.l3cache.prefetcher: XPT_UPDATE: page=0x96000 idx=255 enabled=0 missCnt=29 lastAccess=139599823770->139600000260
139600176750: system.l3cache.prefetcher: XPT_UPDATE: page=0x96000 idx=255 enabled=0 missCnt=30 lastAccess=139600000260->139600176750
139600647612: system.l3cache.prefetcher: XPT_UPDATE: page=0x96000 idx=255 enabled=0 missCnt=31 lastAccess=139600176750->139600647612
139600824102: system.l3cache.prefetcher: XPT_UPDATE: page=0x96000 idx=255 enabled=1 missCnt=32 lastAccess=139600647612->139600824102
139600973952: system.l3cache.prefetcher: XPT_UPDATE: page=0x96000 idx=255 enabled=1 missCnt=32 lastAccess=139600824102->139600973952
139601123802: system.l3cache.prefetcher: XPT_UPDATE: page=0x96000 idx=255 enabled=1 missCnt=32 lastAccess=139600973952->139601123802
139688541630: system.l3cache.prefetcher:   [EVICT] idx=242 page=0x96000 enabled=1 missCnt=32 lastAccess=139601123802
141316009866: system.l3cache.prefetcher: === XPTGuard === page=0x96000 asid=0 core=6 c=256/n=256 P=1.000 r=0.786 trig=YES vGLO=1
141316009866: system.l3cache.prefetcher: XPTGuard: page=0x96000 c=256 n=256 P=1.000 r=0.786 trig=1
141316009866: system.l3cache.prefetcher:   [INSERT] page=0x96000 -> table size: 256/256
141355044126: system.l3cache.prefetcher:   [EVICT] idx=119 page=0x96000 enabled=0 missCnt=0 lastAccess=141316009866
141521311692: system.l3cache.prefetcher: === XPTGuard === page=0x96000 asid=0 core=6 c=256/n=256 P=1.000 r=0.379 trig=YES vGLO=1
141521311692: system.l3cache.prefetcher: XPTGuard: page=0x96000 c=256 n=256 P=1.000 r=0.379 trig=1
141521311692: system.l3cache.prefetcher:   [INSERT] page=0x96000 -> table size: 256/256
141521513157: system.l3cache.prefetcher: XPT_UPDATE: page=0x96000 idx=255 enabled=0 missCnt=0 lastAccess=141521311692->141521513157
141521689647: system.l3cache.prefetcher: XPT_UPDATE: page=0x96000 idx=255 enabled=0 missCnt=1 lastAccess=141521513157->141521689647
141521866137: system.l3cache.prefetcher: XPT_UPDATE: page=0x96000 idx=255 enabled=0 missCnt=2 lastAccess=141521689647->141521866137
141522042627: system.l3cache.prefetcher: XPT_UPDATE: page=0x96000 idx=255 enabled=0 missCnt=3 lastAccess=141521866137->141522042627
141522219117: system.l3cache.prefetcher: XPT_UPDATE: page=0x96000 idx=255 enabled=0 missCnt=4 lastAccess=141522042627->141522219117
141522395607: system.l3cache.prefetcher: XPT_UPDATE: page=0x96000 idx=255 enabled=0 missCnt=5 lastAccess=141522219117->141522395607
141522572097: system.l3cache.prefetcher: XPT_UPDATE: page=0x96000 idx=255 enabled=0 missCnt=6 lastAccess=141522395607->141522572097
141522748587: system.l3cache.prefetcher: XPT_UPDATE: page=0x96000 idx=255 enabled=0 missCnt=7 lastAccess=141522572097->141522748587
141522925077: system.l3cache.prefetcher: XPT_UPDATE: page=0x96000 idx=255 enabled=0 missCnt=8 lastAccess=141522748587->141522925077
141523101567: system.l3cache.prefetcher: XPT_UPDATE: page=0x96000 idx=255 enabled=0 missCnt=9 lastAccess=141522925077->141523101567
141523278057: system.l3cache.prefetcher: XPT_UPDATE: page=0x96000 idx=255 enabled=0 missCnt=10 lastAccess=141523101567->141523278057
141523454547: system.l3cache.prefetcher: XPT_UPDATE: page=0x96000 idx=255 enabled=0 missCnt=11 lastAccess=141523278057->141523454547
141523631037: system.l3cache.prefetcher: XPT_UPDATE: page=0x96000 idx=255 enabled=0 missCnt=12 lastAccess=141523454547->141523631037
141523807527: system.l3cache.prefetcher: XPT_UPDATE: page=0x96000 idx=255 enabled=0 missCnt=13 lastAccess=141523631037->141523807527
141523984017: system.l3cache.prefetcher: XPT_UPDATE: page=0x96000 idx=255 enabled=0 missCnt=14 lastAccess=141523807527->141523984017
141524160507: system.l3cache.prefetcher: XPT_UPDATE: page=0x96000 idx=255 enabled=0 missCnt=15 lastAccess=141523984017->141524160507
141524361972: system.l3cache.prefetcher: XPT_UPDATE: page=0x96000 idx=255 enabled=0 missCnt=16 lastAccess=141524160507->141524361972
141524538462: system.l3cache.prefetcher: XPT_UPDATE: page=0x96000 idx=255 enabled=0 missCnt=17 lastAccess=141524361972->141524538462
141524714952: system.l3cache.prefetcher: XPT_UPDATE: page=0x96000 idx=255 enabled=0 missCnt=18 lastAccess=141524538462->141524714952
141524891442: system.l3cache.prefetcher: XPT_UPDATE: page=0x96000 idx=255 enabled=0 missCnt=19 lastAccess=141524714952->141524891442
141525067932: system.l3cache.prefetcher: XPT_UPDATE: page=0x96000 idx=255 enabled=0 missCnt=20 lastAccess=141524891442->141525067932
141525244422: system.l3cache.prefetcher: XPT_UPDATE: page=0x96000 idx=255 enabled=0 missCnt=21 lastAccess=141525067932->141525244422
141525420912: system.l3cache.prefetcher: XPT_UPDATE: page=0x96000 idx=255 enabled=0 missCnt=22 lastAccess=141525244422->141525420912
141525597402: system.l3cache.prefetcher: XPT_UPDATE: page=0x96000 idx=255 enabled=0 missCnt=23 lastAccess=141525420912->141525597402
141525773892: system.l3cache.prefetcher: XPT_UPDATE: page=0x96000 idx=255 enabled=0 missCnt=24 lastAccess=141525597402->141525773892
141525950382: system.l3cache.prefetcher: XPT_UPDATE: page=0x96000 idx=255 enabled=0 missCnt=25 lastAccess=141525773892->141525950382
141526126872: system.l3cache.prefetcher: XPT_UPDATE: page=0x96000 idx=255 enabled=0 missCnt=26 lastAccess=141525950382->141526126872
141526303362: system.l3cache.prefetcher: XPT_UPDATE: page=0x96000 idx=255 enabled=0 missCnt=27 lastAccess=141526126872->141526303362
141526479852: system.l3cache.prefetcher: XPT_UPDATE: page=0x96000 idx=255 enabled=0 missCnt=28 lastAccess=141526303362->141526479852
141526656342: system.l3cache.prefetcher: XPT_UPDATE: page=0x96000 idx=255 enabled=0 missCnt=29 lastAccess=141526479852->141526656342
141526832832: system.l3cache.prefetcher: XPT_UPDATE: page=0x96000 idx=255 enabled=0 missCnt=30 lastAccess=141526656342->141526832832
141527009322: system.l3cache.prefetcher: XPT_UPDATE: page=0x96000 idx=255 enabled=0 missCnt=31 lastAccess=141526832832->141527009322
141527210787: system.l3cache.prefetcher: XPT_UPDATE: page=0x96000 idx=255 enabled=1 missCnt=32 lastAccess=141527009322->141527210787
141527360637: system.l3cache.prefetcher: XPT_UPDATE: page=0x96000 idx=255 enabled=1 missCnt=32 lastAccess=141527210787->141527360637
141527510487: system.l3cache.prefetcher: XPT_UPDATE: page=0x96000 idx=255 enabled=1 missCnt=32 lastAccess=141527360637->141527510487
143242093188: system.l3cache.prefetcher: XPT_UPDATE: page=0x96000 idx=91 enabled=1 missCnt=32 lastAccess=141527510487->143242093188
143264606652: system.l3cache.prefetcher:   [EVICT] idx=58 page=0x96000 enabled=1 missCnt=32 lastAccess=143242093188
143447140269: system.l3cache.prefetcher: === XPTGuard === page=0x96000 asid=0 core=6 c=256/n=256 P=1.000 r=0.361 trig=YES vGLO=1
143447140269: system.l3cache.prefetcher: XPTGuard: page=0x96000 c=256 n=256 P=1.000 r=0.361 trig=1
143447140269: system.l3cache.prefetcher:   [INSERT] page=0x96000 -> table size: 256/256
143447366709: system.l3cache.prefetcher: XPT_UPDATE: page=0x96000 idx=255 enabled=0 missCnt=0 lastAccess=143447140269->143447366709
143447543199: system.l3cache.prefetcher: XPT_UPDATE: page=0x96000 idx=255 enabled=0 missCnt=1 lastAccess=143447366709->143447543199
143447719689: system.l3cache.prefetcher: XPT_UPDATE: page=0x96000 idx=255 enabled=0 missCnt=2 lastAccess=143447543199->143447719689
143447896179: system.l3cache.prefetcher: XPT_UPDATE: page=0x96000 idx=255 enabled=0 missCnt=3 lastAccess=143447719689->143447896179
143448072669: system.l3cache.prefetcher: XPT_UPDATE: page=0x96000 idx=255 enabled=0 missCnt=4 lastAccess=143447896179->143448072669
143448249159: system.l3cache.prefetcher: XPT_UPDATE: page=0x96000 idx=255 enabled=0 missCnt=5 lastAccess=143448072669->143448249159
143448425649: system.l3cache.prefetcher: XPT_UPDATE: page=0x96000 idx=255 enabled=0 missCnt=6 lastAccess=143448249159->143448425649
143448602139: system.l3cache.prefetcher: XPT_UPDATE: page=0x96000 idx=255 enabled=0 missCnt=7 lastAccess=143448425649->143448602139
143448778629: system.l3cache.prefetcher: XPT_UPDATE: page=0x96000 idx=255 enabled=0 missCnt=8 lastAccess=143448602139->143448778629
143449272801: system.l3cache.prefetcher: XPT_UPDATE: page=0x96000 idx=255 enabled=0 missCnt=9 lastAccess=143448778629->143449272801
143449449291: system.l3cache.prefetcher: XPT_UPDATE: page=0x96000 idx=255 enabled=0 missCnt=10 lastAccess=143449272801->143449449291
143449625781: system.l3cache.prefetcher: XPT_UPDATE: page=0x96000 idx=255 enabled=0 missCnt=11 lastAccess=143449449291->143449625781
143449802271: system.l3cache.prefetcher: XPT_UPDATE: page=0x96000 idx=255 enabled=0 missCnt=12 lastAccess=143449625781->143449802271
143449978761: system.l3cache.prefetcher: XPT_UPDATE: page=0x96000 idx=255 enabled=0 missCnt=13 lastAccess=143449802271->143449978761
143450155251: system.l3cache.prefetcher: XPT_UPDATE: page=0x96000 idx=255 enabled=0 missCnt=14 lastAccess=143449978761->143450155251
143450331741: system.l3cache.prefetcher: XPT_UPDATE: page=0x96000 idx=255 enabled=0 missCnt=15 lastAccess=143450155251->143450331741
143450508231: system.l3cache.prefetcher: XPT_UPDATE: page=0x96000 idx=255 enabled=0 missCnt=16 lastAccess=143450331741->143450508231
143450684721: system.l3cache.prefetcher: XPT_UPDATE: page=0x96000 idx=255 enabled=0 missCnt=17 lastAccess=143450508231->143450684721
143450861211: system.l3cache.prefetcher: XPT_UPDATE: page=0x96000 idx=255 enabled=0 missCnt=18 lastAccess=143450684721->143450861211
143451037701: system.l3cache.prefetcher: XPT_UPDATE: page=0x96000 idx=255 enabled=0 missCnt=19 lastAccess=143450861211->143451037701
143451214191: system.l3cache.prefetcher: XPT_UPDATE: page=0x96000 idx=255 enabled=0 missCnt=20 lastAccess=143451037701->143451214191
143451390681: system.l3cache.prefetcher: XPT_UPDATE: page=0x96000 idx=255 enabled=0 missCnt=21 lastAccess=143451214191->143451390681
143451567171: system.l3cache.prefetcher: XPT_UPDATE: page=0x96000 idx=255 enabled=0 missCnt=22 lastAccess=143451390681->143451567171
143451743661: system.l3cache.prefetcher: XPT_UPDATE: page=0x96000 idx=255 enabled=0 missCnt=23 lastAccess=143451567171->143451743661
143451920151: system.l3cache.prefetcher: XPT_UPDATE: page=0x96000 idx=255 enabled=0 missCnt=24 lastAccess=143451743661->143451920151
143452121616: system.l3cache.prefetcher: XPT_UPDATE: page=0x96000 idx=255 enabled=0 missCnt=25 lastAccess=143451920151->143452121616
143452298106: system.l3cache.prefetcher: XPT_UPDATE: page=0x96000 idx=255 enabled=0 missCnt=26 lastAccess=143452121616->143452298106
143452474596: system.l3cache.prefetcher: XPT_UPDATE: page=0x96000 idx=255 enabled=0 missCnt=27 lastAccess=143452298106->143452474596
143452651086: system.l3cache.prefetcher: XPT_UPDATE: page=0x96000 idx=255 enabled=0 missCnt=28 lastAccess=143452474596->143452651086
143452827576: system.l3cache.prefetcher: XPT_UPDATE: page=0x96000 idx=255 enabled=0 missCnt=29 lastAccess=143452651086->143452827576
143453004066: system.l3cache.prefetcher: XPT_UPDATE: page=0x96000 idx=255 enabled=0 missCnt=30 lastAccess=143452827576->143453004066
143453180556: system.l3cache.prefetcher: XPT_UPDATE: page=0x96000 idx=255 enabled=0 missCnt=31 lastAccess=143453004066->143453180556
143453357046: system.l3cache.prefetcher: XPT_UPDATE: page=0x96000 idx=255 enabled=1 missCnt=32 lastAccess=143453180556->143453357046
143453506896: system.l3cache.prefetcher: XPT_UPDATE: page=0x96000 idx=255 enabled=1 missCnt=32 lastAccess=143453357046->143453506896
143453656746: system.l3cache.prefetcher: XPT_UPDATE: page=0x96000 idx=255 enabled=1 missCnt=32 lastAccess=143453506896->143453656746
144802426959: system.l3cache.prefetcher:   [EVICT] idx=122 page=0x96000 enabled=1 missCnt=32 lastAccess=143453656746
145166154867: system.l3cache.prefetcher: === XPTGuard === page=0x96000 asid=0 core=6 c=256/n=256 P=1.000 r=0.253 trig=YES vGLO=1
145166154867: system.l3cache.prefetcher: XPTGuard: page=0x96000 c=256 n=256 P=1.000 r=0.253 trig=1
145166154867: system.l3cache.prefetcher:   [INSERT] page=0x96000 -> table size: 256/256
145171000350: system.l3cache.prefetcher:   [EVICT] idx=236 page=0x96000 enabled=0 missCnt=0 lastAccess=145166154867
145371480669: system.l3cache.prefetcher: === XPTGuard === page=0x96000 asid=0 core=6 c=256/n=256 P=1.000 r=0.573 trig=YES vGLO=1
145371480669: system.l3cache.prefetcher: XPTGuard: page=0x96000 c=256 n=256 P=1.000 r=0.573 trig=1
145371480669: system.l3cache.prefetcher:   [INSERT] page=0x96000 -> table size: 256/256
145371682134: system.l3cache.prefetcher: XPT_UPDATE: page=0x96000 idx=255 enabled=0 missCnt=0 lastAccess=145371480669->145371682134
145371858624: system.l3cache.prefetcher: XPT_UPDATE: page=0x96000 idx=255 enabled=0 missCnt=1 lastAccess=145371682134->145371858624
145372035114: system.l3cache.prefetcher: XPT_UPDATE: page=0x96000 idx=255 enabled=0 missCnt=2 lastAccess=145371858624->145372035114
145372211604: system.l3cache.prefetcher: XPT_UPDATE: page=0x96000 idx=255 enabled=0 missCnt=3 lastAccess=145372035114->145372211604
145372388094: system.l3cache.prefetcher: XPT_UPDATE: page=0x96000 idx=255 enabled=0 missCnt=4 lastAccess=145372211604->145372388094
145372564584: system.l3cache.prefetcher: XPT_UPDATE: page=0x96000 idx=255 enabled=0 missCnt=5 lastAccess=145372388094->145372564584
145372741074: system.l3cache.prefetcher: XPT_UPDATE: page=0x96000 idx=255 enabled=0 missCnt=6 lastAccess=145372564584->145372741074
145372917564: system.l3cache.prefetcher: XPT_UPDATE: page=0x96000 idx=255 enabled=0 missCnt=7 lastAccess=145372741074->145372917564
145373094054: system.l3cache.prefetcher: XPT_UPDATE: page=0x96000 idx=255 enabled=0 missCnt=8 lastAccess=145372917564->145373094054
145373270544: system.l3cache.prefetcher: XPT_UPDATE: page=0x96000 idx=255 enabled=0 missCnt=9 lastAccess=145373094054->145373270544
145373447034: system.l3cache.prefetcher: XPT_UPDATE: page=0x96000 idx=255 enabled=0 missCnt=10 lastAccess=145373270544->145373447034
145373623524: system.l3cache.prefetcher: XPT_UPDATE: page=0x96000 idx=255 enabled=0 missCnt=11 lastAccess=145373447034->145373623524
145373800014: system.l3cache.prefetcher: XPT_UPDATE: page=0x96000 idx=255 enabled=0 missCnt=12 lastAccess=145373623524->145373800014
145373976504: system.l3cache.prefetcher: XPT_UPDATE: page=0x96000 idx=255 enabled=0 missCnt=13 lastAccess=145373800014->145373976504
145374152994: system.l3cache.prefetcher: XPT_UPDATE: page=0x96000 idx=255 enabled=0 missCnt=14 lastAccess=145373976504->145374152994
145374329484: system.l3cache.prefetcher: XPT_UPDATE: page=0x96000 idx=255 enabled=0 missCnt=15 lastAccess=145374152994->145374329484
145374530949: system.l3cache.prefetcher: XPT_UPDATE: page=0x96000 idx=255 enabled=0 missCnt=16 lastAccess=145374329484->145374530949
145374707439: system.l3cache.prefetcher: XPT_UPDATE: page=0x96000 idx=255 enabled=0 missCnt=17 lastAccess=145374530949->145374707439
145374883929: system.l3cache.prefetcher: XPT_UPDATE: page=0x96000 idx=255 enabled=0 missCnt=18 lastAccess=145374707439->145374883929
145375060419: system.l3cache.prefetcher: XPT_UPDATE: page=0x96000 idx=255 enabled=0 missCnt=19 lastAccess=145374883929->145375060419
145375236909: system.l3cache.prefetcher: XPT_UPDATE: page=0x96000 idx=255 enabled=0 missCnt=20 lastAccess=145375060419->145375236909
145375413399: system.l3cache.prefetcher: XPT_UPDATE: page=0x96000 idx=255 enabled=0 missCnt=21 lastAccess=145375236909->145375413399
145375589889: system.l3cache.prefetcher: XPT_UPDATE: page=0x96000 idx=255 enabled=0 missCnt=22 lastAccess=145375413399->145375589889
145375766379: system.l3cache.prefetcher: XPT_UPDATE: page=0x96000 idx=255 enabled=0 missCnt=23 lastAccess=145375589889->145375766379
145375942869: system.l3cache.prefetcher: XPT_UPDATE: page=0x96000 idx=255 enabled=0 missCnt=24 lastAccess=145375766379->145375942869
145376119359: system.l3cache.prefetcher: XPT_UPDATE: page=0x96000 idx=255 enabled=0 missCnt=25 lastAccess=145375942869->145376119359
145376295849: system.l3cache.prefetcher: XPT_UPDATE: page=0x96000 idx=255 enabled=0 missCnt=26 lastAccess=145376119359->145376295849
145376472339: system.l3cache.prefetcher: XPT_UPDATE: page=0x96000 idx=255 enabled=0 missCnt=27 lastAccess=145376295849->145376472339
145376648829: system.l3cache.prefetcher: XPT_UPDATE: page=0x96000 idx=255 enabled=0 missCnt=28 lastAccess=145376472339->145376648829
145376825319: system.l3cache.prefetcher: XPT_UPDATE: page=0x96000 idx=255 enabled=0 missCnt=29 lastAccess=145376648829->145376825319
145377001809: system.l3cache.prefetcher: XPT_UPDATE: page=0x96000 idx=255 enabled=0 missCnt=30 lastAccess=145376825319->145377001809
145377472671: system.l3cache.prefetcher: XPT_UPDATE: page=0x96000 idx=255 enabled=0 missCnt=31 lastAccess=145377001809->145377472671
145377649161: system.l3cache.prefetcher: XPT_UPDATE: page=0x96000 idx=255 enabled=1 missCnt=32 lastAccess=145377472671->145377649161
145377799011: system.l3cache.prefetcher: XPT_UPDATE: page=0x96000 idx=255 enabled=1 missCnt=32 lastAccess=145377649161->145377799011
145377948861: system.l3cache.prefetcher: XPT_UPDATE: page=0x96000 idx=255 enabled=1 missCnt=32 lastAccess=145377799011->145377948861
147092128965: system.l3cache.prefetcher: XPT_UPDATE: page=0x96000 idx=92 enabled=1 missCnt=32 lastAccess=145377948861->147092128965
147194068923: system.l3cache.prefetcher:   [EVICT] idx=7 page=0x96000 enabled=1 missCnt=32 lastAccess=147092128965
147298522698: system.l3cache.prefetcher: === XPTGuard === page=0x96000 asid=0 core=6 c=256/n=256 P=1.000 r=0.743 trig=YES vGLO=1
147298522698: system.l3cache.prefetcher: XPTGuard: page=0x96000 c=256 n=256 P=1.000 r=0.743 trig=1
147298522698: system.l3cache.prefetcher:   [INSERT] page=0x96000 -> table size: 256/256
147298724163: system.l3cache.prefetcher: XPT_UPDATE: page=0x96000 idx=255 enabled=0 missCnt=0 lastAccess=147298522698->147298724163
147298900653: system.l3cache.prefetcher: XPT_UPDATE: page=0x96000 idx=255 enabled=0 missCnt=1 lastAccess=147298724163->147298900653
147299077143: system.l3cache.prefetcher: XPT_UPDATE: page=0x96000 idx=255 enabled=0 missCnt=2 lastAccess=147298900653->147299077143
147299253633: system.l3cache.prefetcher: XPT_UPDATE: page=0x96000 idx=255 enabled=0 missCnt=3 lastAccess=147299077143->147299253633
147299430123: system.l3cache.prefetcher: XPT_UPDATE: page=0x96000 idx=255 enabled=0 missCnt=4 lastAccess=147299253633->147299430123
147299606613: system.l3cache.prefetcher: XPT_UPDATE: page=0x96000 idx=255 enabled=0 missCnt=5 lastAccess=147299430123->147299606613
147299783103: system.l3cache.prefetcher: XPT_UPDATE: page=0x96000 idx=255 enabled=0 missCnt=6 lastAccess=147299606613->147299783103
147299959593: system.l3cache.prefetcher: XPT_UPDATE: page=0x96000 idx=255 enabled=0 missCnt=7 lastAccess=147299783103->147299959593
147300136083: system.l3cache.prefetcher: XPT_UPDATE: page=0x96000 idx=255 enabled=0 missCnt=8 lastAccess=147299959593->147300136083
147300312573: system.l3cache.prefetcher: XPT_UPDATE: page=0x96000 idx=255 enabled=0 missCnt=9 lastAccess=147300136083->147300312573
147300489063: system.l3cache.prefetcher: XPT_UPDATE: page=0x96000 idx=255 enabled=0 missCnt=10 lastAccess=147300312573->147300489063
147300665553: system.l3cache.prefetcher: XPT_UPDATE: page=0x96000 idx=255 enabled=0 missCnt=11 lastAccess=147300489063->147300665553
147300842043: system.l3cache.prefetcher: XPT_UPDATE: page=0x96000 idx=255 enabled=0 missCnt=12 lastAccess=147300665553->147300842043
147301018533: system.l3cache.prefetcher: XPT_UPDATE: page=0x96000 idx=255 enabled=0 missCnt=13 lastAccess=147300842043->147301018533
147301195023: system.l3cache.prefetcher: XPT_UPDATE: page=0x96000 idx=255 enabled=0 missCnt=14 lastAccess=147301018533->147301195023
147301371513: system.l3cache.prefetcher: XPT_UPDATE: page=0x96000 idx=255 enabled=0 missCnt=15 lastAccess=147301195023->147301371513
147301572978: system.l3cache.prefetcher: XPT_UPDATE: page=0x96000 idx=255 enabled=0 missCnt=16 lastAccess=147301371513->147301572978
147301749468: system.l3cache.prefetcher: XPT_UPDATE: page=0x96000 idx=255 enabled=0 missCnt=17 lastAccess=147301572978->147301749468
147301925958: system.l3cache.prefetcher: XPT_UPDATE: page=0x96000 idx=255 enabled=0 missCnt=18 lastAccess=147301749468->147301925958
147302102448: system.l3cache.prefetcher: XPT_UPDATE: page=0x96000 idx=255 enabled=0 missCnt=19 lastAccess=147301925958->147302102448
147302278938: system.l3cache.prefetcher: XPT_UPDATE: page=0x96000 idx=255 enabled=0 missCnt=20 lastAccess=147302102448->147302278938
147302455428: system.l3cache.prefetcher: XPT_UPDATE: page=0x96000 idx=255 enabled=0 missCnt=21 lastAccess=147302278938->147302455428
147302631918: system.l3cache.prefetcher: XPT_UPDATE: page=0x96000 idx=255 enabled=0 missCnt=22 lastAccess=147302455428->147302631918
147302808408: system.l3cache.prefetcher: XPT_UPDATE: page=0x96000 idx=255 enabled=0 missCnt=23 lastAccess=147302631918->147302808408
147302984898: system.l3cache.prefetcher: XPT_UPDATE: page=0x96000 idx=255 enabled=0 missCnt=24 lastAccess=147302808408->147302984898
147303161388: system.l3cache.prefetcher: XPT_UPDATE: page=0x96000 idx=255 enabled=0 missCnt=25 lastAccess=147302984898->147303161388
147303337878: system.l3cache.prefetcher: XPT_UPDATE: page=0x96000 idx=255 enabled=0 missCnt=26 lastAccess=147303161388->147303337878
147303514368: system.l3cache.prefetcher: XPT_UPDATE: page=0x96000 idx=255 enabled=0 missCnt=27 lastAccess=147303337878->147303514368
147303690858: system.l3cache.prefetcher: XPT_UPDATE: page=0x96000 idx=255 enabled=0 missCnt=28 lastAccess=147303514368->147303690858
147303867348: system.l3cache.prefetcher: XPT_UPDATE: page=0x96000 idx=255 enabled=0 missCnt=29 lastAccess=147303690858->147303867348
147304043838: system.l3cache.prefetcher: XPT_UPDATE: page=0x96000 idx=255 enabled=0 missCnt=30 lastAccess=147303867348->147304043838
147304220328: system.l3cache.prefetcher: XPT_UPDATE: page=0x96000 idx=255 enabled=0 missCnt=31 lastAccess=147304043838->147304220328
147304421793: system.l3cache.prefetcher: XPT_UPDATE: page=0x96000 idx=255 enabled=1 missCnt=32 lastAccess=147304220328->147304421793
147304571643: system.l3cache.prefetcher: XPT_UPDATE: page=0x96000 idx=255 enabled=1 missCnt=32 lastAccess=147304421793->147304571643
147304721493: system.l3cache.prefetcher: XPT_UPDATE: page=0x96000 idx=255 enabled=1 missCnt=32 lastAccess=147304571643->147304721493
148815862173: system.l3cache.prefetcher:   [EVICT] idx=95 page=0x96000 enabled=1 missCnt=32 lastAccess=147304721493
149020328835: system.l3cache.prefetcher: === XPTGuard === page=0x96000 asid=0 core=6 c=256/n=256 P=1.000 r=0.763 trig=YES vGLO=1
149020328835: system.l3cache.prefetcher: XPTGuard: page=0x96000 c=256 n=256 P=1.000 r=0.763 trig=1
149020328835: system.l3cache.prefetcher:   [INSERT] page=0x96000 -> table size: 256/256
149024518308: system.l3cache.prefetcher:   [EVICT] idx=239 page=0x96000 enabled=0 missCnt=0 lastAccess=149020328835
149225328297: system.l3cache.prefetcher: === XPTGuard === page=0x96000 asid=0 core=6 c=256/n=256 P=1.000 r=0.046 trig=YES vGLO=1
149225328297: system.l3cache.prefetcher: XPTGuard: page=0x96000 c=256 n=256 P=1.000 r=0.046 trig=1
149225328297: system.l3cache.prefetcher:   [INSERT] page=0x96000 -> table size: 256/256
149225554737: system.l3cache.prefetcher: XPT_UPDATE: page=0x96000 idx=255 enabled=0 missCnt=0 lastAccess=149225328297->149225554737
149226097860: system.l3cache.prefetcher: XPT_UPDATE: page=0x96000 idx=255 enabled=0 missCnt=1 lastAccess=149225554737->149226097860
149226274350: system.l3cache.prefetcher: XPT_UPDATE: page=0x96000 idx=255 enabled=0 missCnt=2 lastAccess=149226097860->149226274350
149226450840: system.l3cache.prefetcher: XPT_UPDATE: page=0x96000 idx=255 enabled=0 missCnt=3 lastAccess=149226274350->149226450840
149226627330: system.l3cache.prefetcher: XPT_UPDATE: page=0x96000 idx=255 enabled=0 missCnt=4 lastAccess=149226450840->149226627330
149226803820: system.l3cache.prefetcher: XPT_UPDATE: page=0x96000 idx=255 enabled=0 missCnt=5 lastAccess=149226627330->149226803820
149226980310: system.l3cache.prefetcher: XPT_UPDATE: page=0x96000 idx=255 enabled=0 missCnt=6 lastAccess=149226803820->149226980310
149227156800: system.l3cache.prefetcher: XPT_UPDATE: page=0x96000 idx=255 enabled=0 missCnt=7 lastAccess=149226980310->149227156800
149227333290: system.l3cache.prefetcher: XPT_UPDATE: page=0x96000 idx=255 enabled=0 missCnt=8 lastAccess=149227156800->149227333290
149227509780: system.l3cache.prefetcher: XPT_UPDATE: page=0x96000 idx=255 enabled=0 missCnt=9 lastAccess=149227333290->149227509780
149227686270: system.l3cache.prefetcher: XPT_UPDATE: page=0x96000 idx=255 enabled=0 missCnt=10 lastAccess=149227509780->149227686270
149227862760: system.l3cache.prefetcher: XPT_UPDATE: page=0x96000 idx=255 enabled=0 missCnt=11 lastAccess=149227686270->149227862760
149228039250: system.l3cache.prefetcher: XPT_UPDATE: page=0x96000 idx=255 enabled=0 missCnt=12 lastAccess=149227862760->149228039250
149228215740: system.l3cache.prefetcher: XPT_UPDATE: page=0x96000 idx=255 enabled=0 missCnt=13 lastAccess=149228039250->149228215740
149228392230: system.l3cache.prefetcher: XPT_UPDATE: page=0x96000 idx=255 enabled=0 missCnt=14 lastAccess=149228215740->149228392230
149228568720: system.l3cache.prefetcher: XPT_UPDATE: page=0x96000 idx=255 enabled=0 missCnt=15 lastAccess=149228392230->149228568720
149228745210: system.l3cache.prefetcher: XPT_UPDATE: page=0x96000 idx=255 enabled=0 missCnt=16 lastAccess=149228568720->149228745210
149228946675: system.l3cache.prefetcher: XPT_UPDATE: page=0x96000 idx=255 enabled=0 missCnt=17 lastAccess=149228745210->149228946675
149229123165: system.l3cache.prefetcher: XPT_UPDATE: page=0x96000 idx=255 enabled=0 missCnt=18 lastAccess=149228946675->149229123165
149229299655: system.l3cache.prefetcher: XPT_UPDATE: page=0x96000 idx=255 enabled=0 missCnt=19 lastAccess=149229123165->149229299655
149229476145: system.l3cache.prefetcher: XPT_UPDATE: page=0x96000 idx=255 enabled=0 missCnt=20 lastAccess=149229299655->149229476145
149229652635: system.l3cache.prefetcher: XPT_UPDATE: page=0x96000 idx=255 enabled=0 missCnt=21 lastAccess=149229476145->149229652635
149229829125: system.l3cache.prefetcher: XPT_UPDATE: page=0x96000 idx=255 enabled=0 missCnt=22 lastAccess=149229652635->149229829125
149230005615: system.l3cache.prefetcher: XPT_UPDATE: page=0x96000 idx=255 enabled=0 missCnt=23 lastAccess=149229829125->149230005615
149230182105: system.l3cache.prefetcher: XPT_UPDATE: page=0x96000 idx=255 enabled=0 missCnt=24 lastAccess=149230005615->149230182105
149230358595: system.l3cache.prefetcher: XPT_UPDATE: page=0x96000 idx=255 enabled=0 missCnt=25 lastAccess=149230182105->149230358595
149230535085: system.l3cache.prefetcher: XPT_UPDATE: page=0x96000 idx=255 enabled=0 missCnt=26 lastAccess=149230358595->149230535085
149230711575: system.l3cache.prefetcher: XPT_UPDATE: page=0x96000 idx=255 enabled=0 missCnt=27 lastAccess=149230535085->149230711575
149230888065: system.l3cache.prefetcher: XPT_UPDATE: page=0x96000 idx=255 enabled=0 missCnt=28 lastAccess=149230711575->149230888065
149231064555: system.l3cache.prefetcher: XPT_UPDATE: page=0x96000 idx=255 enabled=0 missCnt=29 lastAccess=149230888065->149231064555
149231241045: system.l3cache.prefetcher: XPT_UPDATE: page=0x96000 idx=255 enabled=0 missCnt=30 lastAccess=149231064555->149231241045
149231417535: system.l3cache.prefetcher: XPT_UPDATE: page=0x96000 idx=255 enabled=0 missCnt=31 lastAccess=149231241045->149231417535
149231594025: system.l3cache.prefetcher: XPT_UPDATE: page=0x96000 idx=255 enabled=1 missCnt=32 lastAccess=149231417535->149231594025
149231768850: system.l3cache.prefetcher: XPT_UPDATE: page=0x96000 idx=255 enabled=1 missCnt=32 lastAccess=149231594025->149231768850
149231918700: system.l3cache.prefetcher: XPT_UPDATE: page=0x96000 idx=255 enabled=1 missCnt=32 lastAccess=149231768850->149231918700
150714928539: system.l3cache.prefetcher:   [EVICT] idx=109 page=0x96000 enabled=1 missCnt=32 lastAccess=149231918700
150943534038: system.l3cache.prefetcher: === XPTGuard === page=0x96000 asid=0 core=6 c=256/n=256 P=1.000 r=0.951 trig=YES vGLO=1
150943534038: system.l3cache.prefetcher: XPTGuard: page=0x96000 c=256 n=256 P=1.000 r=0.951 trig=1
150943534038: system.l3cache.prefetcher:   [INSERT] page=0x96000 -> table size: 256/256
150964172046: system.l3cache.prefetcher:   [EVICT] idx=177 page=0x96000 enabled=0 missCnt=0 lastAccess=150943534038
151148511189: system.l3cache.prefetcher: === XPTGuard === page=0x96000 asid=0 core=6 c=256/n=256 P=1.000 r=0.632 trig=YES vGLO=1
151148511189: system.l3cache.prefetcher: XPTGuard: page=0x96000 c=256 n=256 P=1.000 r=0.632 trig=1
151148511189: system.l3cache.prefetcher:   [INSERT] page=0x96000 -> table size: 256/256
151148712654: system.l3cache.prefetcher: XPT_UPDATE: page=0x96000 idx=255 enabled=0 missCnt=0 lastAccess=151148511189->151148712654
151148889144: system.l3cache.prefetcher: XPT_UPDATE: page=0x96000 idx=255 enabled=0 missCnt=1 lastAccess=151148712654->151148889144
151149065634: system.l3cache.prefetcher: XPT_UPDATE: page=0x96000 idx=255 enabled=0 missCnt=2 lastAccess=151148889144->151149065634
151149242124: system.l3cache.prefetcher: XPT_UPDATE: page=0x96000 idx=255 enabled=0 missCnt=3 lastAccess=151149065634->151149242124
151149418614: system.l3cache.prefetcher: XPT_UPDATE: page=0x96000 idx=255 enabled=0 missCnt=4 lastAccess=151149242124->151149418614
151149595104: system.l3cache.prefetcher: XPT_UPDATE: page=0x96000 idx=255 enabled=0 missCnt=5 lastAccess=151149418614->151149595104
151149771594: system.l3cache.prefetcher: XPT_UPDATE: page=0x96000 idx=255 enabled=0 missCnt=6 lastAccess=151149595104->151149771594
151149948084: system.l3cache.prefetcher: XPT_UPDATE: page=0x96000 idx=255 enabled=0 missCnt=7 lastAccess=151149771594->151149948084
151150124574: system.l3cache.prefetcher: XPT_UPDATE: page=0x96000 idx=255 enabled=0 missCnt=8 lastAccess=151149948084->151150124574
151150301064: system.l3cache.prefetcher: XPT_UPDATE: page=0x96000 idx=255 enabled=0 missCnt=9 lastAccess=151150124574->151150301064
151150477554: system.l3cache.prefetcher: XPT_UPDATE: page=0x96000 idx=255 enabled=0 missCnt=10 lastAccess=151150301064->151150477554
151150654044: system.l3cache.prefetcher: XPT_UPDATE: page=0x96000 idx=255 enabled=0 missCnt=11 lastAccess=151150477554->151150654044
151150830534: system.l3cache.prefetcher: XPT_UPDATE: page=0x96000 idx=255 enabled=0 missCnt=12 lastAccess=151150654044->151150830534
151151007024: system.l3cache.prefetcher: XPT_UPDATE: page=0x96000 idx=255 enabled=0 missCnt=13 lastAccess=151150830534->151151007024
151151183514: system.l3cache.prefetcher: XPT_UPDATE: page=0x96000 idx=255 enabled=0 missCnt=14 lastAccess=151151007024->151151183514
151151360004: system.l3cache.prefetcher: XPT_UPDATE: page=0x96000 idx=255 enabled=0 missCnt=15 lastAccess=151151183514->151151360004
151151561469: system.l3cache.prefetcher: XPT_UPDATE: page=0x96000 idx=255 enabled=0 missCnt=16 lastAccess=151151360004->151151561469
151151737959: system.l3cache.prefetcher: XPT_UPDATE: page=0x96000 idx=255 enabled=0 missCnt=17 lastAccess=151151561469->151151737959
151151914449: system.l3cache.prefetcher: XPT_UPDATE: page=0x96000 idx=255 enabled=0 missCnt=18 lastAccess=151151737959->151151914449
151152090939: system.l3cache.prefetcher: XPT_UPDATE: page=0x96000 idx=255 enabled=0 missCnt=19 lastAccess=151151914449->151152090939
151152267429: system.l3cache.prefetcher: XPT_UPDATE: page=0x96000 idx=255 enabled=0 missCnt=20 lastAccess=151152090939->151152267429
151152443919: system.l3cache.prefetcher: XPT_UPDATE: page=0x96000 idx=255 enabled=0 missCnt=21 lastAccess=151152267429->151152443919
151152620409: system.l3cache.prefetcher: XPT_UPDATE: page=0x96000 idx=255 enabled=0 missCnt=22 lastAccess=151152443919->151152620409
151152796899: system.l3cache.prefetcher: XPT_UPDATE: page=0x96000 idx=255 enabled=0 missCnt=23 lastAccess=151152620409->151152796899
151152973389: system.l3cache.prefetcher: XPT_UPDATE: page=0x96000 idx=255 enabled=0 missCnt=24 lastAccess=151152796899->151152973389
151153149879: system.l3cache.prefetcher: XPT_UPDATE: page=0x96000 idx=255 enabled=0 missCnt=25 lastAccess=151152973389->151153149879
151153326369: system.l3cache.prefetcher: XPT_UPDATE: page=0x96000 idx=255 enabled=0 missCnt=26 lastAccess=151153149879->151153326369
151153502859: system.l3cache.prefetcher: XPT_UPDATE: page=0x96000 idx=255 enabled=0 missCnt=27 lastAccess=151153326369->151153502859
151153679349: system.l3cache.prefetcher: XPT_UPDATE: page=0x96000 idx=255 enabled=0 missCnt=28 lastAccess=151153502859->151153679349
151153855839: system.l3cache.prefetcher: XPT_UPDATE: page=0x96000 idx=255 enabled=0 missCnt=29 lastAccess=151153679349->151153855839
151154297730: system.l3cache.prefetcher: XPT_UPDATE: page=0x96000 idx=255 enabled=0 missCnt=30 lastAccess=151153855839->151154297730
151154474220: system.l3cache.prefetcher: XPT_UPDATE: page=0x96000 idx=255 enabled=0 missCnt=31 lastAccess=151154297730->151154474220
151154650710: system.l3cache.prefetcher: XPT_UPDATE: page=0x96000 idx=255 enabled=1 missCnt=32 lastAccess=151154474220->151154650710
151154800560: system.l3cache.prefetcher: XPT_UPDATE: page=0x96000 idx=255 enabled=1 missCnt=32 lastAccess=151154650710->151154800560
151154950410: system.l3cache.prefetcher: XPT_UPDATE: page=0x96000 idx=255 enabled=1 missCnt=32 lastAccess=151154800560->151154950410
151692082740: system.l3cache.prefetcher:   [EVICT] idx=182 page=0x96000 enabled=1 missCnt=32 lastAccess=151154950410
152867095551: system.l3cache.prefetcher: === XPTGuard === page=0x96000 asid=0 core=6 c=256/n=256 P=1.000 r=0.267 trig=YES vGLO=1
152867095551: system.l3cache.prefetcher: XPTGuard: page=0x96000 c=256 n=256 P=1.000 r=0.267 trig=1
152867095551: system.l3cache.prefetcher:   [INSERT] page=0x96000 -> table size: 256/256
152895279339: system.l3cache.prefetcher:   [EVICT] idx=153 page=0x96000 enabled=0 missCnt=0 lastAccess=152867095551
153072204237: system.l3cache.prefetcher: === XPTGuard === page=0x96000 asid=0 core=6 c=256/n=256 P=1.000 r=0.971 trig=YES vGLO=1
153072204237: system.l3cache.prefetcher: XPTGuard: page=0x96000 c=256 n=256 P=1.000 r=0.971 trig=1
153072204237: system.l3cache.prefetcher:   [INSERT] page=0x96000 -> table size: 256/256
153072430677: system.l3cache.prefetcher: XPT_UPDATE: page=0x96000 idx=255 enabled=0 missCnt=0 lastAccess=153072204237->153072430677
153072607167: system.l3cache.prefetcher: XPT_UPDATE: page=0x96000 idx=255 enabled=0 missCnt=1 lastAccess=153072430677->153072607167
153072783657: system.l3cache.prefetcher: XPT_UPDATE: page=0x96000 idx=255 enabled=0 missCnt=2 lastAccess=153072607167->153072783657
153072960147: system.l3cache.prefetcher: XPT_UPDATE: page=0x96000 idx=255 enabled=0 missCnt=3 lastAccess=153072783657->153072960147
153073136637: system.l3cache.prefetcher: XPT_UPDATE: page=0x96000 idx=255 enabled=0 missCnt=4 lastAccess=153072960147->153073136637
153073313127: system.l3cache.prefetcher: XPT_UPDATE: page=0x96000 idx=255 enabled=0 missCnt=5 lastAccess=153073136637->153073313127
153073489617: system.l3cache.prefetcher: XPT_UPDATE: page=0x96000 idx=255 enabled=0 missCnt=6 lastAccess=153073313127->153073489617
153073666107: system.l3cache.prefetcher: XPT_UPDATE: page=0x96000 idx=255 enabled=0 missCnt=7 lastAccess=153073489617->153073666107
153073842597: system.l3cache.prefetcher: XPT_UPDATE: page=0x96000 idx=255 enabled=0 missCnt=8 lastAccess=153073666107->153073842597
153074019087: system.l3cache.prefetcher: XPT_UPDATE: page=0x96000 idx=255 enabled=0 missCnt=9 lastAccess=153073842597->153074019087
153074195577: system.l3cache.prefetcher: XPT_UPDATE: page=0x96000 idx=255 enabled=0 missCnt=10 lastAccess=153074019087->153074195577
153074722716: system.l3cache.prefetcher: XPT_UPDATE: page=0x96000 idx=255 enabled=0 missCnt=11 lastAccess=153074195577->153074722716
153074899206: system.l3cache.prefetcher: XPT_UPDATE: page=0x96000 idx=255 enabled=0 missCnt=12 lastAccess=153074722716->153074899206
153075075696: system.l3cache.prefetcher: XPT_UPDATE: page=0x96000 idx=255 enabled=0 missCnt=13 lastAccess=153074899206->153075075696
153075252186: system.l3cache.prefetcher: XPT_UPDATE: page=0x96000 idx=255 enabled=0 missCnt=14 lastAccess=153075075696->153075252186
153075428676: system.l3cache.prefetcher: XPT_UPDATE: page=0x96000 idx=255 enabled=0 missCnt=15 lastAccess=153075252186->153075428676
153075605166: system.l3cache.prefetcher: XPT_UPDATE: page=0x96000 idx=255 enabled=0 missCnt=16 lastAccess=153075428676->153075605166
153075781656: system.l3cache.prefetcher: XPT_UPDATE: page=0x96000 idx=255 enabled=0 missCnt=17 lastAccess=153075605166->153075781656
153075958146: system.l3cache.prefetcher: XPT_UPDATE: page=0x96000 idx=255 enabled=0 missCnt=18 lastAccess=153075781656->153075958146
153076134636: system.l3cache.prefetcher: XPT_UPDATE: page=0x96000 idx=255 enabled=0 missCnt=19 lastAccess=153075958146->153076134636
153076311126: system.l3cache.prefetcher: XPT_UPDATE: page=0x96000 idx=255 enabled=0 missCnt=20 lastAccess=153076134636->153076311126
153076487616: system.l3cache.prefetcher: XPT_UPDATE: page=0x96000 idx=255 enabled=0 missCnt=21 lastAccess=153076311126->153076487616
153076664106: system.l3cache.prefetcher: XPT_UPDATE: page=0x96000 idx=255 enabled=0 missCnt=22 lastAccess=153076487616->153076664106
153076840596: system.l3cache.prefetcher: XPT_UPDATE: page=0x96000 idx=255 enabled=0 missCnt=23 lastAccess=153076664106->153076840596
153077017086: system.l3cache.prefetcher: XPT_UPDATE: page=0x96000 idx=255 enabled=0 missCnt=24 lastAccess=153076840596->153077017086
153077193576: system.l3cache.prefetcher: XPT_UPDATE: page=0x96000 idx=255 enabled=0 missCnt=25 lastAccess=153077017086->153077193576
153077370066: system.l3cache.prefetcher: XPT_UPDATE: page=0x96000 idx=255 enabled=0 missCnt=26 lastAccess=153077193576->153077370066
153077571531: system.l3cache.prefetcher: XPT_UPDATE: page=0x96000 idx=255 enabled=0 missCnt=27 lastAccess=153077370066->153077571531
153077748021: system.l3cache.prefetcher: XPT_UPDATE: page=0x96000 idx=255 enabled=0 missCnt=28 lastAccess=153077571531->153077748021
153077924511: system.l3cache.prefetcher: XPT_UPDATE: page=0x96000 idx=255 enabled=0 missCnt=29 lastAccess=153077748021->153077924511
153078101001: system.l3cache.prefetcher: XPT_UPDATE: page=0x96000 idx=255 enabled=0 missCnt=30 lastAccess=153077924511->153078101001
153078277491: system.l3cache.prefetcher: XPT_UPDATE: page=0x96000 idx=255 enabled=0 missCnt=31 lastAccess=153078101001->153078277491
153078453981: system.l3cache.prefetcher: XPT_UPDATE: page=0x96000 idx=255 enabled=1 missCnt=32 lastAccess=153078277491->153078453981
153078603831: system.l3cache.prefetcher: XPT_UPDATE: page=0x96000 idx=255 enabled=1 missCnt=32 lastAccess=153078453981->153078603831
153078753681: system.l3cache.prefetcher: XPT_UPDATE: page=0x96000 idx=255 enabled=1 missCnt=32 lastAccess=153078603831->153078753681
153648930600: system.l3cache.prefetcher:   [EVICT] idx=183 page=0x96000 enabled=1 missCnt=32 lastAccess=153078753681
154793463255: system.l3cache.prefetcher: === XPTGuard === page=0x96000 asid=0 core=6 c=256/n=256 P=1.000 r=0.828 trig=YES vGLO=1
154793463255: system.l3cache.prefetcher: XPTGuard: page=0x96000 c=256 n=256 P=1.000 r=0.828 trig=1
154793463255: system.l3cache.prefetcher:   [INSERT] page=0x96000 -> table size: 256/256
154799908137: system.l3cache.prefetcher:   [EVICT] idx=227 page=0x96000 enabled=0 missCnt=0 lastAccess=154793463255
154998474372: system.l3cache.prefetcher: === XPTGuard === page=0x96000 asid=0 core=6 c=256/n=256 P=1.000 r=0.934 trig=YES vGLO=1
154998474372: system.l3cache.prefetcher: XPTGuard: page=0x96000 c=256 n=256 P=1.000 r=0.934 trig=1
154998474372: system.l3cache.prefetcher:   [INSERT] page=0x96000 -> table size: 256/256
154998700812: system.l3cache.prefetcher: XPT_UPDATE: page=0x96000 idx=255 enabled=0 missCnt=0 lastAccess=154998474372->154998700812
154998877302: system.l3cache.prefetcher: XPT_UPDATE: page=0x96000 idx=255 enabled=0 missCnt=1 lastAccess=154998700812->154998877302
154999053792: system.l3cache.prefetcher: XPT_UPDATE: page=0x96000 idx=255 enabled=0 missCnt=2 lastAccess=154998877302->154999053792
154999230282: system.l3cache.prefetcher: XPT_UPDATE: page=0x96000 idx=255 enabled=0 missCnt=3 lastAccess=154999053792->154999230282
154999406772: system.l3cache.prefetcher: XPT_UPDATE: page=0x96000 idx=255 enabled=0 missCnt=4 lastAccess=154999230282->154999406772
154999583262: system.l3cache.prefetcher: XPT_UPDATE: page=0x96000 idx=255 enabled=0 missCnt=5 lastAccess=154999406772->154999583262
154999759752: system.l3cache.prefetcher: XPT_UPDATE: page=0x96000 idx=255 enabled=0 missCnt=6 lastAccess=154999583262->154999759752
154999936242: system.l3cache.prefetcher: XPT_UPDATE: page=0x96000 idx=255 enabled=0 missCnt=7 lastAccess=154999759752->154999936242
155000112732: system.l3cache.prefetcher: XPT_UPDATE: page=0x96000 idx=255 enabled=0 missCnt=8 lastAccess=154999936242->155000112732
155000289222: system.l3cache.prefetcher: XPT_UPDATE: page=0x96000 idx=255 enabled=0 missCnt=9 lastAccess=155000112732->155000289222
155000465712: system.l3cache.prefetcher: XPT_UPDATE: page=0x96000 idx=255 enabled=0 missCnt=10 lastAccess=155000289222->155000465712
155000642202: system.l3cache.prefetcher: XPT_UPDATE: page=0x96000 idx=255 enabled=0 missCnt=11 lastAccess=155000465712->155000642202
155000818692: system.l3cache.prefetcher: XPT_UPDATE: page=0x96000 idx=255 enabled=0 missCnt=12 lastAccess=155000642202->155000818692
155000995182: system.l3cache.prefetcher: XPT_UPDATE: page=0x96000 idx=255 enabled=0 missCnt=13 lastAccess=155000818692->155000995182
155001171672: system.l3cache.prefetcher: XPT_UPDATE: page=0x96000 idx=255 enabled=0 missCnt=14 lastAccess=155000995182->155001171672
155001348162: system.l3cache.prefetcher: XPT_UPDATE: page=0x96000 idx=255 enabled=0 missCnt=15 lastAccess=155001171672->155001348162
155001549627: system.l3cache.prefetcher: XPT_UPDATE: page=0x96000 idx=255 enabled=0 missCnt=16 lastAccess=155001348162->155001549627
155001726117: system.l3cache.prefetcher: XPT_UPDATE: page=0x96000 idx=255 enabled=0 missCnt=17 lastAccess=155001549627->155001726117
155001902607: system.l3cache.prefetcher: XPT_UPDATE: page=0x96000 idx=255 enabled=0 missCnt=18 lastAccess=155001726117->155001902607
155002079097: system.l3cache.prefetcher: XPT_UPDATE: page=0x96000 idx=255 enabled=0 missCnt=19 lastAccess=155001902607->155002079097
155002255587: system.l3cache.prefetcher: XPT_UPDATE: page=0x96000 idx=255 enabled=0 missCnt=20 lastAccess=155002079097->155002255587
155002432077: system.l3cache.prefetcher: XPT_UPDATE: page=0x96000 idx=255 enabled=0 missCnt=21 lastAccess=155002255587->155002432077
155002922919: system.l3cache.prefetcher: XPT_UPDATE: page=0x96000 idx=255 enabled=0 missCnt=22 lastAccess=155002432077->155002922919
155003099409: system.l3cache.prefetcher: XPT_UPDATE: page=0x96000 idx=255 enabled=0 missCnt=23 lastAccess=155002922919->155003099409
155003275899: system.l3cache.prefetcher: XPT_UPDATE: page=0x96000 idx=255 enabled=0 missCnt=24 lastAccess=155003099409->155003275899
155003452389: system.l3cache.prefetcher: XPT_UPDATE: page=0x96000 idx=255 enabled=0 missCnt=25 lastAccess=155003275899->155003452389
155003628879: system.l3cache.prefetcher: XPT_UPDATE: page=0x96000 idx=255 enabled=0 missCnt=26 lastAccess=155003452389->155003628879
155003805369: system.l3cache.prefetcher: XPT_UPDATE: page=0x96000 idx=255 enabled=0 missCnt=27 lastAccess=155003628879->155003805369
155003981859: system.l3cache.prefetcher: XPT_UPDATE: page=0x96000 idx=255 enabled=0 missCnt=28 lastAccess=155003805369->155003981859
155004158349: system.l3cache.prefetcher: XPT_UPDATE: page=0x96000 idx=255 enabled=0 missCnt=29 lastAccess=155003981859->155004158349
155004334839: system.l3cache.prefetcher: XPT_UPDATE: page=0x96000 idx=255 enabled=0 missCnt=30 lastAccess=155004158349->155004334839
155004511329: system.l3cache.prefetcher: XPT_UPDATE: page=0x96000 idx=255 enabled=0 missCnt=31 lastAccess=155004334839->155004511329
155004687819: system.l3cache.prefetcher: XPT_UPDATE: page=0x96000 idx=255 enabled=1 missCnt=32 lastAccess=155004511329->155004687819
155004837669: system.l3cache.prefetcher: XPT_UPDATE: page=0x96000 idx=255 enabled=1 missCnt=32 lastAccess=155004687819->155004837669
155004987519: system.l3cache.prefetcher: XPT_UPDATE: page=0x96000 idx=255 enabled=1 missCnt=32 lastAccess=155004837669->155004987519
156059180604: system.l3cache.prefetcher:   [EVICT] idx=136 page=0x96000 enabled=1 missCnt=32 lastAccess=155004987519
156720251205: system.l3cache.prefetcher: === XPTGuard === page=0x96000 asid=0 core=6 c=256/n=256 P=1.000 r=0.647 trig=YES vGLO=1
156720251205: system.l3cache.prefetcher: XPTGuard: page=0x96000 c=256 n=256 P=1.000 r=0.647 trig=1
156720251205: system.l3cache.prefetcher:   [INSERT] page=0x96000 -> table size: 256/256
156860323659: system.l3cache.prefetcher:   [EVICT] idx=15 page=0x96000 enabled=0 missCnt=0 lastAccess=156720251205
156925336248: system.l3cache.prefetcher: === XPTGuard === page=0x96000 asid=0 core=6 c=256/n=256 P=1.000 r=0.420 trig=YES vGLO=1
156925336248: system.l3cache.prefetcher: XPTGuard: page=0x96000 c=256 n=256 P=1.000 r=0.420 trig=1
156925336248: system.l3cache.prefetcher:   [INSERT] page=0x96000 -> table size: 256/256
156925537713: system.l3cache.prefetcher: XPT_UPDATE: page=0x96000 idx=255 enabled=0 missCnt=0 lastAccess=156925336248->156925537713
156925714203: system.l3cache.prefetcher: XPT_UPDATE: page=0x96000 idx=255 enabled=0 missCnt=1 lastAccess=156925537713->156925714203
156925890693: system.l3cache.prefetcher: XPT_UPDATE: page=0x96000 idx=255 enabled=0 missCnt=2 lastAccess=156925714203->156925890693
156926067183: system.l3cache.prefetcher: XPT_UPDATE: page=0x96000 idx=255 enabled=0 missCnt=3 lastAccess=156925890693->156926067183
156926243673: system.l3cache.prefetcher: XPT_UPDATE: page=0x96000 idx=255 enabled=0 missCnt=4 lastAccess=156926067183->156926243673
156926420163: system.l3cache.prefetcher: XPT_UPDATE: page=0x96000 idx=255 enabled=0 missCnt=5 lastAccess=156926243673->156926420163
156926596653: system.l3cache.prefetcher: XPT_UPDATE: page=0x96000 idx=255 enabled=0 missCnt=6 lastAccess=156926420163->156926596653
156926773143: system.l3cache.prefetcher: XPT_UPDATE: page=0x96000 idx=255 enabled=0 missCnt=7 lastAccess=156926596653->156926773143
156926949633: system.l3cache.prefetcher: XPT_UPDATE: page=0x96000 idx=255 enabled=0 missCnt=8 lastAccess=156926773143->156926949633
156927126123: system.l3cache.prefetcher: XPT_UPDATE: page=0x96000 idx=255 enabled=0 missCnt=9 lastAccess=156926949633->156927126123
156927302613: system.l3cache.prefetcher: XPT_UPDATE: page=0x96000 idx=255 enabled=0 missCnt=10 lastAccess=156927126123->156927302613
156927479103: system.l3cache.prefetcher: XPT_UPDATE: page=0x96000 idx=255 enabled=0 missCnt=11 lastAccess=156927302613->156927479103
156927655593: system.l3cache.prefetcher: XPT_UPDATE: page=0x96000 idx=255 enabled=0 missCnt=12 lastAccess=156927479103->156927655593
156927832083: system.l3cache.prefetcher: XPT_UPDATE: page=0x96000 idx=255 enabled=0 missCnt=13 lastAccess=156927655593->156927832083
156928008573: system.l3cache.prefetcher: XPT_UPDATE: page=0x96000 idx=255 enabled=0 missCnt=14 lastAccess=156927832083->156928008573
156928185063: system.l3cache.prefetcher: XPT_UPDATE: page=0x96000 idx=255 enabled=0 missCnt=15 lastAccess=156928008573->156928185063
156928386528: system.l3cache.prefetcher: XPT_UPDATE: page=0x96000 idx=255 enabled=0 missCnt=16 lastAccess=156928185063->156928386528
156928563018: system.l3cache.prefetcher: XPT_UPDATE: page=0x96000 idx=255 enabled=0 missCnt=17 lastAccess=156928386528->156928563018
156928739508: system.l3cache.prefetcher: XPT_UPDATE: page=0x96000 idx=255 enabled=0 missCnt=18 lastAccess=156928563018->156928739508
156928915998: system.l3cache.prefetcher: XPT_UPDATE: page=0x96000 idx=255 enabled=0 missCnt=19 lastAccess=156928739508->156928915998
156929092488: system.l3cache.prefetcher: XPT_UPDATE: page=0x96000 idx=255 enabled=0 missCnt=20 lastAccess=156928915998->156929092488
156929268978: system.l3cache.prefetcher: XPT_UPDATE: page=0x96000 idx=255 enabled=0 missCnt=21 lastAccess=156929092488->156929268978
156929445468: system.l3cache.prefetcher: XPT_UPDATE: page=0x96000 idx=255 enabled=0 missCnt=22 lastAccess=156929268978->156929445468
156929621958: system.l3cache.prefetcher: XPT_UPDATE: page=0x96000 idx=255 enabled=0 missCnt=23 lastAccess=156929445468->156929621958
156929798448: system.l3cache.prefetcher: XPT_UPDATE: page=0x96000 idx=255 enabled=0 missCnt=24 lastAccess=156929621958->156929798448
156929974938: system.l3cache.prefetcher: XPT_UPDATE: page=0x96000 idx=255 enabled=0 missCnt=25 lastAccess=156929798448->156929974938
156930151428: system.l3cache.prefetcher: XPT_UPDATE: page=0x96000 idx=255 enabled=0 missCnt=26 lastAccess=156929974938->156930151428
156930327918: system.l3cache.prefetcher: XPT_UPDATE: page=0x96000 idx=255 enabled=0 missCnt=27 lastAccess=156930151428->156930327918
156930504408: system.l3cache.prefetcher: XPT_UPDATE: page=0x96000 idx=255 enabled=0 missCnt=28 lastAccess=156930327918->156930504408
156930680898: system.l3cache.prefetcher: XPT_UPDATE: page=0x96000 idx=255 enabled=0 missCnt=29 lastAccess=156930504408->156930680898
156931122789: system.l3cache.prefetcher: XPT_UPDATE: page=0x96000 idx=255 enabled=0 missCnt=30 lastAccess=156930680898->156931122789
156931299279: system.l3cache.prefetcher: XPT_UPDATE: page=0x96000 idx=255 enabled=0 missCnt=31 lastAccess=156931122789->156931299279
156931475769: system.l3cache.prefetcher: XPT_UPDATE: page=0x96000 idx=255 enabled=1 missCnt=32 lastAccess=156931299279->156931475769
156931625619: system.l3cache.prefetcher: XPT_UPDATE: page=0x96000 idx=255 enabled=1 missCnt=32 lastAccess=156931475769->156931625619
156931775469: system.l3cache.prefetcher: XPT_UPDATE: page=0x96000 idx=255 enabled=1 missCnt=32 lastAccess=156931625619->156931775469
158646485043: system.l3cache.prefetcher: XPT_UPDATE: page=0x96000 idx=96 enabled=1 missCnt=32 lastAccess=156931775469->158646485043
158718934854: system.l3cache.prefetcher:   [EVICT] idx=24 page=0x96000 enabled=1 missCnt=32 lastAccess=158646485043
158851786869: system.l3cache.prefetcher: === XPTGuard === page=0x96000 asid=0 core=6 c=256/n=256 P=1.000 r=0.044 trig=YES vGLO=1
158851786869: system.l3cache.prefetcher: XPTGuard: page=0x96000 c=256 n=256 P=1.000 r=0.044 trig=1
158851786869: system.l3cache.prefetcher:   [INSERT] page=0x96000 -> table size: 256/256
158851988334: system.l3cache.prefetcher: XPT_UPDATE: page=0x96000 idx=255 enabled=0 missCnt=0 lastAccess=158851786869->158851988334
158852164824: system.l3cache.prefetcher: XPT_UPDATE: page=0x96000 idx=255 enabled=0 missCnt=1 lastAccess=158851988334->158852164824
158852341314: system.l3cache.prefetcher: XPT_UPDATE: page=0x96000 idx=255 enabled=0 missCnt=2 lastAccess=158852164824->158852341314
158852517804: system.l3cache.prefetcher: XPT_UPDATE: page=0x96000 idx=255 enabled=0 missCnt=3 lastAccess=158852341314->158852517804
158852694294: system.l3cache.prefetcher: XPT_UPDATE: page=0x96000 idx=255 enabled=0 missCnt=4 lastAccess=158852517804->158852694294
158852870784: system.l3cache.prefetcher: XPT_UPDATE: page=0x96000 idx=255 enabled=0 missCnt=5 lastAccess=158852694294->158852870784
158853047274: system.l3cache.prefetcher: XPT_UPDATE: page=0x96000 idx=255 enabled=0 missCnt=6 lastAccess=158852870784->158853047274
158853223764: system.l3cache.prefetcher: XPT_UPDATE: page=0x96000 idx=255 enabled=0 missCnt=7 lastAccess=158853047274->158853223764
158853400254: system.l3cache.prefetcher: XPT_UPDATE: page=0x96000 idx=255 enabled=0 missCnt=8 lastAccess=158853223764->158853400254
158853576744: system.l3cache.prefetcher: XPT_UPDATE: page=0x96000 idx=255 enabled=0 missCnt=9 lastAccess=158853400254->158853576744
158853753234: system.l3cache.prefetcher: XPT_UPDATE: page=0x96000 idx=255 enabled=0 missCnt=10 lastAccess=158853576744->158853753234
158853929724: system.l3cache.prefetcher: XPT_UPDATE: page=0x96000 idx=255 enabled=0 missCnt=11 lastAccess=158853753234->158853929724
158854106214: system.l3cache.prefetcher: XPT_UPDATE: page=0x96000 idx=255 enabled=0 missCnt=12 lastAccess=158853929724->158854106214
158854282704: system.l3cache.prefetcher: XPT_UPDATE: page=0x96000 idx=255 enabled=0 missCnt=13 lastAccess=158854106214->158854282704
158854459194: system.l3cache.prefetcher: XPT_UPDATE: page=0x96000 idx=255 enabled=0 missCnt=14 lastAccess=158854282704->158854459194
158854635684: system.l3cache.prefetcher: XPT_UPDATE: page=0x96000 idx=255 enabled=0 missCnt=15 lastAccess=158854459194->158854635684
158854837149: system.l3cache.prefetcher: XPT_UPDATE: page=0x96000 idx=255 enabled=0 missCnt=16 lastAccess=158854635684->158854837149
158855013639: system.l3cache.prefetcher: XPT_UPDATE: page=0x96000 idx=255 enabled=0 missCnt=17 lastAccess=158854837149->158855013639
158855190129: system.l3cache.prefetcher: XPT_UPDATE: page=0x96000 idx=255 enabled=0 missCnt=18 lastAccess=158855013639->158855190129
158855366619: system.l3cache.prefetcher: XPT_UPDATE: page=0x96000 idx=255 enabled=0 missCnt=19 lastAccess=158855190129->158855366619
158855543109: system.l3cache.prefetcher: XPT_UPDATE: page=0x96000 idx=255 enabled=0 missCnt=20 lastAccess=158855366619->158855543109
158855719599: system.l3cache.prefetcher: XPT_UPDATE: page=0x96000 idx=255 enabled=0 missCnt=21 lastAccess=158855543109->158855719599
158855896089: system.l3cache.prefetcher: XPT_UPDATE: page=0x96000 idx=255 enabled=0 missCnt=22 lastAccess=158855719599->158855896089
158856072579: system.l3cache.prefetcher: XPT_UPDATE: page=0x96000 idx=255 enabled=0 missCnt=23 lastAccess=158855896089->158856072579
158856249069: system.l3cache.prefetcher: XPT_UPDATE: page=0x96000 idx=255 enabled=0 missCnt=24 lastAccess=158856072579->158856249069
158856425559: system.l3cache.prefetcher: XPT_UPDATE: page=0x96000 idx=255 enabled=0 missCnt=25 lastAccess=158856249069->158856425559
158856602049: system.l3cache.prefetcher: XPT_UPDATE: page=0x96000 idx=255 enabled=0 missCnt=26 lastAccess=158856425559->158856602049
158856778539: system.l3cache.prefetcher: XPT_UPDATE: page=0x96000 idx=255 enabled=0 missCnt=27 lastAccess=158856602049->158856778539
158856955029: system.l3cache.prefetcher: XPT_UPDATE: page=0x96000 idx=255 enabled=0 missCnt=28 lastAccess=158856778539->158856955029
158857131519: system.l3cache.prefetcher: XPT_UPDATE: page=0x96000 idx=255 enabled=0 missCnt=29 lastAccess=158856955029->158857131519
158857308009: system.l3cache.prefetcher: XPT_UPDATE: page=0x96000 idx=255 enabled=0 missCnt=30 lastAccess=158857131519->158857308009
158857484499: system.l3cache.prefetcher: XPT_UPDATE: page=0x96000 idx=255 enabled=0 missCnt=31 lastAccess=158857308009->158857484499
158857685964: system.l3cache.prefetcher: XPT_UPDATE: page=0x96000 idx=255 enabled=1 missCnt=32 lastAccess=158857484499->158857685964
158857835814: system.l3cache.prefetcher: XPT_UPDATE: page=0x96000 idx=255 enabled=1 missCnt=32 lastAccess=158857685964->158857835814
158857985664: system.l3cache.prefetcher: XPT_UPDATE: page=0x96000 idx=255 enabled=1 missCnt=32 lastAccess=158857835814->158857985664
160399553220: system.l3cache.prefetcher:   [EVICT] idx=104 page=0x96000 enabled=1 missCnt=32 lastAccess=158857985664
160568429841: system.l3cache.prefetcher: === XPTGuard === page=0x96000 asid=0 core=6 c=256/n=256 P=1.000 r=0.196 trig=YES vGLO=1
160568429841: system.l3cache.prefetcher: XPTGuard: page=0x96000 c=256 n=256 P=1.000 r=0.196 trig=1
160568429841: system.l3cache.prefetcher:   [INSERT] page=0x96000 -> table size: 256/256
160608054177: system.l3cache.prefetcher:   [EVICT] idx=119 page=0x96000 enabled=0 missCnt=0 lastAccess=160568429841
160773755643: system.l3cache.prefetcher: === XPTGuard === page=0x96000 asid=0 core=6 c=256/n=256 P=1.000 r=0.744 trig=YES vGLO=1
160773755643: system.l3cache.prefetcher: XPTGuard: page=0x96000 c=256 n=256 P=1.000 r=0.744 trig=1
160773755643: system.l3cache.prefetcher:   [INSERT] page=0x96000 -> table size: 256/256
160773957108: system.l3cache.prefetcher: XPT_UPDATE: page=0x96000 idx=255 enabled=0 missCnt=0 lastAccess=160773755643->160773957108
160774133598: system.l3cache.prefetcher: XPT_UPDATE: page=0x96000 idx=255 enabled=0 missCnt=1 lastAccess=160773957108->160774133598
160774310088: system.l3cache.prefetcher: XPT_UPDATE: page=0x96000 idx=255 enabled=0 missCnt=2 lastAccess=160774133598->160774310088
160774486578: system.l3cache.prefetcher: XPT_UPDATE: page=0x96000 idx=255 enabled=0 missCnt=3 lastAccess=160774310088->160774486578
160774663068: system.l3cache.prefetcher: XPT_UPDATE: page=0x96000 idx=255 enabled=0 missCnt=4 lastAccess=160774486578->160774663068
160774839558: system.l3cache.prefetcher: XPT_UPDATE: page=0x96000 idx=255 enabled=0 missCnt=5 lastAccess=160774663068->160774839558
160775016048: system.l3cache.prefetcher: XPT_UPDATE: page=0x96000 idx=255 enabled=0 missCnt=6 lastAccess=160774839558->160775016048
160775192538: system.l3cache.prefetcher: XPT_UPDATE: page=0x96000 idx=255 enabled=0 missCnt=7 lastAccess=160775016048->160775192538
160775369028: system.l3cache.prefetcher: XPT_UPDATE: page=0x96000 idx=255 enabled=0 missCnt=8 lastAccess=160775192538->160775369028
160775545518: system.l3cache.prefetcher: XPT_UPDATE: page=0x96000 idx=255 enabled=0 missCnt=9 lastAccess=160775369028->160775545518
160775722008: system.l3cache.prefetcher: XPT_UPDATE: page=0x96000 idx=255 enabled=0 missCnt=10 lastAccess=160775545518->160775722008
160775898498: system.l3cache.prefetcher: XPT_UPDATE: page=0x96000 idx=255 enabled=0 missCnt=11 lastAccess=160775722008->160775898498
160776074988: system.l3cache.prefetcher: XPT_UPDATE: page=0x96000 idx=255 enabled=0 missCnt=12 lastAccess=160775898498->160776074988
160776251478: system.l3cache.prefetcher: XPT_UPDATE: page=0x96000 idx=255 enabled=0 missCnt=13 lastAccess=160776074988->160776251478
160776427968: system.l3cache.prefetcher: XPT_UPDATE: page=0x96000 idx=255 enabled=0 missCnt=14 lastAccess=160776251478->160776427968
160776604458: system.l3cache.prefetcher: XPT_UPDATE: page=0x96000 idx=255 enabled=0 missCnt=15 lastAccess=160776427968->160776604458
160776805923: system.l3cache.prefetcher: XPT_UPDATE: page=0x96000 idx=255 enabled=0 missCnt=16 lastAccess=160776604458->160776805923
160776982413: system.l3cache.prefetcher: XPT_UPDATE: page=0x96000 idx=255 enabled=0 missCnt=17 lastAccess=160776805923->160776982413
160777158903: system.l3cache.prefetcher: XPT_UPDATE: page=0x96000 idx=255 enabled=0 missCnt=18 lastAccess=160776982413->160777158903
160777335393: system.l3cache.prefetcher: XPT_UPDATE: page=0x96000 idx=255 enabled=0 missCnt=19 lastAccess=160777158903->160777335393
160777511883: system.l3cache.prefetcher: XPT_UPDATE: page=0x96000 idx=255 enabled=0 missCnt=20 lastAccess=160777335393->160777511883
160777688373: system.l3cache.prefetcher: XPT_UPDATE: page=0x96000 idx=255 enabled=0 missCnt=21 lastAccess=160777511883->160777688373
160777864863: system.l3cache.prefetcher: XPT_UPDATE: page=0x96000 idx=255 enabled=0 missCnt=22 lastAccess=160777688373->160777864863
160778041353: system.l3cache.prefetcher: XPT_UPDATE: page=0x96000 idx=255 enabled=0 missCnt=23 lastAccess=160777864863->160778041353
160778217843: system.l3cache.prefetcher: XPT_UPDATE: page=0x96000 idx=255 enabled=0 missCnt=24 lastAccess=160778041353->160778217843
160778394333: system.l3cache.prefetcher: XPT_UPDATE: page=0x96000 idx=255 enabled=0 missCnt=25 lastAccess=160778217843->160778394333
160778570823: system.l3cache.prefetcher: XPT_UPDATE: page=0x96000 idx=255 enabled=0 missCnt=26 lastAccess=160778394333->160778570823
160778747313: system.l3cache.prefetcher: XPT_UPDATE: page=0x96000 idx=255 enabled=0 missCnt=27 lastAccess=160778570823->160778747313
160778923803: system.l3cache.prefetcher: XPT_UPDATE: page=0x96000 idx=255 enabled=0 missCnt=28 lastAccess=160778747313->160778923803
160779100293: system.l3cache.prefetcher: XPT_UPDATE: page=0x96000 idx=255 enabled=0 missCnt=29 lastAccess=160778923803->160779100293
160779276783: system.l3cache.prefetcher: XPT_UPDATE: page=0x96000 idx=255 enabled=0 missCnt=30 lastAccess=160779100293->160779276783
160779747645: system.l3cache.prefetcher: XPT_UPDATE: page=0x96000 idx=255 enabled=0 missCnt=31 lastAccess=160779276783->160779747645
160779924135: system.l3cache.prefetcher: XPT_UPDATE: page=0x96000 idx=255 enabled=1 missCnt=32 lastAccess=160779747645->160779924135
160780073985: system.l3cache.prefetcher: XPT_UPDATE: page=0x96000 idx=255 enabled=1 missCnt=32 lastAccess=160779924135->160780073985
160780223835: system.l3cache.prefetcher: XPT_UPDATE: page=0x96000 idx=255 enabled=1 missCnt=32 lastAccess=160780073985->160780223835
160961672538: system.l3cache.prefetcher:   [EVICT] idx=231 page=0x96000 enabled=1 missCnt=32 lastAccess=160780223835
162494227449: system.l3cache.prefetcher: === XPTGuard === page=0x96000 asid=0 core=6 c=256/n=256 P=1.000 r=0.136 trig=YES vGLO=1
162494227449: system.l3cache.prefetcher: XPTGuard: page=0x96000 c=256 n=256 P=1.000 r=0.136 trig=1
162494227449: system.l3cache.prefetcher:   [INSERT] page=0x96000 -> table size: 256/256
162574948647: system.l3cache.prefetcher:   [EVICT] idx=54 page=0x96000 enabled=0 missCnt=0 lastAccess=162494227449
162700617186: system.l3cache.prefetcher: === XPTGuard === page=0x96000 asid=0 core=6 c=256/n=256 P=1.000 r=0.508 trig=YES vGLO=1
162700617186: system.l3cache.prefetcher: XPTGuard: page=0x96000 c=256 n=256 P=1.000 r=0.508 trig=1
162700617186: system.l3cache.prefetcher:   [INSERT] page=0x96000 -> table size: 256/256
162700818651: system.l3cache.prefetcher: XPT_UPDATE: page=0x96000 idx=255 enabled=0 missCnt=0 lastAccess=162700617186->162700818651
162700995141: system.l3cache.prefetcher: XPT_UPDATE: page=0x96000 idx=255 enabled=0 missCnt=1 lastAccess=162700818651->162700995141
162701171631: system.l3cache.prefetcher: XPT_UPDATE: page=0x96000 idx=255 enabled=0 missCnt=2 lastAccess=162700995141->162701171631
162701348121: system.l3cache.prefetcher: XPT_UPDATE: page=0x96000 idx=255 enabled=0 missCnt=3 lastAccess=162701171631->162701348121
162701524611: system.l3cache.prefetcher: XPT_UPDATE: page=0x96000 idx=255 enabled=0 missCnt=4 lastAccess=162701348121->162701524611
162701701101: system.l3cache.prefetcher: XPT_UPDATE: page=0x96000 idx=255 enabled=0 missCnt=5 lastAccess=162701524611->162701701101
162701877591: system.l3cache.prefetcher: XPT_UPDATE: page=0x96000 idx=255 enabled=0 missCnt=6 lastAccess=162701701101->162701877591
162702054081: system.l3cache.prefetcher: XPT_UPDATE: page=0x96000 idx=255 enabled=0 missCnt=7 lastAccess=162701877591->162702054081
162702230571: system.l3cache.prefetcher: XPT_UPDATE: page=0x96000 idx=255 enabled=0 missCnt=8 lastAccess=162702054081->162702230571
162702407061: system.l3cache.prefetcher: XPT_UPDATE: page=0x96000 idx=255 enabled=0 missCnt=9 lastAccess=162702230571->162702407061
162702583551: system.l3cache.prefetcher: XPT_UPDATE: page=0x96000 idx=255 enabled=0 missCnt=10 lastAccess=162702407061->162702583551
162702760041: system.l3cache.prefetcher: XPT_UPDATE: page=0x96000 idx=255 enabled=0 missCnt=11 lastAccess=162702583551->162702760041
162702936531: system.l3cache.prefetcher: XPT_UPDATE: page=0x96000 idx=255 enabled=0 missCnt=12 lastAccess=162702760041->162702936531
162703113021: system.l3cache.prefetcher: XPT_UPDATE: page=0x96000 idx=255 enabled=0 missCnt=13 lastAccess=162702936531->162703113021
162703289511: system.l3cache.prefetcher: XPT_UPDATE: page=0x96000 idx=255 enabled=0 missCnt=14 lastAccess=162703113021->162703289511
162703466001: system.l3cache.prefetcher: XPT_UPDATE: page=0x96000 idx=255 enabled=0 missCnt=15 lastAccess=162703289511->162703466001
162703667466: system.l3cache.prefetcher: XPT_UPDATE: page=0x96000 idx=255 enabled=0 missCnt=16 lastAccess=162703466001->162703667466
162703843956: system.l3cache.prefetcher: XPT_UPDATE: page=0x96000 idx=255 enabled=0 missCnt=17 lastAccess=162703667466->162703843956
162704020446: system.l3cache.prefetcher: XPT_UPDATE: page=0x96000 idx=255 enabled=0 missCnt=18 lastAccess=162703843956->162704020446
162704196936: system.l3cache.prefetcher: XPT_UPDATE: page=0x96000 idx=255 enabled=0 missCnt=19 lastAccess=162704020446->162704196936
162704373426: system.l3cache.prefetcher: XPT_UPDATE: page=0x96000 idx=255 enabled=0 missCnt=20 lastAccess=162704196936->162704373426
162704549916: system.l3cache.prefetcher: XPT_UPDATE: page=0x96000 idx=255 enabled=0 missCnt=21 lastAccess=162704373426->162704549916
162704726406: system.l3cache.prefetcher: XPT_UPDATE: page=0x96000 idx=255 enabled=0 missCnt=22 lastAccess=162704549916->162704726406
162704902896: system.l3cache.prefetcher: XPT_UPDATE: page=0x96000 idx=255 enabled=0 missCnt=23 lastAccess=162704726406->162704902896
162705079386: system.l3cache.prefetcher: XPT_UPDATE: page=0x96000 idx=255 enabled=0 missCnt=24 lastAccess=162704902896->162705079386
162705255876: system.l3cache.prefetcher: XPT_UPDATE: page=0x96000 idx=255 enabled=0 missCnt=25 lastAccess=162705079386->162705255876
162705432366: system.l3cache.prefetcher: XPT_UPDATE: page=0x96000 idx=255 enabled=0 missCnt=26 lastAccess=162705255876->162705432366
162705608856: system.l3cache.prefetcher: XPT_UPDATE: page=0x96000 idx=255 enabled=0 missCnt=27 lastAccess=162705432366->162705608856
162705785346: system.l3cache.prefetcher: XPT_UPDATE: page=0x96000 idx=255 enabled=0 missCnt=28 lastAccess=162705608856->162705785346
162705961836: system.l3cache.prefetcher: XPT_UPDATE: page=0x96000 idx=255 enabled=0 missCnt=29 lastAccess=162705785346->162705961836
162706138326: system.l3cache.prefetcher: XPT_UPDATE: page=0x96000 idx=255 enabled=0 missCnt=30 lastAccess=162705961836->162706138326
162706314816: system.l3cache.prefetcher: XPT_UPDATE: page=0x96000 idx=255 enabled=0 missCnt=31 lastAccess=162706138326->162706314816
162706516281: system.l3cache.prefetcher: XPT_UPDATE: page=0x96000 idx=255 enabled=1 missCnt=32 lastAccess=162706314816->162706516281
162706666131: system.l3cache.prefetcher: XPT_UPDATE: page=0x96000 idx=255 enabled=1 missCnt=32 lastAccess=162706516281->162706666131
162706815981: system.l3cache.prefetcher: XPT_UPDATE: page=0x96000 idx=255 enabled=1 missCnt=32 lastAccess=162706666131->162706815981
163056349431: system.l3cache.prefetcher:   [EVICT] idx=207 page=0x96000 enabled=1 missCnt=32 lastAccess=162706815981
164421193221: system.l3cache.prefetcher: === XPTGuard === page=0x96000 asid=0 core=6 c=256/n=256 P=1.000 r=0.601 trig=YES vGLO=1
164421193221: system.l3cache.prefetcher: XPTGuard: page=0x96000 c=256 n=256 P=1.000 r=0.601 trig=1
164421193221: system.l3cache.prefetcher:   [INSERT] page=0x96000 -> table size: 256/256
164506678317: system.l3cache.prefetcher:   [EVICT] idx=41 page=0x96000 enabled=0 missCnt=0 lastAccess=164421193221
164626239969: system.l3cache.prefetcher: === XPTGuard === page=0x96000 asid=0 core=6 c=256/n=256 P=1.000 r=0.756 trig=YES vGLO=1
164626239969: system.l3cache.prefetcher: XPTGuard: page=0x96000 c=256 n=256 P=1.000 r=0.756 trig=1
164626239969: system.l3cache.prefetcher:   [INSERT] page=0x96000 -> table size: 256/256
164626466409: system.l3cache.prefetcher: XPT_UPDATE: page=0x96000 idx=255 enabled=0 missCnt=0 lastAccess=164626239969->164626466409
164626642899: system.l3cache.prefetcher: XPT_UPDATE: page=0x96000 idx=255 enabled=0 missCnt=1 lastAccess=164626466409->164626642899
164626819389: system.l3cache.prefetcher: XPT_UPDATE: page=0x96000 idx=255 enabled=0 missCnt=2 lastAccess=164626642899->164626819389
164626995879: system.l3cache.prefetcher: XPT_UPDATE: page=0x96000 idx=255 enabled=0 missCnt=3 lastAccess=164626819389->164626995879
164627172369: system.l3cache.prefetcher: XPT_UPDATE: page=0x96000 idx=255 enabled=0 missCnt=4 lastAccess=164626995879->164627172369
164627348859: system.l3cache.prefetcher: XPT_UPDATE: page=0x96000 idx=255 enabled=0 missCnt=5 lastAccess=164627172369->164627348859
164627525349: system.l3cache.prefetcher: XPT_UPDATE: page=0x96000 idx=255 enabled=0 missCnt=6 lastAccess=164627348859->164627525349
164627701839: system.l3cache.prefetcher: XPT_UPDATE: page=0x96000 idx=255 enabled=0 missCnt=7 lastAccess=164627525349->164627701839
164627878329: system.l3cache.prefetcher: XPT_UPDATE: page=0x96000 idx=255 enabled=0 missCnt=8 lastAccess=164627701839->164627878329
164628372834: system.l3cache.prefetcher: XPT_UPDATE: page=0x96000 idx=255 enabled=0 missCnt=9 lastAccess=164627878329->164628372834
164628549324: system.l3cache.prefetcher: XPT_UPDATE: page=0x96000 idx=255 enabled=0 missCnt=10 lastAccess=164628372834->164628549324
164628725814: system.l3cache.prefetcher: XPT_UPDATE: page=0x96000 idx=255 enabled=0 missCnt=11 lastAccess=164628549324->164628725814
164628902304: system.l3cache.prefetcher: XPT_UPDATE: page=0x96000 idx=255 enabled=0 missCnt=12 lastAccess=164628725814->164628902304
164629078794: system.l3cache.prefetcher: XPT_UPDATE: page=0x96000 idx=255 enabled=0 missCnt=13 lastAccess=164628902304->164629078794
164629255284: system.l3cache.prefetcher: XPT_UPDATE: page=0x96000 idx=255 enabled=0 missCnt=14 lastAccess=164629078794->164629255284
164629431774: system.l3cache.prefetcher: XPT_UPDATE: page=0x96000 idx=255 enabled=0 missCnt=15 lastAccess=164629255284->164629431774
164629608264: system.l3cache.prefetcher: XPT_UPDATE: page=0x96000 idx=255 enabled=0 missCnt=16 lastAccess=164629431774->164629608264
164629784754: system.l3cache.prefetcher: XPT_UPDATE: page=0x96000 idx=255 enabled=0 missCnt=17 lastAccess=164629608264->164629784754
164629961244: system.l3cache.prefetcher: XPT_UPDATE: page=0x96000 idx=255 enabled=0 missCnt=18 lastAccess=164629784754->164629961244
164630137734: system.l3cache.prefetcher: XPT_UPDATE: page=0x96000 idx=255 enabled=0 missCnt=19 lastAccess=164629961244->164630137734
164630314224: system.l3cache.prefetcher: XPT_UPDATE: page=0x96000 idx=255 enabled=0 missCnt=20 lastAccess=164630137734->164630314224
164630490714: system.l3cache.prefetcher: XPT_UPDATE: page=0x96000 idx=255 enabled=0 missCnt=21 lastAccess=164630314224->164630490714
164630667204: system.l3cache.prefetcher: XPT_UPDATE: page=0x96000 idx=255 enabled=0 missCnt=22 lastAccess=164630490714->164630667204
164630843694: system.l3cache.prefetcher: XPT_UPDATE: page=0x96000 idx=255 enabled=0 missCnt=23 lastAccess=164630667204->164630843694
164631020184: system.l3cache.prefetcher: XPT_UPDATE: page=0x96000 idx=255 enabled=0 missCnt=24 lastAccess=164630843694->164631020184
164631221649: system.l3cache.prefetcher: XPT_UPDATE: page=0x96000 idx=255 enabled=0 missCnt=25 lastAccess=164631020184->164631221649
164631398139: system.l3cache.prefetcher: XPT_UPDATE: page=0x96000 idx=255 enabled=0 missCnt=26 lastAccess=164631221649->164631398139
164631574629: system.l3cache.prefetcher: XPT_UPDATE: page=0x96000 idx=255 enabled=0 missCnt=27 lastAccess=164631398139->164631574629
164631751119: system.l3cache.prefetcher: XPT_UPDATE: page=0x96000 idx=255 enabled=0 missCnt=28 lastAccess=164631574629->164631751119
164631927609: system.l3cache.prefetcher: XPT_UPDATE: page=0x96000 idx=255 enabled=0 missCnt=29 lastAccess=164631751119->164631927609
164632104099: system.l3cache.prefetcher: XPT_UPDATE: page=0x96000 idx=255 enabled=0 missCnt=30 lastAccess=164631927609->164632104099
164632280589: system.l3cache.prefetcher: XPT_UPDATE: page=0x96000 idx=255 enabled=0 missCnt=31 lastAccess=164632104099->164632280589
164632457079: system.l3cache.prefetcher: XPT_UPDATE: page=0x96000 idx=255 enabled=1 missCnt=32 lastAccess=164632280589->164632457079
164632606929: system.l3cache.prefetcher: XPT_UPDATE: page=0x96000 idx=255 enabled=1 missCnt=32 lastAccess=164632457079->164632606929
164632756779: system.l3cache.prefetcher: XPT_UPDATE: page=0x96000 idx=255 enabled=1 missCnt=32 lastAccess=164632606929->164632756779
165163705299: system.l3cache.prefetcher:   [EVICT] idx=186 page=0x96000 enabled=1 missCnt=32 lastAccess=164632756779
166346669484: system.l3cache.prefetcher: === XPTGuard === page=0x96000 asid=0 core=6 c=256/n=256 P=1.000 r=0.574 trig=YES vGLO=1
166346669484: system.l3cache.prefetcher: XPTGuard: page=0x96000 c=256 n=256 P=1.000 r=0.574 trig=1
166346669484: system.l3cache.prefetcher:   [INSERT] page=0x96000 -> table size: 256/256
166425740001: system.l3cache.prefetcher:   [EVICT] idx=58 page=0x96000 enabled=0 missCnt=0 lastAccess=166346669484
166551738543: system.l3cache.prefetcher: === XPTGuard === page=0x96000 asid=0 core=6 c=256/n=256 P=1.000 r=0.547 trig=YES vGLO=1
166551738543: system.l3cache.prefetcher: XPTGuard: page=0x96000 c=256 n=256 P=1.000 r=0.547 trig=1
166551738543: system.l3cache.prefetcher:   [INSERT] page=0x96000 -> table size: 256/256
166551964983: system.l3cache.prefetcher: XPT_UPDATE: page=0x96000 idx=255 enabled=0 missCnt=0 lastAccess=166551738543->166551964983
166552141473: system.l3cache.prefetcher: XPT_UPDATE: page=0x96000 idx=255 enabled=0 missCnt=1 lastAccess=166551964983->166552141473
166552317963: system.l3cache.prefetcher: XPT_UPDATE: page=0x96000 idx=255 enabled=0 missCnt=2 lastAccess=166552141473->166552317963
166552494453: system.l3cache.prefetcher: XPT_UPDATE: page=0x96000 idx=255 enabled=0 missCnt=3 lastAccess=166552317963->166552494453
166552670943: system.l3cache.prefetcher: XPT_UPDATE: page=0x96000 idx=255 enabled=0 missCnt=4 lastAccess=166552494453->166552670943
166552847433: system.l3cache.prefetcher: XPT_UPDATE: page=0x96000 idx=255 enabled=0 missCnt=5 lastAccess=166552670943->166552847433
166553023923: system.l3cache.prefetcher: XPT_UPDATE: page=0x96000 idx=255 enabled=0 missCnt=6 lastAccess=166552847433->166553023923
166553200413: system.l3cache.prefetcher: XPT_UPDATE: page=0x96000 idx=255 enabled=0 missCnt=7 lastAccess=166553023923->166553200413
166553376903: system.l3cache.prefetcher: XPT_UPDATE: page=0x96000 idx=255 enabled=0 missCnt=8 lastAccess=166553200413->166553376903
166553553393: system.l3cache.prefetcher: XPT_UPDATE: page=0x96000 idx=255 enabled=0 missCnt=9 lastAccess=166553376903->166553553393
166553729883: system.l3cache.prefetcher: XPT_UPDATE: page=0x96000 idx=255 enabled=0 missCnt=10 lastAccess=166553553393->166553729883
166553906373: system.l3cache.prefetcher: XPT_UPDATE: page=0x96000 idx=255 enabled=0 missCnt=11 lastAccess=166553729883->166553906373
166554082863: system.l3cache.prefetcher: XPT_UPDATE: page=0x96000 idx=255 enabled=0 missCnt=12 lastAccess=166553906373->166554082863
166554259353: system.l3cache.prefetcher: XPT_UPDATE: page=0x96000 idx=255 enabled=0 missCnt=13 lastAccess=166554082863->166554259353
166554435843: system.l3cache.prefetcher: XPT_UPDATE: page=0x96000 idx=255 enabled=0 missCnt=14 lastAccess=166554259353->166554435843
166554612333: system.l3cache.prefetcher: XPT_UPDATE: page=0x96000 idx=255 enabled=0 missCnt=15 lastAccess=166554435843->166554612333
166554813798: system.l3cache.prefetcher: XPT_UPDATE: page=0x96000 idx=255 enabled=0 missCnt=16 lastAccess=166554612333->166554813798
166554990288: system.l3cache.prefetcher: XPT_UPDATE: page=0x96000 idx=255 enabled=0 missCnt=17 lastAccess=166554813798->166554990288
166555166778: system.l3cache.prefetcher: XPT_UPDATE: page=0x96000 idx=255 enabled=0 missCnt=18 lastAccess=166554990288->166555166778
166555343268: system.l3cache.prefetcher: XPT_UPDATE: page=0x96000 idx=255 enabled=0 missCnt=19 lastAccess=166555166778->166555343268
166555519758: system.l3cache.prefetcher: XPT_UPDATE: page=0x96000 idx=255 enabled=0 missCnt=20 lastAccess=166555343268->166555519758
166555696248: system.l3cache.prefetcher: XPT_UPDATE: page=0x96000 idx=255 enabled=0 missCnt=21 lastAccess=166555519758->166555696248
166555872738: system.l3cache.prefetcher: XPT_UPDATE: page=0x96000 idx=255 enabled=0 missCnt=22 lastAccess=166555696248->166555872738
166556049228: system.l3cache.prefetcher: XPT_UPDATE: page=0x96000 idx=255 enabled=0 missCnt=23 lastAccess=166555872738->166556049228
166556572704: system.l3cache.prefetcher: XPT_UPDATE: page=0x96000 idx=255 enabled=0 missCnt=24 lastAccess=166556049228->166556572704
166556749194: system.l3cache.prefetcher: XPT_UPDATE: page=0x96000 idx=255 enabled=0 missCnt=25 lastAccess=166556572704->166556749194
166556925684: system.l3cache.prefetcher: XPT_UPDATE: page=0x96000 idx=255 enabled=0 missCnt=26 lastAccess=166556749194->166556925684
166557102174: system.l3cache.prefetcher: XPT_UPDATE: page=0x96000 idx=255 enabled=0 missCnt=27 lastAccess=166556925684->166557102174
166557278664: system.l3cache.prefetcher: XPT_UPDATE: page=0x96000 idx=255 enabled=0 missCnt=28 lastAccess=166557102174->166557278664
166557455154: system.l3cache.prefetcher: XPT_UPDATE: page=0x96000 idx=255 enabled=0 missCnt=29 lastAccess=166557278664->166557455154
166557631644: system.l3cache.prefetcher: XPT_UPDATE: page=0x96000 idx=255 enabled=0 missCnt=30 lastAccess=166557455154->166557631644
166557808134: system.l3cache.prefetcher: XPT_UPDATE: page=0x96000 idx=255 enabled=0 missCnt=31 lastAccess=166557631644->166557808134
166557984624: system.l3cache.prefetcher: XPT_UPDATE: page=0x96000 idx=255 enabled=1 missCnt=32 lastAccess=166557808134->166557984624
166558134474: system.l3cache.prefetcher: XPT_UPDATE: page=0x96000 idx=255 enabled=1 missCnt=32 lastAccess=166557984624->166558134474
166558284324: system.l3cache.prefetcher: XPT_UPDATE: page=0x96000 idx=255 enabled=1 missCnt=32 lastAccess=166558134474->166558284324
167746451967: system.l3cache.prefetcher:   [EVICT] idx=128 page=0x96000 enabled=1 missCnt=32 lastAccess=166558284324
168270076485: system.l3cache.prefetcher: === XPTGuard === page=0x96000 asid=0 core=6 c=256/n=256 P=1.000 r=0.053 trig=YES vGLO=1
168270076485: system.l3cache.prefetcher: XPTGuard: page=0x96000 c=256 n=256 P=1.000 r=0.053 trig=1
168270076485: system.l3cache.prefetcher:   [INSERT] page=0x96000 -> table size: 256/256
168357619188: system.l3cache.prefetcher:   [EVICT] idx=37 page=0x96000 enabled=0 missCnt=0 lastAccess=168270076485
168475070619: system.l3cache.prefetcher: === XPTGuard === page=0x96000 asid=0 core=6 c=256/n=256 P=1.000 r=0.194 trig=YES vGLO=1
168475070619: system.l3cache.prefetcher: XPTGuard: page=0x96000 c=256 n=256 P=1.000 r=0.194 trig=1
168475070619: system.l3cache.prefetcher:   [INSERT] page=0x96000 -> table size: 256/256
168475297059: system.l3cache.prefetcher: XPT_UPDATE: page=0x96000 idx=255 enabled=0 missCnt=0 lastAccess=168475070619->168475297059
168475473549: system.l3cache.prefetcher: XPT_UPDATE: page=0x96000 idx=255 enabled=0 missCnt=1 lastAccess=168475297059->168475473549
168475650039: system.l3cache.prefetcher: XPT_UPDATE: page=0x96000 idx=255 enabled=0 missCnt=2 lastAccess=168475473549->168475650039
168475826529: system.l3cache.prefetcher: XPT_UPDATE: page=0x96000 idx=255 enabled=0 missCnt=3 lastAccess=168475650039->168475826529
168476003019: system.l3cache.prefetcher: XPT_UPDATE: page=0x96000 idx=255 enabled=0 missCnt=4 lastAccess=168475826529->168476003019
168476179509: system.l3cache.prefetcher: XPT_UPDATE: page=0x96000 idx=255 enabled=0 missCnt=5 lastAccess=168476003019->168476179509
168476355999: system.l3cache.prefetcher: XPT_UPDATE: page=0x96000 idx=255 enabled=0 missCnt=6 lastAccess=168476179509->168476355999
168476532489: system.l3cache.prefetcher: XPT_UPDATE: page=0x96000 idx=255 enabled=0 missCnt=7 lastAccess=168476355999->168476532489
168476997690: system.l3cache.prefetcher: XPT_UPDATE: page=0x96000 idx=255 enabled=0 missCnt=8 lastAccess=168476532489->168476997690
168477174180: system.l3cache.prefetcher: XPT_UPDATE: page=0x96000 idx=255 enabled=0 missCnt=9 lastAccess=168476997690->168477174180
168477350670: system.l3cache.prefetcher: XPT_UPDATE: page=0x96000 idx=255 enabled=0 missCnt=10 lastAccess=168477174180->168477350670
168477527160: system.l3cache.prefetcher: XPT_UPDATE: page=0x96000 idx=255 enabled=0 missCnt=11 lastAccess=168477350670->168477527160
168477703650: system.l3cache.prefetcher: XPT_UPDATE: page=0x96000 idx=255 enabled=0 missCnt=12 lastAccess=168477527160->168477703650
168477880140: system.l3cache.prefetcher: XPT_UPDATE: page=0x96000 idx=255 enabled=0 missCnt=13 lastAccess=168477703650->168477880140
168478056630: system.l3cache.prefetcher: XPT_UPDATE: page=0x96000 idx=255 enabled=0 missCnt=14 lastAccess=168477880140->168478056630
168478233120: system.l3cache.prefetcher: XPT_UPDATE: page=0x96000 idx=255 enabled=0 missCnt=15 lastAccess=168478056630->168478233120
168478409610: system.l3cache.prefetcher: XPT_UPDATE: page=0x96000 idx=255 enabled=0 missCnt=16 lastAccess=168478233120->168478409610
168478586100: system.l3cache.prefetcher: XPT_UPDATE: page=0x96000 idx=255 enabled=0 missCnt=17 lastAccess=168478409610->168478586100
168478762590: system.l3cache.prefetcher: XPT_UPDATE: page=0x96000 idx=255 enabled=0 missCnt=18 lastAccess=168478586100->168478762590
168478939080: system.l3cache.prefetcher: XPT_UPDATE: page=0x96000 idx=255 enabled=0 missCnt=19 lastAccess=168478762590->168478939080
168479115570: system.l3cache.prefetcher: XPT_UPDATE: page=0x96000 idx=255 enabled=0 missCnt=20 lastAccess=168478939080->168479115570
168479292060: system.l3cache.prefetcher: XPT_UPDATE: page=0x96000 idx=255 enabled=0 missCnt=21 lastAccess=168479115570->168479292060
168479468550: system.l3cache.prefetcher: XPT_UPDATE: page=0x96000 idx=255 enabled=0 missCnt=22 lastAccess=168479292060->168479468550
168479645040: system.l3cache.prefetcher: XPT_UPDATE: page=0x96000 idx=255 enabled=0 missCnt=23 lastAccess=168479468550->168479645040
168479846505: system.l3cache.prefetcher: XPT_UPDATE: page=0x96000 idx=255 enabled=0 missCnt=24 lastAccess=168479645040->168479846505
168480022995: system.l3cache.prefetcher: XPT_UPDATE: page=0x96000 idx=255 enabled=0 missCnt=25 lastAccess=168479846505->168480022995
168480199485: system.l3cache.prefetcher: XPT_UPDATE: page=0x96000 idx=255 enabled=0 missCnt=26 lastAccess=168480022995->168480199485
168480375975: system.l3cache.prefetcher: XPT_UPDATE: page=0x96000 idx=255 enabled=0 missCnt=27 lastAccess=168480199485->168480375975
168480552465: system.l3cache.prefetcher: XPT_UPDATE: page=0x96000 idx=255 enabled=0 missCnt=28 lastAccess=168480375975->168480552465
168480728955: system.l3cache.prefetcher: XPT_UPDATE: page=0x96000 idx=255 enabled=0 missCnt=29 lastAccess=168480552465->168480728955
168480905445: system.l3cache.prefetcher: XPT_UPDATE: page=0x96000 idx=255 enabled=0 missCnt=30 lastAccess=168480728955->168480905445
168481081935: system.l3cache.prefetcher: XPT_UPDATE: page=0x96000 idx=255 enabled=0 missCnt=31 lastAccess=168480905445->168481081935
168481258425: system.l3cache.prefetcher: XPT_UPDATE: page=0x96000 idx=255 enabled=1 missCnt=32 lastAccess=168481081935->168481258425
168481408275: system.l3cache.prefetcher: XPT_UPDATE: page=0x96000 idx=255 enabled=1 missCnt=32 lastAccess=168481258425->168481408275
168481558125: system.l3cache.prefetcher: XPT_UPDATE: page=0x96000 idx=255 enabled=1 missCnt=32 lastAccess=168481408275->168481558125
170033131332: system.l3cache.prefetcher:   [EVICT] idx=103 page=0x96000 enabled=1 missCnt=32 lastAccess=168481558125
170197178121: system.l3cache.prefetcher: === XPTGuard === page=0x96000 asid=0 core=6 c=256/n=256 P=1.000 r=0.152 trig=YES vGLO=1
170197178121: system.l3cache.prefetcher: XPTGuard: page=0x96000 c=256 n=256 P=1.000 r=0.152 trig=1
170197178121: system.l3cache.prefetcher:   [INSERT] page=0x96000 -> table size: 256/256
170216821458: system.l3cache.prefetcher:   [EVICT] idx=177 page=0x96000 enabled=0 missCnt=0 lastAccess=170197178121
170402112648: system.l3cache.prefetcher: === XPTGuard === page=0x96000 asid=0 core=6 c=256/n=256 P=1.000 r=0.132 trig=YES vGLO=1
170402112648: system.l3cache.prefetcher: XPTGuard: page=0x96000 c=256 n=256 P=1.000 r=0.132 trig=1
170402112648: system.l3cache.prefetcher:   [INSERT] page=0x96000 -> table size: 256/256
170402339088: system.l3cache.prefetcher: XPT_UPDATE: page=0x96000 idx=255 enabled=0 missCnt=0 lastAccess=170402112648->170402339088
170402515578: system.l3cache.prefetcher: XPT_UPDATE: page=0x96000 idx=255 enabled=0 missCnt=1 lastAccess=170402339088->170402515578
170402692068: system.l3cache.prefetcher: XPT_UPDATE: page=0x96000 idx=255 enabled=0 missCnt=2 lastAccess=170402515578->170402692068
170402868558: system.l3cache.prefetcher: XPT_UPDATE: page=0x96000 idx=255 enabled=0 missCnt=3 lastAccess=170402692068->170402868558
170403045048: system.l3cache.prefetcher: XPT_UPDATE: page=0x96000 idx=255 enabled=0 missCnt=4 lastAccess=170402868558->170403045048
170403221538: system.l3cache.prefetcher: XPT_UPDATE: page=0x96000 idx=255 enabled=0 missCnt=5 lastAccess=170403045048->170403221538
170403398028: system.l3cache.prefetcher: XPT_UPDATE: page=0x96000 idx=255 enabled=0 missCnt=6 lastAccess=170403221538->170403398028
170403574518: system.l3cache.prefetcher: XPT_UPDATE: page=0x96000 idx=255 enabled=0 missCnt=7 lastAccess=170403398028->170403574518
170403751008: system.l3cache.prefetcher: XPT_UPDATE: page=0x96000 idx=255 enabled=0 missCnt=8 lastAccess=170403574518->170403751008
170403927498: system.l3cache.prefetcher: XPT_UPDATE: page=0x96000 idx=255 enabled=0 missCnt=9 lastAccess=170403751008->170403927498
170404103988: system.l3cache.prefetcher: XPT_UPDATE: page=0x96000 idx=255 enabled=0 missCnt=10 lastAccess=170403927498->170404103988
170404280478: system.l3cache.prefetcher: XPT_UPDATE: page=0x96000 idx=255 enabled=0 missCnt=11 lastAccess=170404103988->170404280478
170404456968: system.l3cache.prefetcher: XPT_UPDATE: page=0x96000 idx=255 enabled=0 missCnt=12 lastAccess=170404280478->170404456968
170404633458: system.l3cache.prefetcher: XPT_UPDATE: page=0x96000 idx=255 enabled=0 missCnt=13 lastAccess=170404456968->170404633458
170405197893: system.l3cache.prefetcher: XPT_UPDATE: page=0x96000 idx=255 enabled=0 missCnt=14 lastAccess=170404633458->170405197893
170405374383: system.l3cache.prefetcher: XPT_UPDATE: page=0x96000 idx=255 enabled=0 missCnt=15 lastAccess=170405197893->170405374383
170405550873: system.l3cache.prefetcher: XPT_UPDATE: page=0x96000 idx=255 enabled=0 missCnt=16 lastAccess=170405374383->170405550873
170405727363: system.l3cache.prefetcher: XPT_UPDATE: page=0x96000 idx=255 enabled=0 missCnt=17 lastAccess=170405550873->170405727363
170405903853: system.l3cache.prefetcher: XPT_UPDATE: page=0x96000 idx=255 enabled=0 missCnt=18 lastAccess=170405727363->170405903853
170406080343: system.l3cache.prefetcher: XPT_UPDATE: page=0x96000 idx=255 enabled=0 missCnt=19 lastAccess=170405903853->170406080343
170406256833: system.l3cache.prefetcher: XPT_UPDATE: page=0x96000 idx=255 enabled=0 missCnt=20 lastAccess=170406080343->170406256833
170406433323: system.l3cache.prefetcher: XPT_UPDATE: page=0x96000 idx=255 enabled=0 missCnt=21 lastAccess=170406256833->170406433323
170406609813: system.l3cache.prefetcher: XPT_UPDATE: page=0x96000 idx=255 enabled=0 missCnt=22 lastAccess=170406433323->170406609813
170406786303: system.l3cache.prefetcher: XPT_UPDATE: page=0x96000 idx=255 enabled=0 missCnt=23 lastAccess=170406609813->170406786303
170406962793: system.l3cache.prefetcher: XPT_UPDATE: page=0x96000 idx=255 enabled=0 missCnt=24 lastAccess=170406786303->170406962793
170407139283: system.l3cache.prefetcher: XPT_UPDATE: page=0x96000 idx=255 enabled=0 missCnt=25 lastAccess=170406962793->170407139283
170407315773: system.l3cache.prefetcher: XPT_UPDATE: page=0x96000 idx=255 enabled=0 missCnt=26 lastAccess=170407139283->170407315773
170407492263: system.l3cache.prefetcher: XPT_UPDATE: page=0x96000 idx=255 enabled=0 missCnt=27 lastAccess=170407315773->170407492263
170407668753: system.l3cache.prefetcher: XPT_UPDATE: page=0x96000 idx=255 enabled=0 missCnt=28 lastAccess=170407492263->170407668753
170407845243: system.l3cache.prefetcher: XPT_UPDATE: page=0x96000 idx=255 enabled=0 missCnt=29 lastAccess=170407668753->170407845243
170408046708: system.l3cache.prefetcher: XPT_UPDATE: page=0x96000 idx=255 enabled=0 missCnt=30 lastAccess=170407845243->170408046708
170408223198: system.l3cache.prefetcher: XPT_UPDATE: page=0x96000 idx=255 enabled=0 missCnt=31 lastAccess=170408046708->170408223198
170408399688: system.l3cache.prefetcher: XPT_UPDATE: page=0x96000 idx=255 enabled=1 missCnt=32 lastAccess=170408223198->170408399688
170408549538: system.l3cache.prefetcher: XPT_UPDATE: page=0x96000 idx=255 enabled=1 missCnt=32 lastAccess=170408399688->170408549538
170408699388: system.l3cache.prefetcher: XPT_UPDATE: page=0x96000 idx=255 enabled=1 missCnt=32 lastAccess=170408549538->170408699388
172124492544: system.l3cache.prefetcher: XPT_UPDATE: page=0x96000 idx=92 enabled=1 missCnt=32 lastAccess=170408699388->172124492544
172202975982: system.l3cache.prefetcher:   [EVICT] idx=19 page=0x96000 enabled=1 missCnt=32 lastAccess=172124492544
172329540957: system.l3cache.prefetcher: === XPTGuard === page=0x96000 asid=0 core=6 c=256/n=256 P=1.000 r=0.314 trig=YES vGLO=1
172329540957: system.l3cache.prefetcher: XPTGuard: page=0x96000 c=256 n=256 P=1.000 r=0.314 trig=1
172329540957: system.l3cache.prefetcher:   [INSERT] page=0x96000 -> table size: 256/256
172329767397: system.l3cache.prefetcher: XPT_UPDATE: page=0x96000 idx=255 enabled=0 missCnt=0 lastAccess=172329540957->172329767397
172329943887: system.l3cache.prefetcher: XPT_UPDATE: page=0x96000 idx=255 enabled=0 missCnt=1 lastAccess=172329767397->172329943887
172330120377: system.l3cache.prefetcher: XPT_UPDATE: page=0x96000 idx=255 enabled=0 missCnt=2 lastAccess=172329943887->172330120377
172330296867: system.l3cache.prefetcher: XPT_UPDATE: page=0x96000 idx=255 enabled=0 missCnt=3 lastAccess=172330120377->172330296867
172330473357: system.l3cache.prefetcher: XPT_UPDATE: page=0x96000 idx=255 enabled=0 missCnt=4 lastAccess=172330296867->172330473357
172330649847: system.l3cache.prefetcher: XPT_UPDATE: page=0x96000 idx=255 enabled=0 missCnt=5 lastAccess=172330473357->172330649847
172330826337: system.l3cache.prefetcher: XPT_UPDATE: page=0x96000 idx=255 enabled=0 missCnt=6 lastAccess=172330649847->172330826337
172331002827: system.l3cache.prefetcher: XPT_UPDATE: page=0x96000 idx=255 enabled=0 missCnt=7 lastAccess=172330826337->172331002827
172331179317: system.l3cache.prefetcher: XPT_UPDATE: page=0x96000 idx=255 enabled=0 missCnt=8 lastAccess=172331002827->172331179317
172331355807: system.l3cache.prefetcher: XPT_UPDATE: page=0x96000 idx=255 enabled=0 missCnt=9 lastAccess=172331179317->172331355807
172331532297: system.l3cache.prefetcher: XPT_UPDATE: page=0x96000 idx=255 enabled=0 missCnt=10 lastAccess=172331355807->172331532297
172331708787: system.l3cache.prefetcher: XPT_UPDATE: page=0x96000 idx=255 enabled=0 missCnt=11 lastAccess=172331532297->172331708787
172331885277: system.l3cache.prefetcher: XPT_UPDATE: page=0x96000 idx=255 enabled=0 missCnt=12 lastAccess=172331708787->172331885277
172332061767: system.l3cache.prefetcher: XPT_UPDATE: page=0x96000 idx=255 enabled=0 missCnt=13 lastAccess=172331885277->172332061767
172332238257: system.l3cache.prefetcher: XPT_UPDATE: page=0x96000 idx=255 enabled=0 missCnt=14 lastAccess=172332061767->172332238257
172332414747: system.l3cache.prefetcher: XPT_UPDATE: page=0x96000 idx=255 enabled=0 missCnt=15 lastAccess=172332238257->172332414747
172332616212: system.l3cache.prefetcher: XPT_UPDATE: page=0x96000 idx=255 enabled=0 missCnt=16 lastAccess=172332414747->172332616212
172332792702: system.l3cache.prefetcher: XPT_UPDATE: page=0x96000 idx=255 enabled=0 missCnt=17 lastAccess=172332616212->172332792702
172332969192: system.l3cache.prefetcher: XPT_UPDATE: page=0x96000 idx=255 enabled=0 missCnt=18 lastAccess=172332792702->172332969192
172333397763: system.l3cache.prefetcher: XPT_UPDATE: page=0x96000 idx=255 enabled=0 missCnt=19 lastAccess=172332969192->172333397763
172333574253: system.l3cache.prefetcher: XPT_UPDATE: page=0x96000 idx=255 enabled=0 missCnt=20 lastAccess=172333397763->172333574253
172333750743: system.l3cache.prefetcher: XPT_UPDATE: page=0x96000 idx=255 enabled=0 missCnt=21 lastAccess=172333574253->172333750743
172333927233: system.l3cache.prefetcher: XPT_UPDATE: page=0x96000 idx=255 enabled=0 missCnt=22 lastAccess=172333750743->172333927233
172334103723: system.l3cache.prefetcher: XPT_UPDATE: page=0x96000 idx=255 enabled=0 missCnt=23 lastAccess=172333927233->172334103723
172334280213: system.l3cache.prefetcher: XPT_UPDATE: page=0x96000 idx=255 enabled=0 missCnt=24 lastAccess=172334103723->172334280213
172334456703: system.l3cache.prefetcher: XPT_UPDATE: page=0x96000 idx=255 enabled=0 missCnt=25 lastAccess=172334280213->172334456703
172334633193: system.l3cache.prefetcher: XPT_UPDATE: page=0x96000 idx=255 enabled=0 missCnt=26 lastAccess=172334456703->172334633193
172334809683: system.l3cache.prefetcher: XPT_UPDATE: page=0x96000 idx=255 enabled=0 missCnt=27 lastAccess=172334633193->172334809683
172334986173: system.l3cache.prefetcher: XPT_UPDATE: page=0x96000 idx=255 enabled=0 missCnt=28 lastAccess=172334809683->172334986173
172335162663: system.l3cache.prefetcher: XPT_UPDATE: page=0x96000 idx=255 enabled=0 missCnt=29 lastAccess=172334986173->172335162663
172335339153: system.l3cache.prefetcher: XPT_UPDATE: page=0x96000 idx=255 enabled=0 missCnt=30 lastAccess=172335162663->172335339153
172335515643: system.l3cache.prefetcher: XPT_UPDATE: page=0x96000 idx=255 enabled=0 missCnt=31 lastAccess=172335339153->172335515643
172335692133: system.l3cache.prefetcher: XPT_UPDATE: page=0x96000 idx=255 enabled=1 missCnt=32 lastAccess=172335515643->172335692133
172335841983: system.l3cache.prefetcher: XPT_UPDATE: page=0x96000 idx=255 enabled=1 missCnt=32 lastAccess=172335692133->172335841983
172335991833: system.l3cache.prefetcher: XPT_UPDATE: page=0x96000 idx=255 enabled=1 missCnt=32 lastAccess=172335841983->172335991833
172946480400: system.l3cache.prefetcher:   [EVICT] idx=181 page=0x96000 enabled=1 missCnt=32 lastAccess=172335991833
174050020422: system.l3cache.prefetcher: === XPTGuard === page=0x96000 asid=0 core=6 c=256/n=256 P=1.000 r=0.068 trig=YES vGLO=1
174050020422: system.l3cache.prefetcher: XPTGuard: page=0x96000 c=256 n=256 P=1.000 r=0.068 trig=1
174050020422: system.l3cache.prefetcher:   [INSERT] page=0x96000 -> table size: 256/256
174178778535: system.l3cache.prefetcher:   [EVICT] idx=20 page=0x96000 enabled=0 missCnt=0 lastAccess=174050020422
174255219684: system.l3cache.prefetcher: === XPTGuard === page=0x96000 asid=0 core=6 c=256/n=256 P=1.000 r=0.187 trig=YES vGLO=1
174255219684: system.l3cache.prefetcher: XPTGuard: page=0x96000 c=256 n=256 P=1.000 r=0.187 trig=1
174255219684: system.l3cache.prefetcher:   [INSERT] page=0x96000 -> table size: 256/256
174255421149: system.l3cache.prefetcher: XPT_UPDATE: page=0x96000 idx=255 enabled=0 missCnt=0 lastAccess=174255219684->174255421149
174255597639: system.l3cache.prefetcher: XPT_UPDATE: page=0x96000 idx=255 enabled=0 missCnt=1 lastAccess=174255421149->174255597639
174255774129: system.l3cache.prefetcher: XPT_UPDATE: page=0x96000 idx=255 enabled=0 missCnt=2 lastAccess=174255597639->174255774129
174255950619: system.l3cache.prefetcher: XPT_UPDATE: page=0x96000 idx=255 enabled=0 missCnt=3 lastAccess=174255774129->174255950619
174256127109: system.l3cache.prefetcher: XPT_UPDATE: page=0x96000 idx=255 enabled=0 missCnt=4 lastAccess=174255950619->174256127109
174256303599: system.l3cache.prefetcher: XPT_UPDATE: page=0x96000 idx=255 enabled=0 missCnt=5 lastAccess=174256127109->174256303599
174256480089: system.l3cache.prefetcher: XPT_UPDATE: page=0x96000 idx=255 enabled=0 missCnt=6 lastAccess=174256303599->174256480089
174256656579: system.l3cache.prefetcher: XPT_UPDATE: page=0x96000 idx=255 enabled=0 missCnt=7 lastAccess=174256480089->174256656579
174256833069: system.l3cache.prefetcher: XPT_UPDATE: page=0x96000 idx=255 enabled=0 missCnt=8 lastAccess=174256656579->174256833069
174257009559: system.l3cache.prefetcher: XPT_UPDATE: page=0x96000 idx=255 enabled=0 missCnt=9 lastAccess=174256833069->174257009559
174257186049: system.l3cache.prefetcher: XPT_UPDATE: page=0x96000 idx=255 enabled=0 missCnt=10 lastAccess=174257009559->174257186049
174257362539: system.l3cache.prefetcher: XPT_UPDATE: page=0x96000 idx=255 enabled=0 missCnt=11 lastAccess=174257186049->174257362539
174257539029: system.l3cache.prefetcher: XPT_UPDATE: page=0x96000 idx=255 enabled=0 missCnt=12 lastAccess=174257362539->174257539029
174257715519: system.l3cache.prefetcher: XPT_UPDATE: page=0x96000 idx=255 enabled=0 missCnt=13 lastAccess=174257539029->174257715519
174257892009: system.l3cache.prefetcher: XPT_UPDATE: page=0x96000 idx=255 enabled=0 missCnt=14 lastAccess=174257715519->174257892009
174258068499: system.l3cache.prefetcher: XPT_UPDATE: page=0x96000 idx=255 enabled=0 missCnt=15 lastAccess=174257892009->174258068499
174258269964: system.l3cache.prefetcher: XPT_UPDATE: page=0x96000 idx=255 enabled=0 missCnt=16 lastAccess=174258068499->174258269964
174258446454: system.l3cache.prefetcher: XPT_UPDATE: page=0x96000 idx=255 enabled=0 missCnt=17 lastAccess=174258269964->174258446454
174258622944: system.l3cache.prefetcher: XPT_UPDATE: page=0x96000 idx=255 enabled=0 missCnt=18 lastAccess=174258446454->174258622944
174258799434: system.l3cache.prefetcher: XPT_UPDATE: page=0x96000 idx=255 enabled=0 missCnt=19 lastAccess=174258622944->174258799434
174258975924: system.l3cache.prefetcher: XPT_UPDATE: page=0x96000 idx=255 enabled=0 missCnt=20 lastAccess=174258799434->174258975924
174259152414: system.l3cache.prefetcher: XPT_UPDATE: page=0x96000 idx=255 enabled=0 missCnt=21 lastAccess=174258975924->174259152414
174259328904: system.l3cache.prefetcher: XPT_UPDATE: page=0x96000 idx=255 enabled=0 missCnt=22 lastAccess=174259152414->174259328904
174259505394: system.l3cache.prefetcher: XPT_UPDATE: page=0x96000 idx=255 enabled=0 missCnt=23 lastAccess=174259328904->174259505394
174259681884: system.l3cache.prefetcher: XPT_UPDATE: page=0x96000 idx=255 enabled=0 missCnt=24 lastAccess=174259505394->174259681884
174259858374: system.l3cache.prefetcher: XPT_UPDATE: page=0x96000 idx=255 enabled=0 missCnt=25 lastAccess=174259681884->174259858374
174260034864: system.l3cache.prefetcher: XPT_UPDATE: page=0x96000 idx=255 enabled=0 missCnt=26 lastAccess=174259858374->174260034864
174260211354: system.l3cache.prefetcher: XPT_UPDATE: page=0x96000 idx=255 enabled=0 missCnt=27 lastAccess=174260034864->174260211354
174260387844: system.l3cache.prefetcher: XPT_UPDATE: page=0x96000 idx=255 enabled=0 missCnt=28 lastAccess=174260211354->174260387844
174260564334: system.l3cache.prefetcher: XPT_UPDATE: page=0x96000 idx=255 enabled=0 missCnt=29 lastAccess=174260387844->174260564334
174260740824: system.l3cache.prefetcher: XPT_UPDATE: page=0x96000 idx=255 enabled=0 missCnt=30 lastAccess=174260564334->174260740824
174260917314: system.l3cache.prefetcher: XPT_UPDATE: page=0x96000 idx=255 enabled=0 missCnt=31 lastAccess=174260740824->174260917314
174261118779: system.l3cache.prefetcher: XPT_UPDATE: page=0x96000 idx=255 enabled=1 missCnt=32 lastAccess=174260917314->174261118779
174261597633: system.l3cache.prefetcher: XPT_UPDATE: page=0x96000 idx=255 enabled=1 missCnt=32 lastAccess=174261118779->174261597633
174261747483: system.l3cache.prefetcher: XPT_UPDATE: page=0x96000 idx=255 enabled=1 missCnt=32 lastAccess=174261597633->174261747483
175100781609: system.l3cache.prefetcher:   [EVICT] idx=163 page=0x96000 enabled=1 missCnt=32 lastAccess=174261747483
175975101414: system.l3cache.prefetcher: === XPTGuard === page=0x96000 asid=0 core=6 c=256/n=256 P=1.000 r=0.058 trig=YES vGLO=1
175975101414: system.l3cache.prefetcher: XPTGuard: page=0x96000 c=256 n=256 P=1.000 r=0.058 trig=1
175975101414: system.l3cache.prefetcher:   [INSERT] page=0x96000 -> table size: 256/256
176022611190: system.l3cache.prefetcher:   [EVICT] idx=97 page=0x96000 enabled=0 missCnt=0 lastAccess=175975101414
176180095548: system.l3cache.prefetcher: === XPTGuard === page=0x96000 asid=0 core=6 c=256/n=256 P=1.000 r=0.518 trig=YES vGLO=1
176180095548: system.l3cache.prefetcher: XPTGuard: page=0x96000 c=256 n=256 P=1.000 r=0.518 trig=1
176180095548: system.l3cache.prefetcher:   [INSERT] page=0x96000 -> table size: 256/256
176180321988: system.l3cache.prefetcher: XPT_UPDATE: page=0x96000 idx=255 enabled=0 missCnt=0 lastAccess=176180095548->176180321988
176180498478: system.l3cache.prefetcher: XPT_UPDATE: page=0x96000 idx=255 enabled=0 missCnt=1 lastAccess=176180321988->176180498478
176180674968: system.l3cache.prefetcher: XPT_UPDATE: page=0x96000 idx=255 enabled=0 missCnt=2 lastAccess=176180498478->176180674968
176180851458: system.l3cache.prefetcher: XPT_UPDATE: page=0x96000 idx=255 enabled=0 missCnt=3 lastAccess=176180674968->176180851458
176181027948: system.l3cache.prefetcher: XPT_UPDATE: page=0x96000 idx=255 enabled=0 missCnt=4 lastAccess=176180851458->176181027948
176181204438: system.l3cache.prefetcher: XPT_UPDATE: page=0x96000 idx=255 enabled=0 missCnt=5 lastAccess=176181027948->176181204438
176181380928: system.l3cache.prefetcher: XPT_UPDATE: page=0x96000 idx=255 enabled=0 missCnt=6 lastAccess=176181204438->176181380928
176181557418: system.l3cache.prefetcher: XPT_UPDATE: page=0x96000 idx=255 enabled=0 missCnt=7 lastAccess=176181380928->176181557418
176182022619: system.l3cache.prefetcher: XPT_UPDATE: page=0x96000 idx=255 enabled=0 missCnt=8 lastAccess=176181557418->176182022619
176182199109: system.l3cache.prefetcher: XPT_UPDATE: page=0x96000 idx=255 enabled=0 missCnt=9 lastAccess=176182022619->176182199109
176182375599: system.l3cache.prefetcher: XPT_UPDATE: page=0x96000 idx=255 enabled=0 missCnt=10 lastAccess=176182199109->176182375599
176182552089: system.l3cache.prefetcher: XPT_UPDATE: page=0x96000 idx=255 enabled=0 missCnt=11 lastAccess=176182375599->176182552089
176182728579: system.l3cache.prefetcher: XPT_UPDATE: page=0x96000 idx=255 enabled=0 missCnt=12 lastAccess=176182552089->176182728579
176182905069: system.l3cache.prefetcher: XPT_UPDATE: page=0x96000 idx=255 enabled=0 missCnt=13 lastAccess=176182728579->176182905069
176183081559: system.l3cache.prefetcher: XPT_UPDATE: page=0x96000 idx=255 enabled=0 missCnt=14 lastAccess=176182905069->176183081559
176183258049: system.l3cache.prefetcher: XPT_UPDATE: page=0x96000 idx=255 enabled=0 missCnt=15 lastAccess=176183081559->176183258049
176183434539: system.l3cache.prefetcher: XPT_UPDATE: page=0x96000 idx=255 enabled=0 missCnt=16 lastAccess=176183258049->176183434539
176183611029: system.l3cache.prefetcher: XPT_UPDATE: page=0x96000 idx=255 enabled=0 missCnt=17 lastAccess=176183434539->176183611029
176183787519: system.l3cache.prefetcher: XPT_UPDATE: page=0x96000 idx=255 enabled=0 missCnt=18 lastAccess=176183611029->176183787519
176183964009: system.l3cache.prefetcher: XPT_UPDATE: page=0x96000 idx=255 enabled=0 missCnt=19 lastAccess=176183787519->176183964009
176184140499: system.l3cache.prefetcher: XPT_UPDATE: page=0x96000 idx=255 enabled=0 missCnt=20 lastAccess=176183964009->176184140499
176184316989: system.l3cache.prefetcher: XPT_UPDATE: page=0x96000 idx=255 enabled=0 missCnt=21 lastAccess=176184140499->176184316989
176184493479: system.l3cache.prefetcher: XPT_UPDATE: page=0x96000 idx=255 enabled=0 missCnt=22 lastAccess=176184316989->176184493479
176184669969: system.l3cache.prefetcher: XPT_UPDATE: page=0x96000 idx=255 enabled=0 missCnt=23 lastAccess=176184493479->176184669969
176184871434: system.l3cache.prefetcher: XPT_UPDATE: page=0x96000 idx=255 enabled=0 missCnt=24 lastAccess=176184669969->176184871434
176185047924: system.l3cache.prefetcher: XPT_UPDATE: page=0x96000 idx=255 enabled=0 missCnt=25 lastAccess=176184871434->176185047924
176185224414: system.l3cache.prefetcher: XPT_UPDATE: page=0x96000 idx=255 enabled=0 missCnt=26 lastAccess=176185047924->176185224414
176185400904: system.l3cache.prefetcher: XPT_UPDATE: page=0x96000 idx=255 enabled=0 missCnt=27 lastAccess=176185224414->176185400904
176185577394: system.l3cache.prefetcher: XPT_UPDATE: page=0x96000 idx=255 enabled=0 missCnt=28 lastAccess=176185400904->176185577394
176185753884: system.l3cache.prefetcher: XPT_UPDATE: page=0x96000 idx=255 enabled=0 missCnt=29 lastAccess=176185577394->176185753884
176185930374: system.l3cache.prefetcher: XPT_UPDATE: page=0x96000 idx=255 enabled=0 missCnt=30 lastAccess=176185753884->176185930374
176186106864: system.l3cache.prefetcher: XPT_UPDATE: page=0x96000 idx=255 enabled=0 missCnt=31 lastAccess=176185930374->176186106864
176186283354: system.l3cache.prefetcher: XPT_UPDATE: page=0x96000 idx=255 enabled=1 missCnt=32 lastAccess=176186106864->176186283354
176186433204: system.l3cache.prefetcher: XPT_UPDATE: page=0x96000 idx=255 enabled=1 missCnt=32 lastAccess=176186283354->176186433204
176186583054: system.l3cache.prefetcher: XPT_UPDATE: page=0x96000 idx=255 enabled=1 missCnt=32 lastAccess=176186433204->176186583054
177300655200: system.l3cache.prefetcher:   [EVICT] idx=129 page=0x96000 enabled=1 missCnt=32 lastAccess=176186583054
177900763158: system.l3cache.prefetcher: === XPTGuard === page=0x96000 asid=0 core=6 c=256/n=256 P=1.000 r=0.775 trig=YES vGLO=1
177900763158: system.l3cache.prefetcher: XPTGuard: page=0x96000 c=256 n=256 P=1.000 r=0.775 trig=1
177900763158: system.l3cache.prefetcher:   [INSERT] page=0x96000 -> table size: 256/256
177904000584: system.l3cache.prefetcher:   [EVICT] idx=248 page=0x96000 enabled=0 missCnt=0 lastAccess=177900763158
178106751630: system.l3cache.prefetcher: === XPTGuard === page=0x96000 asid=0 core=6 c=256/n=256 P=1.000 r=0.375 trig=YES vGLO=1
178106751630: system.l3cache.prefetcher: XPTGuard: page=0x96000 c=256 n=256 P=1.000 r=0.375 trig=1
178106751630: system.l3cache.prefetcher:   [INSERT] page=0x96000 -> table size: 256/256
178106978070: system.l3cache.prefetcher: XPT_UPDATE: page=0x96000 idx=255 enabled=0 missCnt=0 lastAccess=178106751630->178106978070
178107154560: system.l3cache.prefetcher: XPT_UPDATE: page=0x96000 idx=255 enabled=0 missCnt=1 lastAccess=178106978070->178107154560
178107331050: system.l3cache.prefetcher: XPT_UPDATE: page=0x96000 idx=255 enabled=0 missCnt=2 lastAccess=178107154560->178107331050
178107507540: system.l3cache.prefetcher: XPT_UPDATE: page=0x96000 idx=255 enabled=0 missCnt=3 lastAccess=178107331050->178107507540
178107684030: system.l3cache.prefetcher: XPT_UPDATE: page=0x96000 idx=255 enabled=0 missCnt=4 lastAccess=178107507540->178107684030
178107860520: system.l3cache.prefetcher: XPT_UPDATE: page=0x96000 idx=255 enabled=0 missCnt=5 lastAccess=178107684030->178107860520
178108037010: system.l3cache.prefetcher: XPT_UPDATE: page=0x96000 idx=255 enabled=0 missCnt=6 lastAccess=178107860520->178108037010
178108213500: system.l3cache.prefetcher: XPT_UPDATE: page=0x96000 idx=255 enabled=0 missCnt=7 lastAccess=178108037010->178108213500
178108389990: system.l3cache.prefetcher: XPT_UPDATE: page=0x96000 idx=255 enabled=0 missCnt=8 lastAccess=178108213500->178108389990
178108566480: system.l3cache.prefetcher: XPT_UPDATE: page=0x96000 idx=255 enabled=0 missCnt=9 lastAccess=178108389990->178108566480
178108742970: system.l3cache.prefetcher: XPT_UPDATE: page=0x96000 idx=255 enabled=0 missCnt=10 lastAccess=178108566480->178108742970
178108919460: system.l3cache.prefetcher: XPT_UPDATE: page=0x96000 idx=255 enabled=0 missCnt=11 lastAccess=178108742970->178108919460
178109095950: system.l3cache.prefetcher: XPT_UPDATE: page=0x96000 idx=255 enabled=0 missCnt=12 lastAccess=178108919460->178109095950
178109272440: system.l3cache.prefetcher: XPT_UPDATE: page=0x96000 idx=255 enabled=0 missCnt=13 lastAccess=178109095950->178109272440
178109448930: system.l3cache.prefetcher: XPT_UPDATE: page=0x96000 idx=255 enabled=0 missCnt=14 lastAccess=178109272440->178109448930
178109625420: system.l3cache.prefetcher: XPT_UPDATE: page=0x96000 idx=255 enabled=0 missCnt=15 lastAccess=178109448930->178109625420
178109826885: system.l3cache.prefetcher: XPT_UPDATE: page=0x96000 idx=255 enabled=0 missCnt=16 lastAccess=178109625420->178109826885
178110234144: system.l3cache.prefetcher: XPT_UPDATE: page=0x96000 idx=255 enabled=0 missCnt=17 lastAccess=178109826885->178110234144
178110410634: system.l3cache.prefetcher: XPT_UPDATE: page=0x96000 idx=255 enabled=0 missCnt=18 lastAccess=178110234144->178110410634
178110587124: system.l3cache.prefetcher: XPT_UPDATE: page=0x96000 idx=255 enabled=0 missCnt=19 lastAccess=178110410634->178110587124
178110763614: system.l3cache.prefetcher: XPT_UPDATE: page=0x96000 idx=255 enabled=0 missCnt=20 lastAccess=178110587124->178110763614
178110940104: system.l3cache.prefetcher: XPT_UPDATE: page=0x96000 idx=255 enabled=0 missCnt=21 lastAccess=178110763614->178110940104
178111116594: system.l3cache.prefetcher: XPT_UPDATE: page=0x96000 idx=255 enabled=0 missCnt=22 lastAccess=178110940104->178111116594
178111293084: system.l3cache.prefetcher: XPT_UPDATE: page=0x96000 idx=255 enabled=0 missCnt=23 lastAccess=178111116594->178111293084
178111469574: system.l3cache.prefetcher: XPT_UPDATE: page=0x96000 idx=255 enabled=0 missCnt=24 lastAccess=178111293084->178111469574
178111646064: system.l3cache.prefetcher: XPT_UPDATE: page=0x96000 idx=255 enabled=0 missCnt=25 lastAccess=178111469574->178111646064
178111822554: system.l3cache.prefetcher: XPT_UPDATE: page=0x96000 idx=255 enabled=0 missCnt=26 lastAccess=178111646064->178111822554
178111999044: system.l3cache.prefetcher: XPT_UPDATE: page=0x96000 idx=255 enabled=0 missCnt=27 lastAccess=178111822554->178111999044
178112175534: system.l3cache.prefetcher: XPT_UPDATE: page=0x96000 idx=255 enabled=0 missCnt=28 lastAccess=178111999044->178112175534
178112352024: system.l3cache.prefetcher: XPT_UPDATE: page=0x96000 idx=255 enabled=0 missCnt=29 lastAccess=178112175534->178112352024
178112528514: system.l3cache.prefetcher: XPT_UPDATE: page=0x96000 idx=255 enabled=0 missCnt=30 lastAccess=178112352024->178112528514
178112705004: system.l3cache.prefetcher: XPT_UPDATE: page=0x96000 idx=255 enabled=0 missCnt=31 lastAccess=178112528514->178112705004
178112881494: system.l3cache.prefetcher: XPT_UPDATE: page=0x96000 idx=255 enabled=1 missCnt=32 lastAccess=178112705004->178112881494
178113056319: system.l3cache.prefetcher: XPT_UPDATE: page=0x96000 idx=255 enabled=1 missCnt=32 lastAccess=178112881494->178113056319
178113206169: system.l3cache.prefetcher: XPT_UPDATE: page=0x96000 idx=255 enabled=1 missCnt=32 lastAccess=178113056319->178113206169
179828963028: system.l3cache.prefetcher: XPT_UPDATE: page=0x96000 idx=90 enabled=1 missCnt=32 lastAccess=178113206169->179828963028
179840136177: system.l3cache.prefetcher:   [EVICT] idx=79 page=0x96000 enabled=1 missCnt=32 lastAccess=179828963028
180033974478: system.l3cache.prefetcher: === XPTGuard === page=0x96000 asid=0 core=6 c=256/n=256 P=1.000 r=0.717 trig=YES vGLO=1
180033974478: system.l3cache.prefetcher: XPTGuard: page=0x96000 c=256 n=256 P=1.000 r=0.717 trig=1
180033974478: system.l3cache.prefetcher:   [INSERT] page=0x96000 -> table size: 256/256
180034200918: system.l3cache.prefetcher: XPT_UPDATE: page=0x96000 idx=255 enabled=0 missCnt=0 lastAccess=180033974478->180034200918
180034377408: system.l3cache.prefetcher: XPT_UPDATE: page=0x96000 idx=255 enabled=0 missCnt=1 lastAccess=180034200918->180034377408
180034553898: system.l3cache.prefetcher: XPT_UPDATE: page=0x96000 idx=255 enabled=0 missCnt=2 lastAccess=180034377408->180034553898
180034730388: system.l3cache.prefetcher: XPT_UPDATE: page=0x96000 idx=255 enabled=0 missCnt=3 lastAccess=180034553898->180034730388
180034906878: system.l3cache.prefetcher: XPT_UPDATE: page=0x96000 idx=255 enabled=0 missCnt=4 lastAccess=180034730388->180034906878
180035083368: system.l3cache.prefetcher: XPT_UPDATE: page=0x96000 idx=255 enabled=0 missCnt=5 lastAccess=180034906878->180035083368
180035259858: system.l3cache.prefetcher: XPT_UPDATE: page=0x96000 idx=255 enabled=0 missCnt=6 lastAccess=180035083368->180035259858
180035436348: system.l3cache.prefetcher: XPT_UPDATE: page=0x96000 idx=255 enabled=0 missCnt=7 lastAccess=180035259858->180035436348
180035612838: system.l3cache.prefetcher: XPT_UPDATE: page=0x96000 idx=255 enabled=0 missCnt=8 lastAccess=180035436348->180035612838
180035789328: system.l3cache.prefetcher: XPT_UPDATE: page=0x96000 idx=255 enabled=0 missCnt=9 lastAccess=180035612838->180035789328
180035965818: system.l3cache.prefetcher: XPT_UPDATE: page=0x96000 idx=255 enabled=0 missCnt=10 lastAccess=180035789328->180035965818
180036142308: system.l3cache.prefetcher: XPT_UPDATE: page=0x96000 idx=255 enabled=0 missCnt=11 lastAccess=180035965818->180036142308
180036318798: system.l3cache.prefetcher: XPT_UPDATE: page=0x96000 idx=255 enabled=0 missCnt=12 lastAccess=180036142308->180036318798
180036495288: system.l3cache.prefetcher: XPT_UPDATE: page=0x96000 idx=255 enabled=0 missCnt=13 lastAccess=180036318798->180036495288
180036671778: system.l3cache.prefetcher: XPT_UPDATE: page=0x96000 idx=255 enabled=0 missCnt=14 lastAccess=180036495288->180036671778
180036848268: system.l3cache.prefetcher: XPT_UPDATE: page=0x96000 idx=255 enabled=0 missCnt=15 lastAccess=180036671778->180036848268
180037049733: system.l3cache.prefetcher: XPT_UPDATE: page=0x96000 idx=255 enabled=0 missCnt=16 lastAccess=180036848268->180037049733
180037226223: system.l3cache.prefetcher: XPT_UPDATE: page=0x96000 idx=255 enabled=0 missCnt=17 lastAccess=180037049733->180037226223
180037402713: system.l3cache.prefetcher: XPT_UPDATE: page=0x96000 idx=255 enabled=0 missCnt=18 lastAccess=180037226223->180037402713
180037579203: system.l3cache.prefetcher: XPT_UPDATE: page=0x96000 idx=255 enabled=0 missCnt=19 lastAccess=180037402713->180037579203
180037755693: system.l3cache.prefetcher: XPT_UPDATE: page=0x96000 idx=255 enabled=0 missCnt=20 lastAccess=180037579203->180037755693
180037932183: system.l3cache.prefetcher: XPT_UPDATE: page=0x96000 idx=255 enabled=0 missCnt=21 lastAccess=180037755693->180037932183
180038422692: system.l3cache.prefetcher: XPT_UPDATE: page=0x96000 idx=255 enabled=0 missCnt=22 lastAccess=180037932183->180038422692
180038599182: system.l3cache.prefetcher: XPT_UPDATE: page=0x96000 idx=255 enabled=0 missCnt=23 lastAccess=180038422692->180038599182
180038775672: system.l3cache.prefetcher: XPT_UPDATE: page=0x96000 idx=255 enabled=0 missCnt=24 lastAccess=180038599182->180038775672
180038952162: system.l3cache.prefetcher: XPT_UPDATE: page=0x96000 idx=255 enabled=0 missCnt=25 lastAccess=180038775672->180038952162
180039128652: system.l3cache.prefetcher: XPT_UPDATE: page=0x96000 idx=255 enabled=0 missCnt=26 lastAccess=180038952162->180039128652
180039305142: system.l3cache.prefetcher: XPT_UPDATE: page=0x96000 idx=255 enabled=0 missCnt=27 lastAccess=180039128652->180039305142
180039481632: system.l3cache.prefetcher: XPT_UPDATE: page=0x96000 idx=255 enabled=0 missCnt=28 lastAccess=180039305142->180039481632
180039658122: system.l3cache.prefetcher: XPT_UPDATE: page=0x96000 idx=255 enabled=0 missCnt=29 lastAccess=180039481632->180039658122
180039834612: system.l3cache.prefetcher: XPT_UPDATE: page=0x96000 idx=255 enabled=0 missCnt=30 lastAccess=180039658122->180039834612
180040011102: system.l3cache.prefetcher: XPT_UPDATE: page=0x96000 idx=255 enabled=0 missCnt=31 lastAccess=180039834612->180040011102
180040187592: system.l3cache.prefetcher: XPT_UPDATE: page=0x96000 idx=255 enabled=1 missCnt=32 lastAccess=180040011102->180040187592
180040337442: system.l3cache.prefetcher: XPT_UPDATE: page=0x96000 idx=255 enabled=1 missCnt=32 lastAccess=180040187592->180040337442
180040487292: system.l3cache.prefetcher: XPT_UPDATE: page=0x96000 idx=255 enabled=1 missCnt=32 lastAccess=180040337442->180040487292
180558205389: system.l3cache.prefetcher:   [EVICT] idx=183 page=0x96000 enabled=1 missCnt=32 lastAccess=180040487292
181753892838: system.l3cache.prefetcher: === XPTGuard === page=0x96000 asid=0 core=6 c=256/n=256 P=1.000 r=0.108 trig=YES vGLO=1
181753892838: system.l3cache.prefetcher: XPTGuard: page=0x96000 c=256 n=256 P=1.000 r=0.108 trig=1
181753892838: system.l3cache.prefetcher:   [INSERT] page=0x96000 -> table size: 256/256
181769494221: system.l3cache.prefetcher:   [EVICT] idx=193 page=0x96000 enabled=0 missCnt=0 lastAccess=181753892838
181959086772: system.l3cache.prefetcher: === XPTGuard === page=0x96000 asid=0 core=6 c=256/n=256 P=1.000 r=0.654 trig=YES vGLO=1
181959086772: system.l3cache.prefetcher: XPTGuard: page=0x96000 c=256 n=256 P=1.000 r=0.654 trig=1
181959086772: system.l3cache.prefetcher:   [INSERT] page=0x96000 -> table size: 256/256
181959288237: system.l3cache.prefetcher: XPT_UPDATE: page=0x96000 idx=255 enabled=0 missCnt=0 lastAccess=181959086772->181959288237
181959464727: system.l3cache.prefetcher: XPT_UPDATE: page=0x96000 idx=255 enabled=0 missCnt=1 lastAccess=181959288237->181959464727
181959641217: system.l3cache.prefetcher: XPT_UPDATE: page=0x96000 idx=255 enabled=0 missCnt=2 lastAccess=181959464727->181959641217
181959817707: system.l3cache.prefetcher: XPT_UPDATE: page=0x96000 idx=255 enabled=0 missCnt=3 lastAccess=181959641217->181959817707
181959994197: system.l3cache.prefetcher: XPT_UPDATE: page=0x96000 idx=255 enabled=0 missCnt=4 lastAccess=181959817707->181959994197
181960170687: system.l3cache.prefetcher: XPT_UPDATE: page=0x96000 idx=255 enabled=0 missCnt=5 lastAccess=181959994197->181960170687
181960347177: system.l3cache.prefetcher: XPT_UPDATE: page=0x96000 idx=255 enabled=0 missCnt=6 lastAccess=181960170687->181960347177
181960523667: system.l3cache.prefetcher: XPT_UPDATE: page=0x96000 idx=255 enabled=0 missCnt=7 lastAccess=181960347177->181960523667
181960700157: system.l3cache.prefetcher: XPT_UPDATE: page=0x96000 idx=255 enabled=0 missCnt=8 lastAccess=181960523667->181960700157
181960876647: system.l3cache.prefetcher: XPT_UPDATE: page=0x96000 idx=255 enabled=0 missCnt=9 lastAccess=181960700157->181960876647
181961053137: system.l3cache.prefetcher: XPT_UPDATE: page=0x96000 idx=255 enabled=0 missCnt=10 lastAccess=181960876647->181961053137
181961229627: system.l3cache.prefetcher: XPT_UPDATE: page=0x96000 idx=255 enabled=0 missCnt=11 lastAccess=181961053137->181961229627
181961406117: system.l3cache.prefetcher: XPT_UPDATE: page=0x96000 idx=255 enabled=0 missCnt=12 lastAccess=181961229627->181961406117
181961582607: system.l3cache.prefetcher: XPT_UPDATE: page=0x96000 idx=255 enabled=0 missCnt=13 lastAccess=181961406117->181961582607
181961759097: system.l3cache.prefetcher: XPT_UPDATE: page=0x96000 idx=255 enabled=0 missCnt=14 lastAccess=181961582607->181961759097
181961935587: system.l3cache.prefetcher: XPT_UPDATE: page=0x96000 idx=255 enabled=0 missCnt=15 lastAccess=181961759097->181961935587
181962137052: system.l3cache.prefetcher: XPT_UPDATE: page=0x96000 idx=255 enabled=0 missCnt=16 lastAccess=181961935587->181962137052
181962313542: system.l3cache.prefetcher: XPT_UPDATE: page=0x96000 idx=255 enabled=0 missCnt=17 lastAccess=181962137052->181962313542
181962490032: system.l3cache.prefetcher: XPT_UPDATE: page=0x96000 idx=255 enabled=0 missCnt=18 lastAccess=181962313542->181962490032
181962666522: system.l3cache.prefetcher: XPT_UPDATE: page=0x96000 idx=255 enabled=0 missCnt=19 lastAccess=181962490032->181962666522
181962843012: system.l3cache.prefetcher: XPT_UPDATE: page=0x96000 idx=255 enabled=0 missCnt=20 lastAccess=181962666522->181962843012
181963019502: system.l3cache.prefetcher: XPT_UPDATE: page=0x96000 idx=255 enabled=0 missCnt=21 lastAccess=181962843012->181963019502
181963195992: system.l3cache.prefetcher: XPT_UPDATE: page=0x96000 idx=255 enabled=0 missCnt=22 lastAccess=181963019502->181963195992
181963372482: system.l3cache.prefetcher: XPT_UPDATE: page=0x96000 idx=255 enabled=0 missCnt=23 lastAccess=181963195992->181963372482
181963548972: system.l3cache.prefetcher: XPT_UPDATE: page=0x96000 idx=255 enabled=0 missCnt=24 lastAccess=181963372482->181963548972
181963725462: system.l3cache.prefetcher: XPT_UPDATE: page=0x96000 idx=255 enabled=0 missCnt=25 lastAccess=181963548972->181963725462
181963901952: system.l3cache.prefetcher: XPT_UPDATE: page=0x96000 idx=255 enabled=0 missCnt=26 lastAccess=181963725462->181963901952
181964078442: system.l3cache.prefetcher: XPT_UPDATE: page=0x96000 idx=255 enabled=0 missCnt=27 lastAccess=181963901952->181964078442
181964254932: system.l3cache.prefetcher: XPT_UPDATE: page=0x96000 idx=255 enabled=0 missCnt=28 lastAccess=181964078442->181964254932
181964431422: system.l3cache.prefetcher: XPT_UPDATE: page=0x96000 idx=255 enabled=0 missCnt=29 lastAccess=181964254932->181964431422
181964607912: system.l3cache.prefetcher: XPT_UPDATE: page=0x96000 idx=255 enabled=0 missCnt=30 lastAccess=181964431422->181964607912
181964784402: system.l3cache.prefetcher: XPT_UPDATE: page=0x96000 idx=255 enabled=0 missCnt=31 lastAccess=181964607912->181964784402
181964985867: system.l3cache.prefetcher: XPT_UPDATE: page=0x96000 idx=255 enabled=1 missCnt=32 lastAccess=181964784402->181964985867
181965135717: system.l3cache.prefetcher: XPT_UPDATE: page=0x96000 idx=255 enabled=1 missCnt=32 lastAccess=181964985867->181965135717
181965285567: system.l3cache.prefetcher: XPT_UPDATE: page=0x96000 idx=255 enabled=1 missCnt=32 lastAccess=181965135717->181965285567
182711020086: system.l3cache.prefetcher:   [EVICT] idx=162 page=0x96000 enabled=1 missCnt=32 lastAccess=181965285567
183677770701: system.l3cache.prefetcher: === XPTGuard === page=0x96000 asid=0 core=6 c=256/n=256 P=1.000 r=0.790 trig=YES vGLO=1
183677770701: system.l3cache.prefetcher: XPTGuard: page=0x96000 c=256 n=256 P=1.000 r=0.790 trig=1
183677770701: system.l3cache.prefetcher:   [INSERT] page=0x96000 -> table size: 256/256
183699057393: system.l3cache.prefetcher:   [EVICT] idx=167 page=0x96000 enabled=0 missCnt=0 lastAccess=183677770701
183882804795: system.l3cache.prefetcher: === XPTGuard === page=0x96000 asid=0 core=6 c=256/n=256 P=1.000 r=0.937 trig=YES vGLO=1
183882804795: system.l3cache.prefetcher: XPTGuard: page=0x96000 c=256 n=256 P=1.000 r=0.937 trig=1
183882804795: system.l3cache.prefetcher:   [INSERT] page=0x96000 -> table size: 256/256
183883031235: system.l3cache.prefetcher: XPT_UPDATE: page=0x96000 idx=255 enabled=0 missCnt=0 lastAccess=183882804795->183883031235
183883207725: system.l3cache.prefetcher: XPT_UPDATE: page=0x96000 idx=255 enabled=0 missCnt=1 lastAccess=183883031235->183883207725
183883384215: system.l3cache.prefetcher: XPT_UPDATE: page=0x96000 idx=255 enabled=0 missCnt=2 lastAccess=183883207725->183883384215
183883560705: system.l3cache.prefetcher: XPT_UPDATE: page=0x96000 idx=255 enabled=0 missCnt=3 lastAccess=183883384215->183883560705
183883737195: system.l3cache.prefetcher: XPT_UPDATE: page=0x96000 idx=255 enabled=0 missCnt=4 lastAccess=183883560705->183883737195
183883913685: system.l3cache.prefetcher: XPT_UPDATE: page=0x96000 idx=255 enabled=0 missCnt=5 lastAccess=183883737195->183883913685
183884090175: system.l3cache.prefetcher: XPT_UPDATE: page=0x96000 idx=255 enabled=0 missCnt=6 lastAccess=183883913685->183884090175
183884266665: system.l3cache.prefetcher: XPT_UPDATE: page=0x96000 idx=255 enabled=0 missCnt=7 lastAccess=183884090175->183884266665
183884443155: system.l3cache.prefetcher: XPT_UPDATE: page=0x96000 idx=255 enabled=0 missCnt=8 lastAccess=183884266665->183884443155
183884619645: system.l3cache.prefetcher: XPT_UPDATE: page=0x96000 idx=255 enabled=0 missCnt=9 lastAccess=183884443155->183884619645
183884796135: system.l3cache.prefetcher: XPT_UPDATE: page=0x96000 idx=255 enabled=0 missCnt=10 lastAccess=183884619645->183884796135
183884972625: system.l3cache.prefetcher: XPT_UPDATE: page=0x96000 idx=255 enabled=0 missCnt=11 lastAccess=183884796135->183884972625
183885149115: system.l3cache.prefetcher: XPT_UPDATE: page=0x96000 idx=255 enabled=0 missCnt=12 lastAccess=183884972625->183885149115
183885325605: system.l3cache.prefetcher: XPT_UPDATE: page=0x96000 idx=255 enabled=0 missCnt=13 lastAccess=183885149115->183885325605
183885502095: system.l3cache.prefetcher: XPT_UPDATE: page=0x96000 idx=255 enabled=0 missCnt=14 lastAccess=183885325605->183885502095
183885678585: system.l3cache.prefetcher: XPT_UPDATE: page=0x96000 idx=255 enabled=0 missCnt=15 lastAccess=183885502095->183885678585
183885880050: system.l3cache.prefetcher: XPT_UPDATE: page=0x96000 idx=255 enabled=0 missCnt=16 lastAccess=183885678585->183885880050
183886056540: system.l3cache.prefetcher: XPT_UPDATE: page=0x96000 idx=255 enabled=0 missCnt=17 lastAccess=183885880050->183886056540
183886233030: system.l3cache.prefetcher: XPT_UPDATE: page=0x96000 idx=255 enabled=0 missCnt=18 lastAccess=183886056540->183886233030
183886409520: system.l3cache.prefetcher: XPT_UPDATE: page=0x96000 idx=255 enabled=0 missCnt=19 lastAccess=183886233030->183886409520
183886586010: system.l3cache.prefetcher: XPT_UPDATE: page=0x96000 idx=255 enabled=0 missCnt=20 lastAccess=183886409520->183886586010
183887047881: system.l3cache.prefetcher: XPT_UPDATE: page=0x96000 idx=255 enabled=0 missCnt=21 lastAccess=183886586010->183887047881
183887224371: system.l3cache.prefetcher: XPT_UPDATE: page=0x96000 idx=255 enabled=0 missCnt=22 lastAccess=183887047881->183887224371
183887400861: system.l3cache.prefetcher: XPT_UPDATE: page=0x96000 idx=255 enabled=0 missCnt=23 lastAccess=183887224371->183887400861
183887577351: system.l3cache.prefetcher: XPT_UPDATE: page=0x96000 idx=255 enabled=0 missCnt=24 lastAccess=183887400861->183887577351
183887753841: system.l3cache.prefetcher: XPT_UPDATE: page=0x96000 idx=255 enabled=0 missCnt=25 lastAccess=183887577351->183887753841
183887930331: system.l3cache.prefetcher: XPT_UPDATE: page=0x96000 idx=255 enabled=0 missCnt=26 lastAccess=183887753841->183887930331
183888106821: system.l3cache.prefetcher: XPT_UPDATE: page=0x96000 idx=255 enabled=0 missCnt=27 lastAccess=183887930331->183888106821
183888283311: system.l3cache.prefetcher: XPT_UPDATE: page=0x96000 idx=255 enabled=0 missCnt=28 lastAccess=183888106821->183888283311
183888459801: system.l3cache.prefetcher: XPT_UPDATE: page=0x96000 idx=255 enabled=0 missCnt=29 lastAccess=183888283311->183888459801
183888636291: system.l3cache.prefetcher: XPT_UPDATE: page=0x96000 idx=255 enabled=0 missCnt=30 lastAccess=183888459801->183888636291
183888812781: system.l3cache.prefetcher: XPT_UPDATE: page=0x96000 idx=255 enabled=0 missCnt=31 lastAccess=183888636291->183888812781
183888989271: system.l3cache.prefetcher: XPT_UPDATE: page=0x96000 idx=255 enabled=1 missCnt=32 lastAccess=183888812781->183888989271
183889139121: system.l3cache.prefetcher: XPT_UPDATE: page=0x96000 idx=255 enabled=1 missCnt=32 lastAccess=183888989271->183889139121
183889288971: system.l3cache.prefetcher: XPT_UPDATE: page=0x96000 idx=255 enabled=1 missCnt=32 lastAccess=183889139121->183889288971
185603670207: system.l3cache.prefetcher: XPT_UPDATE: page=0x96000 idx=95 enabled=1 missCnt=32 lastAccess=183889288971->185603670207
185646131370: system.l3cache.prefetcher:   [EVICT] idx=45 page=0x96000 enabled=1 missCnt=32 lastAccess=185603670207
185808869802: system.l3cache.prefetcher: === XPTGuard === page=0x96000 asid=0 core=6 c=256/n=256 P=1.000 r=0.858 trig=YES vGLO=1
185808869802: system.l3cache.prefetcher: XPTGuard: page=0x96000 c=256 n=256 P=1.000 r=0.858 trig=1
185808869802: system.l3cache.prefetcher:   [INSERT] page=0x96000 -> table size: 256/256
185809071267: system.l3cache.prefetcher: XPT_UPDATE: page=0x96000 idx=255 enabled=0 missCnt=0 lastAccess=185808869802->185809071267
185809247757: system.l3cache.prefetcher: XPT_UPDATE: page=0x96000 idx=255 enabled=0 missCnt=1 lastAccess=185809071267->185809247757
185809424247: system.l3cache.prefetcher: XPT_UPDATE: page=0x96000 idx=255 enabled=0 missCnt=2 lastAccess=185809247757->185809424247
185809600737: system.l3cache.prefetcher: XPT_UPDATE: page=0x96000 idx=255 enabled=0 missCnt=3 lastAccess=185809424247->185809600737
185809777227: system.l3cache.prefetcher: XPT_UPDATE: page=0x96000 idx=255 enabled=0 missCnt=4 lastAccess=185809600737->185809777227
185809953717: system.l3cache.prefetcher: XPT_UPDATE: page=0x96000 idx=255 enabled=0 missCnt=5 lastAccess=185809777227->185809953717
185810130207: system.l3cache.prefetcher: XPT_UPDATE: page=0x96000 idx=255 enabled=0 missCnt=6 lastAccess=185809953717->185810130207
185810306697: system.l3cache.prefetcher: XPT_UPDATE: page=0x96000 idx=255 enabled=0 missCnt=7 lastAccess=185810130207->185810306697
185810483187: system.l3cache.prefetcher: XPT_UPDATE: page=0x96000 idx=255 enabled=0 missCnt=8 lastAccess=185810306697->185810483187
185810659677: system.l3cache.prefetcher: XPT_UPDATE: page=0x96000 idx=255 enabled=0 missCnt=9 lastAccess=185810483187->185810659677
185810836167: system.l3cache.prefetcher: XPT_UPDATE: page=0x96000 idx=255 enabled=0 missCnt=10 lastAccess=185810659677->185810836167
185811012657: system.l3cache.prefetcher: XPT_UPDATE: page=0x96000 idx=255 enabled=0 missCnt=11 lastAccess=185810836167->185811012657
185811189147: system.l3cache.prefetcher: XPT_UPDATE: page=0x96000 idx=255 enabled=0 missCnt=12 lastAccess=185811012657->185811189147
185811365637: system.l3cache.prefetcher: XPT_UPDATE: page=0x96000 idx=255 enabled=0 missCnt=13 lastAccess=185811189147->185811365637
185811542127: system.l3cache.prefetcher: XPT_UPDATE: page=0x96000 idx=255 enabled=0 missCnt=14 lastAccess=185811365637->185811542127
185811718617: system.l3cache.prefetcher: XPT_UPDATE: page=0x96000 idx=255 enabled=0 missCnt=15 lastAccess=185811542127->185811718617
185811920082: system.l3cache.prefetcher: XPT_UPDATE: page=0x96000 idx=255 enabled=0 missCnt=16 lastAccess=185811718617->185811920082
185812096572: system.l3cache.prefetcher: XPT_UPDATE: page=0x96000 idx=255 enabled=0 missCnt=17 lastAccess=185811920082->185812096572
185812273062: system.l3cache.prefetcher: XPT_UPDATE: page=0x96000 idx=255 enabled=0 missCnt=18 lastAccess=185812096572->185812273062
185812449552: system.l3cache.prefetcher: XPT_UPDATE: page=0x96000 idx=255 enabled=0 missCnt=19 lastAccess=185812273062->185812449552
185812626042: system.l3cache.prefetcher: XPT_UPDATE: page=0x96000 idx=255 enabled=0 missCnt=20 lastAccess=185812449552->185812626042
185812802532: system.l3cache.prefetcher: XPT_UPDATE: page=0x96000 idx=255 enabled=0 missCnt=21 lastAccess=185812626042->185812802532
185812979022: system.l3cache.prefetcher: XPT_UPDATE: page=0x96000 idx=255 enabled=0 missCnt=22 lastAccess=185812802532->185812979022
185813155512: system.l3cache.prefetcher: XPT_UPDATE: page=0x96000 idx=255 enabled=0 missCnt=23 lastAccess=185812979022->185813155512
185813332002: system.l3cache.prefetcher: XPT_UPDATE: page=0x96000 idx=255 enabled=0 missCnt=24 lastAccess=185813155512->185813332002
185813508492: system.l3cache.prefetcher: XPT_UPDATE: page=0x96000 idx=255 enabled=0 missCnt=25 lastAccess=185813332002->185813508492
185813684982: system.l3cache.prefetcher: XPT_UPDATE: page=0x96000 idx=255 enabled=0 missCnt=26 lastAccess=185813508492->185813684982
185813861472: system.l3cache.prefetcher: XPT_UPDATE: page=0x96000 idx=255 enabled=0 missCnt=27 lastAccess=185813684982->185813861472
185814037962: system.l3cache.prefetcher: XPT_UPDATE: page=0x96000 idx=255 enabled=0 missCnt=28 lastAccess=185813861472->185814037962
185814214452: system.l3cache.prefetcher: XPT_UPDATE: page=0x96000 idx=255 enabled=0 missCnt=29 lastAccess=185814037962->185814214452
185814390942: system.l3cache.prefetcher: XPT_UPDATE: page=0x96000 idx=255 enabled=0 missCnt=30 lastAccess=185814214452->185814390942
185814567432: system.l3cache.prefetcher: XPT_UPDATE: page=0x96000 idx=255 enabled=0 missCnt=31 lastAccess=185814390942->185814567432
185814768897: system.l3cache.prefetcher: XPT_UPDATE: page=0x96000 idx=255 enabled=1 missCnt=32 lastAccess=185814567432->185814768897
185815247751: system.l3cache.prefetcher: XPT_UPDATE: page=0x96000 idx=255 enabled=1 missCnt=32 lastAccess=185814768897->185815247751
185815397601: system.l3cache.prefetcher: XPT_UPDATE: page=0x96000 idx=255 enabled=1 missCnt=32 lastAccess=185815247751->185815397601
186494041611: system.l3cache.prefetcher:   [EVICT] idx=172 page=0x96000 enabled=1 missCnt=32 lastAccess=185815397601
187529074875: system.l3cache.prefetcher: === XPTGuard === page=0x96000 asid=0 core=6 c=256/n=256 P=1.000 r=0.983 trig=YES vGLO=1
187529074875: system.l3cache.prefetcher: XPTGuard: page=0x96000 c=256 n=256 P=1.000 r=0.983 trig=1
187529074875: system.l3cache.prefetcher:   [INSERT] page=0x96000 -> table size: 256/256
187554094164: system.l3cache.prefetcher:   [EVICT] idx=158 page=0x96000 enabled=0 missCnt=0 lastAccess=187529074875
187734131613: system.l3cache.prefetcher: === XPTGuard === page=0x96000 asid=0 core=6 c=256/n=256 P=1.000 r=0.452 trig=YES vGLO=1
187734131613: system.l3cache.prefetcher: XPTGuard: page=0x96000 c=256 n=256 P=1.000 r=0.452 trig=1
187734131613: system.l3cache.prefetcher:   [INSERT] page=0x96000 -> table size: 256/256
187734358053: system.l3cache.prefetcher: XPT_UPDATE: page=0x96000 idx=255 enabled=0 missCnt=0 lastAccess=187734131613->187734358053
187734534543: system.l3cache.prefetcher: XPT_UPDATE: page=0x96000 idx=255 enabled=0 missCnt=1 lastAccess=187734358053->187734534543
187734711033: system.l3cache.prefetcher: XPT_UPDATE: page=0x96000 idx=255 enabled=0 missCnt=2 lastAccess=187734534543->187734711033
187734887523: system.l3cache.prefetcher: XPT_UPDATE: page=0x96000 idx=255 enabled=0 missCnt=3 lastAccess=187734711033->187734887523
187735064013: system.l3cache.prefetcher: XPT_UPDATE: page=0x96000 idx=255 enabled=0 missCnt=4 lastAccess=187734887523->187735064013
187735240503: system.l3cache.prefetcher: XPT_UPDATE: page=0x96000 idx=255 enabled=0 missCnt=5 lastAccess=187735064013->187735240503
187735672737: system.l3cache.prefetcher: XPT_UPDATE: page=0x96000 idx=255 enabled=0 missCnt=6 lastAccess=187735240503->187735672737
187735849227: system.l3cache.prefetcher: XPT_UPDATE: page=0x96000 idx=255 enabled=0 missCnt=7 lastAccess=187735672737->187735849227
187736025717: system.l3cache.prefetcher: XPT_UPDATE: page=0x96000 idx=255 enabled=0 missCnt=8 lastAccess=187735849227->187736025717
187736202207: system.l3cache.prefetcher: XPT_UPDATE: page=0x96000 idx=255 enabled=0 missCnt=9 lastAccess=187736025717->187736202207
187736378697: system.l3cache.prefetcher: XPT_UPDATE: page=0x96000 idx=255 enabled=0 missCnt=10 lastAccess=187736202207->187736378697
187736555187: system.l3cache.prefetcher: XPT_UPDATE: page=0x96000 idx=255 enabled=0 missCnt=11 lastAccess=187736378697->187736555187
187736731677: system.l3cache.prefetcher: XPT_UPDATE: page=0x96000 idx=255 enabled=0 missCnt=12 lastAccess=187736555187->187736731677
187736908167: system.l3cache.prefetcher: XPT_UPDATE: page=0x96000 idx=255 enabled=0 missCnt=13 lastAccess=187736731677->187736908167
187737084657: system.l3cache.prefetcher: XPT_UPDATE: page=0x96000 idx=255 enabled=0 missCnt=14 lastAccess=187736908167->187737084657
187737261147: system.l3cache.prefetcher: XPT_UPDATE: page=0x96000 idx=255 enabled=0 missCnt=15 lastAccess=187737084657->187737261147
187737437637: system.l3cache.prefetcher: XPT_UPDATE: page=0x96000 idx=255 enabled=0 missCnt=16 lastAccess=187737261147->187737437637
187737614127: system.l3cache.prefetcher: XPT_UPDATE: page=0x96000 idx=255 enabled=0 missCnt=17 lastAccess=187737437637->187737614127
187737790617: system.l3cache.prefetcher: XPT_UPDATE: page=0x96000 idx=255 enabled=0 missCnt=18 lastAccess=187737614127->187737790617
187737967107: system.l3cache.prefetcher: XPT_UPDATE: page=0x96000 idx=255 enabled=0 missCnt=19 lastAccess=187737790617->187737967107
187738143597: system.l3cache.prefetcher: XPT_UPDATE: page=0x96000 idx=255 enabled=0 missCnt=20 lastAccess=187737967107->187738143597
187738320087: system.l3cache.prefetcher: XPT_UPDATE: page=0x96000 idx=255 enabled=0 missCnt=21 lastAccess=187738143597->187738320087
187738521552: system.l3cache.prefetcher: XPT_UPDATE: page=0x96000 idx=255 enabled=0 missCnt=22 lastAccess=187738320087->187738521552
187738698042: system.l3cache.prefetcher: XPT_UPDATE: page=0x96000 idx=255 enabled=0 missCnt=23 lastAccess=187738521552->187738698042
187738874532: system.l3cache.prefetcher: XPT_UPDATE: page=0x96000 idx=255 enabled=0 missCnt=24 lastAccess=187738698042->187738874532
187739051022: system.l3cache.prefetcher: XPT_UPDATE: page=0x96000 idx=255 enabled=0 missCnt=25 lastAccess=187738874532->187739051022
187739227512: system.l3cache.prefetcher: XPT_UPDATE: page=0x96000 idx=255 enabled=0 missCnt=26 lastAccess=187739051022->187739227512
187739404002: system.l3cache.prefetcher: XPT_UPDATE: page=0x96000 idx=255 enabled=0 missCnt=27 lastAccess=187739227512->187739404002
187739580492: system.l3cache.prefetcher: XPT_UPDATE: page=0x96000 idx=255 enabled=0 missCnt=28 lastAccess=187739404002->187739580492
187739756982: system.l3cache.prefetcher: XPT_UPDATE: page=0x96000 idx=255 enabled=0 missCnt=29 lastAccess=187739580492->187739756982
187739933472: system.l3cache.prefetcher: XPT_UPDATE: page=0x96000 idx=255 enabled=0 missCnt=30 lastAccess=187739756982->187739933472
187740109962: system.l3cache.prefetcher: XPT_UPDATE: page=0x96000 idx=255 enabled=0 missCnt=31 lastAccess=187739933472->187740109962
187740286452: system.l3cache.prefetcher: XPT_UPDATE: page=0x96000 idx=255 enabled=1 missCnt=32 lastAccess=187740109962->187740286452
187740436302: system.l3cache.prefetcher: XPT_UPDATE: page=0x96000 idx=255 enabled=1 missCnt=32 lastAccess=187740286452->187740436302
187740586152: system.l3cache.prefetcher: XPT_UPDATE: page=0x96000 idx=255 enabled=1 missCnt=32 lastAccess=187740436302->187740586152
187948697499: system.l3cache.prefetcher:   [EVICT] idx=227 page=0x96000 enabled=1 missCnt=32 lastAccess=187740586152
189453001356: system.l3cache.prefetcher: === XPTGuard === page=0x96000 asid=0 core=6 c=256/n=256 P=1.000 r=0.403 trig=YES vGLO=1
189453001356: system.l3cache.prefetcher: XPTGuard: page=0x96000 c=256 n=256 P=1.000 r=0.403 trig=1
189453001356: system.l3cache.prefetcher:   [INSERT] page=0x96000 -> table size: 256/256
189496094886: system.l3cache.prefetcher:   [EVICT] idx=114 page=0x96000 enabled=0 missCnt=0 lastAccess=189453001356
189658086066: system.l3cache.prefetcher: === XPTGuard === page=0x96000 asid=0 core=6 c=256/n=256 P=1.000 r=0.781 trig=YES vGLO=1
189658086066: system.l3cache.prefetcher: XPTGuard: page=0x96000 c=256 n=256 P=1.000 r=0.781 trig=1
189658086066: system.l3cache.prefetcher:   [INSERT] page=0x96000 -> table size: 256/256
189658287531: system.l3cache.prefetcher: XPT_UPDATE: page=0x96000 idx=255 enabled=0 missCnt=0 lastAccess=189658086066->189658287531
189658464021: system.l3cache.prefetcher: XPT_UPDATE: page=0x96000 idx=255 enabled=0 missCnt=1 lastAccess=189658287531->189658464021
189658640511: system.l3cache.prefetcher: XPT_UPDATE: page=0x96000 idx=255 enabled=0 missCnt=2 lastAccess=189658464021->189658640511
189658817001: system.l3cache.prefetcher: XPT_UPDATE: page=0x96000 idx=255 enabled=0 missCnt=3 lastAccess=189658640511->189658817001
189658993491: system.l3cache.prefetcher: XPT_UPDATE: page=0x96000 idx=255 enabled=0 missCnt=4 lastAccess=189658817001->189658993491
189659169981: system.l3cache.prefetcher: XPT_UPDATE: page=0x96000 idx=255 enabled=0 missCnt=5 lastAccess=189658993491->189659169981
189659346471: system.l3cache.prefetcher: XPT_UPDATE: page=0x96000 idx=255 enabled=0 missCnt=6 lastAccess=189659169981->189659346471
189659522961: system.l3cache.prefetcher: XPT_UPDATE: page=0x96000 idx=255 enabled=0 missCnt=7 lastAccess=189659346471->189659522961
189659699451: system.l3cache.prefetcher: XPT_UPDATE: page=0x96000 idx=255 enabled=0 missCnt=8 lastAccess=189659522961->189659699451
189659875941: system.l3cache.prefetcher: XPT_UPDATE: page=0x96000 idx=255 enabled=0 missCnt=9 lastAccess=189659699451->189659875941
189660052431: system.l3cache.prefetcher: XPT_UPDATE: page=0x96000 idx=255 enabled=0 missCnt=10 lastAccess=189659875941->189660052431
189660228921: system.l3cache.prefetcher: XPT_UPDATE: page=0x96000 idx=255 enabled=0 missCnt=11 lastAccess=189660052431->189660228921
189660405411: system.l3cache.prefetcher: XPT_UPDATE: page=0x96000 idx=255 enabled=0 missCnt=12 lastAccess=189660228921->189660405411
189660581901: system.l3cache.prefetcher: XPT_UPDATE: page=0x96000 idx=255 enabled=0 missCnt=13 lastAccess=189660405411->189660581901
189660758391: system.l3cache.prefetcher: XPT_UPDATE: page=0x96000 idx=255 enabled=0 missCnt=14 lastAccess=189660581901->189660758391
189660934881: system.l3cache.prefetcher: XPT_UPDATE: page=0x96000 idx=255 enabled=0 missCnt=15 lastAccess=189660758391->189660934881
189661136346: system.l3cache.prefetcher: XPT_UPDATE: page=0x96000 idx=255 enabled=0 missCnt=16 lastAccess=189660934881->189661136346
189661312836: system.l3cache.prefetcher: XPT_UPDATE: page=0x96000 idx=255 enabled=0 missCnt=17 lastAccess=189661136346->189661312836
189661489326: system.l3cache.prefetcher: XPT_UPDATE: page=0x96000 idx=255 enabled=0 missCnt=18 lastAccess=189661312836->189661489326
189661665816: system.l3cache.prefetcher: XPT_UPDATE: page=0x96000 idx=255 enabled=0 missCnt=19 lastAccess=189661489326->189661665816
189661842306: system.l3cache.prefetcher: XPT_UPDATE: page=0x96000 idx=255 enabled=0 missCnt=20 lastAccess=189661665816->189661842306
189662018796: system.l3cache.prefetcher: XPT_UPDATE: page=0x96000 idx=255 enabled=0 missCnt=21 lastAccess=189661842306->189662018796
189662195286: system.l3cache.prefetcher: XPT_UPDATE: page=0x96000 idx=255 enabled=0 missCnt=22 lastAccess=189662018796->189662195286
189662371776: system.l3cache.prefetcher: XPT_UPDATE: page=0x96000 idx=255 enabled=0 missCnt=23 lastAccess=189662195286->189662371776
189662548266: system.l3cache.prefetcher: XPT_UPDATE: page=0x96000 idx=255 enabled=0 missCnt=24 lastAccess=189662371776->189662548266
189662724756: system.l3cache.prefetcher: XPT_UPDATE: page=0x96000 idx=255 enabled=0 missCnt=25 lastAccess=189662548266->189662724756
189662901246: system.l3cache.prefetcher: XPT_UPDATE: page=0x96000 idx=255 enabled=0 missCnt=26 lastAccess=189662724756->189662901246
189663077736: system.l3cache.prefetcher: XPT_UPDATE: page=0x96000 idx=255 enabled=0 missCnt=27 lastAccess=189662901246->189663077736
189663254226: system.l3cache.prefetcher: XPT_UPDATE: page=0x96000 idx=255 enabled=0 missCnt=28 lastAccess=189663077736->189663254226
189663430716: system.l3cache.prefetcher: XPT_UPDATE: page=0x96000 idx=255 enabled=0 missCnt=29 lastAccess=189663254226->189663430716
189663872607: system.l3cache.prefetcher: XPT_UPDATE: page=0x96000 idx=255 enabled=0 missCnt=30 lastAccess=189663430716->189663872607
189664049097: system.l3cache.prefetcher: XPT_UPDATE: page=0x96000 idx=255 enabled=0 missCnt=31 lastAccess=189663872607->189664049097
189664225587: system.l3cache.prefetcher: XPT_UPDATE: page=0x96000 idx=255 enabled=1 missCnt=32 lastAccess=189664049097->189664225587
189664375437: system.l3cache.prefetcher: XPT_UPDATE: page=0x96000 idx=255 enabled=1 missCnt=32 lastAccess=189664225587->189664375437
189664525287: system.l3cache.prefetcher: XPT_UPDATE: page=0x96000 idx=255 enabled=1 missCnt=32 lastAccess=189664375437->189664525287
191377376388: system.l3cache.prefetcher: XPT_UPDATE: page=0x96000 idx=97 enabled=1 missCnt=32 lastAccess=189664525287->191377376388
191416519872: system.l3cache.prefetcher:   [EVICT] idx=41 page=0x96000 enabled=1 missCnt=32 lastAccess=191377376388
191582370522: system.l3cache.prefetcher: === XPTGuard === page=0x96000 asid=0 core=6 c=256/n=256 P=1.000 r=0.299 trig=YES vGLO=1
191582370522: system.l3cache.prefetcher: XPTGuard: page=0x96000 c=256 n=256 P=1.000 r=0.299 trig=1
191582370522: system.l3cache.prefetcher:   [INSERT] page=0x96000 -> table size: 256/256
191582596962: system.l3cache.prefetcher: XPT_UPDATE: page=0x96000 idx=255 enabled=0 missCnt=0 lastAccess=191582370522->191582596962
191582773452: system.l3cache.prefetcher: XPT_UPDATE: page=0x96000 idx=255 enabled=0 missCnt=1 lastAccess=191582596962->191582773452
191582949942: system.l3cache.prefetcher: XPT_UPDATE: page=0x96000 idx=255 enabled=0 missCnt=2 lastAccess=191582773452->191582949942
191583126432: system.l3cache.prefetcher: XPT_UPDATE: page=0x96000 idx=255 enabled=0 missCnt=3 lastAccess=191582949942->191583126432
191583302922: system.l3cache.prefetcher: XPT_UPDATE: page=0x96000 idx=255 enabled=0 missCnt=4 lastAccess=191583126432->191583302922
191583479412: system.l3cache.prefetcher: XPT_UPDATE: page=0x96000 idx=255 enabled=0 missCnt=5 lastAccess=191583302922->191583479412
191583655902: system.l3cache.prefetcher: XPT_UPDATE: page=0x96000 idx=255 enabled=0 missCnt=6 lastAccess=191583479412->191583655902
191583832392: system.l3cache.prefetcher: XPT_UPDATE: page=0x96000 idx=255 enabled=0 missCnt=7 lastAccess=191583655902->191583832392
191584297593: system.l3cache.prefetcher: XPT_UPDATE: page=0x96000 idx=255 enabled=0 missCnt=8 lastAccess=191583832392->191584297593
191584474083: system.l3cache.prefetcher: XPT_UPDATE: page=0x96000 idx=255 enabled=0 missCnt=9 lastAccess=191584297593->191584474083
191584650573: system.l3cache.prefetcher: XPT_UPDATE: page=0x96000 idx=255 enabled=0 missCnt=10 lastAccess=191584474083->191584650573
191584827063: system.l3cache.prefetcher: XPT_UPDATE: page=0x96000 idx=255 enabled=0 missCnt=11 lastAccess=191584650573->191584827063
191585003553: system.l3cache.prefetcher: XPT_UPDATE: page=0x96000 idx=255 enabled=0 missCnt=12 lastAccess=191584827063->191585003553
191585180043: system.l3cache.prefetcher: XPT_UPDATE: page=0x96000 idx=255 enabled=0 missCnt=13 lastAccess=191585003553->191585180043
191585356533: system.l3cache.prefetcher: XPT_UPDATE: page=0x96000 idx=255 enabled=0 missCnt=14 lastAccess=191585180043->191585356533
191585533023: system.l3cache.prefetcher: XPT_UPDATE: page=0x96000 idx=255 enabled=0 missCnt=15 lastAccess=191585356533->191585533023
191585709513: system.l3cache.prefetcher: XPT_UPDATE: page=0x96000 idx=255 enabled=0 missCnt=16 lastAccess=191585533023->191585709513
191585886003: system.l3cache.prefetcher: XPT_UPDATE: page=0x96000 idx=255 enabled=0 missCnt=17 lastAccess=191585709513->191585886003
191586062493: system.l3cache.prefetcher: XPT_UPDATE: page=0x96000 idx=255 enabled=0 missCnt=18 lastAccess=191585886003->191586062493
191586238983: system.l3cache.prefetcher: XPT_UPDATE: page=0x96000 idx=255 enabled=0 missCnt=19 lastAccess=191586062493->191586238983
191586415473: system.l3cache.prefetcher: XPT_UPDATE: page=0x96000 idx=255 enabled=0 missCnt=20 lastAccess=191586238983->191586415473
191586591963: system.l3cache.prefetcher: XPT_UPDATE: page=0x96000 idx=255 enabled=0 missCnt=21 lastAccess=191586415473->191586591963
191586768453: system.l3cache.prefetcher: XPT_UPDATE: page=0x96000 idx=255 enabled=0 missCnt=22 lastAccess=191586591963->191586768453
191586944943: system.l3cache.prefetcher: XPT_UPDATE: page=0x96000 idx=255 enabled=0 missCnt=23 lastAccess=191586768453->191586944943
191587146408: system.l3cache.prefetcher: XPT_UPDATE: page=0x96000 idx=255 enabled=0 missCnt=24 lastAccess=191586944943->191587146408
191587322898: system.l3cache.prefetcher: XPT_UPDATE: page=0x96000 idx=255 enabled=0 missCnt=25 lastAccess=191587146408->191587322898
191587499388: system.l3cache.prefetcher: XPT_UPDATE: page=0x96000 idx=255 enabled=0 missCnt=26 lastAccess=191587322898->191587499388
191587675878: system.l3cache.prefetcher: XPT_UPDATE: page=0x96000 idx=255 enabled=0 missCnt=27 lastAccess=191587499388->191587675878
191587852368: system.l3cache.prefetcher: XPT_UPDATE: page=0x96000 idx=255 enabled=0 missCnt=28 lastAccess=191587675878->191587852368
191588028858: system.l3cache.prefetcher: XPT_UPDATE: page=0x96000 idx=255 enabled=0 missCnt=29 lastAccess=191587852368->191588028858
191588205348: system.l3cache.prefetcher: XPT_UPDATE: page=0x96000 idx=255 enabled=0 missCnt=30 lastAccess=191588028858->191588205348
191588381838: system.l3cache.prefetcher: XPT_UPDATE: page=0x96000 idx=255 enabled=0 missCnt=31 lastAccess=191588205348->191588381838
191588558328: system.l3cache.prefetcher: XPT_UPDATE: page=0x96000 idx=255 enabled=1 missCnt=32 lastAccess=191588381838->191588558328
191588708178: system.l3cache.prefetcher: XPT_UPDATE: page=0x96000 idx=255 enabled=1 missCnt=32 lastAccess=191588558328->191588708178
191588858028: system.l3cache.prefetcher: XPT_UPDATE: page=0x96000 idx=255 enabled=1 missCnt=32 lastAccess=191588708178->191588858028
192025469979: system.l3cache.prefetcher:   [EVICT] idx=200 page=0x96000 enabled=1 missCnt=32 lastAccess=191588858028
193303038132: system.l3cache.prefetcher: === XPTGuard === page=0x96000 asid=0 core=6 c=256/n=256 P=1.000 r=0.141 trig=YES vGLO=1
193303038132: system.l3cache.prefetcher: XPTGuard: page=0x96000 c=256 n=256 P=1.000 r=0.141 trig=1
193303038132: system.l3cache.prefetcher:   [INSERT] page=0x96000 -> table size: 256/256
193509207423: system.l3cache.prefetcher: XPT_UPDATE: page=0x96000 idx=8 enabled=0 missCnt=0 lastAccess=193303038132->193509207423
193509433863: system.l3cache.prefetcher: XPT_UPDATE: page=0x96000 idx=8 enabled=0 missCnt=1 lastAccess=193509207423->193509433863
193509610353: system.l3cache.prefetcher: XPT_UPDATE: page=0x96000 idx=8 enabled=0 missCnt=2 lastAccess=193509433863->193509610353
193509786843: system.l3cache.prefetcher: XPT_UPDATE: page=0x96000 idx=8 enabled=0 missCnt=3 lastAccess=193509610353->193509786843
193509963333: system.l3cache.prefetcher: XPT_UPDATE: page=0x96000 idx=8 enabled=0 missCnt=4 lastAccess=193509786843->193509963333
193510139823: system.l3cache.prefetcher: XPT_UPDATE: page=0x96000 idx=8 enabled=0 missCnt=5 lastAccess=193509963333->193510139823
193510316313: system.l3cache.prefetcher: XPT_UPDATE: page=0x96000 idx=8 enabled=0 missCnt=6 lastAccess=193510139823->193510316313
193510492803: system.l3cache.prefetcher: XPT_UPDATE: page=0x96000 idx=8 enabled=0 missCnt=7 lastAccess=193510316313->193510492803
193510669293: system.l3cache.prefetcher: XPT_UPDATE: page=0x96000 idx=8 enabled=0 missCnt=8 lastAccess=193510492803->193510669293
193510845783: system.l3cache.prefetcher: XPT_UPDATE: page=0x96000 idx=8 enabled=0 missCnt=9 lastAccess=193510669293->193510845783
193511022273: system.l3cache.prefetcher: XPT_UPDATE: page=0x96000 idx=8 enabled=0 missCnt=10 lastAccess=193510845783->193511022273
193511198763: system.l3cache.prefetcher: XPT_UPDATE: page=0x96000 idx=8 enabled=0 missCnt=11 lastAccess=193511022273->193511198763
193511375253: system.l3cache.prefetcher: XPT_UPDATE: page=0x96000 idx=8 enabled=0 missCnt=12 lastAccess=193511198763->193511375253
193511551743: system.l3cache.prefetcher: XPT_UPDATE: page=0x96000 idx=8 enabled=0 missCnt=13 lastAccess=193511375253->193511551743
193511728233: system.l3cache.prefetcher: XPT_UPDATE: page=0x96000 idx=8 enabled=0 missCnt=14 lastAccess=193511551743->193511728233
193511904723: system.l3cache.prefetcher: XPT_UPDATE: page=0x96000 idx=8 enabled=0 missCnt=15 lastAccess=193511728233->193511904723
193512081213: system.l3cache.prefetcher: XPT_UPDATE: page=0x96000 idx=8 enabled=0 missCnt=16 lastAccess=193511904723->193512081213
193512497796: system.l3cache.prefetcher: XPT_UPDATE: page=0x96000 idx=8 enabled=0 missCnt=17 lastAccess=193512081213->193512497796
193512674286: system.l3cache.prefetcher: XPT_UPDATE: page=0x96000 idx=8 enabled=0 missCnt=18 lastAccess=193512497796->193512674286
193512850776: system.l3cache.prefetcher: XPT_UPDATE: page=0x96000 idx=8 enabled=0 missCnt=19 lastAccess=193512674286->193512850776
193513027266: system.l3cache.prefetcher: XPT_UPDATE: page=0x96000 idx=8 enabled=0 missCnt=20 lastAccess=193512850776->193513027266
193513203756: system.l3cache.prefetcher: XPT_UPDATE: page=0x96000 idx=8 enabled=0 missCnt=21 lastAccess=193513027266->193513203756
193513380246: system.l3cache.prefetcher: XPT_UPDATE: page=0x96000 idx=8 enabled=0 missCnt=22 lastAccess=193513203756->193513380246
193513556736: system.l3cache.prefetcher: XPT_UPDATE: page=0x96000 idx=8 enabled=0 missCnt=23 lastAccess=193513380246->193513556736
193513733226: system.l3cache.prefetcher: XPT_UPDATE: page=0x96000 idx=8 enabled=0 missCnt=24 lastAccess=193513556736->193513733226
193513909716: system.l3cache.prefetcher: XPT_UPDATE: page=0x96000 idx=8 enabled=0 missCnt=25 lastAccess=193513733226->193513909716
193514086206: system.l3cache.prefetcher: XPT_UPDATE: page=0x96000 idx=8 enabled=0 missCnt=26 lastAccess=193513909716->193514086206
193514262696: system.l3cache.prefetcher: XPT_UPDATE: page=0x96000 idx=8 enabled=0 missCnt=27 lastAccess=193514086206->193514262696
193514439186: system.l3cache.prefetcher: XPT_UPDATE: page=0x96000 idx=8 enabled=0 missCnt=28 lastAccess=193514262696->193514439186
193514615676: system.l3cache.prefetcher: XPT_UPDATE: page=0x96000 idx=8 enabled=0 missCnt=29 lastAccess=193514439186->193514615676
193514792166: system.l3cache.prefetcher: XPT_UPDATE: page=0x96000 idx=8 enabled=0 missCnt=30 lastAccess=193514615676->193514792166
193514968656: system.l3cache.prefetcher: XPT_UPDATE: page=0x96000 idx=8 enabled=0 missCnt=31 lastAccess=193514792166->193514968656
193515145146: system.l3cache.prefetcher: XPT_UPDATE: page=0x96000 idx=8 enabled=1 missCnt=32 lastAccess=193514968656->193515145146
193515319971: system.l3cache.prefetcher: XPT_UPDATE: page=0x96000 idx=8 enabled=1 missCnt=32 lastAccess=193515145146->193515319971
193515469821: system.l3cache.prefetcher: XPT_UPDATE: page=0x96000 idx=8 enabled=1 missCnt=32 lastAccess=193515319971->193515469821
193515619671: system.l3cache.prefetcher: XPT_UPDATE: page=0x96000 idx=8 enabled=1 missCnt=32 lastAccess=193515469821->193515619671
194226299613: system.l3cache.prefetcher:   [EVICT] idx=5 page=0x96000 enabled=1 missCnt=32 lastAccess=193515619671
195228943965: system.l3cache.prefetcher: === XPTGuard === page=0x96000 asid=0 core=6 c=256/n=256 P=1.000 r=0.960 trig=YES vGLO=1
195228943965: system.l3cache.prefetcher: XPTGuard: page=0x96000 c=256 n=256 P=1.000 r=0.960 trig=1
195228943965: system.l3cache.prefetcher:   [INSERT] page=0x96000 -> table size: 256/256
195343872255: system.l3cache.prefetcher:   [EVICT] idx=17 page=0x96000 enabled=0 missCnt=0 lastAccess=195228943965
195434139231: system.l3cache.prefetcher: === XPTGuard === page=0x96000 asid=0 core=6 c=256/n=256 P=1.000 r=0.749 trig=YES vGLO=1
195434139231: system.l3cache.prefetcher: XPTGuard: page=0x96000 c=256 n=256 P=1.000 r=0.749 trig=1
195434139231: system.l3cache.prefetcher:   [INSERT] page=0x96000 -> table size: 256/256
195434340696: system.l3cache.prefetcher: XPT_UPDATE: page=0x96000 idx=255 enabled=0 missCnt=0 lastAccess=195434139231->195434340696
195434517186: system.l3cache.prefetcher: XPT_UPDATE: page=0x96000 idx=255 enabled=0 missCnt=1 lastAccess=195434340696->195434517186
195434693676: system.l3cache.prefetcher: XPT_UPDATE: page=0x96000 idx=255 enabled=0 missCnt=2 lastAccess=195434517186->195434693676
195434870166: system.l3cache.prefetcher: XPT_UPDATE: page=0x96000 idx=255 enabled=0 missCnt=3 lastAccess=195434693676->195434870166
195435046656: system.l3cache.prefetcher: XPT_UPDATE: page=0x96000 idx=255 enabled=0 missCnt=4 lastAccess=195434870166->195435046656
195435223146: system.l3cache.prefetcher: XPT_UPDATE: page=0x96000 idx=255 enabled=0 missCnt=5 lastAccess=195435046656->195435223146
195435399636: system.l3cache.prefetcher: XPT_UPDATE: page=0x96000 idx=255 enabled=0 missCnt=6 lastAccess=195435223146->195435399636
195435576126: system.l3cache.prefetcher: XPT_UPDATE: page=0x96000 idx=255 enabled=0 missCnt=7 lastAccess=195435399636->195435576126
195435752616: system.l3cache.prefetcher: XPT_UPDATE: page=0x96000 idx=255 enabled=0 missCnt=8 lastAccess=195435576126->195435752616
195435929106: system.l3cache.prefetcher: XPT_UPDATE: page=0x96000 idx=255 enabled=0 missCnt=9 lastAccess=195435752616->195435929106
195436105596: system.l3cache.prefetcher: XPT_UPDATE: page=0x96000 idx=255 enabled=0 missCnt=10 lastAccess=195435929106->195436105596
195436282086: system.l3cache.prefetcher: XPT_UPDATE: page=0x96000 idx=255 enabled=0 missCnt=11 lastAccess=195436105596->195436282086
195436458576: system.l3cache.prefetcher: XPT_UPDATE: page=0x96000 idx=255 enabled=0 missCnt=12 lastAccess=195436282086->195436458576
195436635066: system.l3cache.prefetcher: XPT_UPDATE: page=0x96000 idx=255 enabled=0 missCnt=13 lastAccess=195436458576->195436635066
195436811556: system.l3cache.prefetcher: XPT_UPDATE: page=0x96000 idx=255 enabled=0 missCnt=14 lastAccess=195436635066->195436811556
195436988046: system.l3cache.prefetcher: XPT_UPDATE: page=0x96000 idx=255 enabled=0 missCnt=15 lastAccess=195436811556->195436988046
195437189511: system.l3cache.prefetcher: XPT_UPDATE: page=0x96000 idx=255 enabled=0 missCnt=16 lastAccess=195436988046->195437189511
195437366001: system.l3cache.prefetcher: XPT_UPDATE: page=0x96000 idx=255 enabled=0 missCnt=17 lastAccess=195437189511->195437366001
195437542491: system.l3cache.prefetcher: XPT_UPDATE: page=0x96000 idx=255 enabled=0 missCnt=18 lastAccess=195437366001->195437542491
195437718981: system.l3cache.prefetcher: XPT_UPDATE: page=0x96000 idx=255 enabled=0 missCnt=19 lastAccess=195437542491->195437718981
195437895471: system.l3cache.prefetcher: XPT_UPDATE: page=0x96000 idx=255 enabled=0 missCnt=20 lastAccess=195437718981->195437895471
195438071961: system.l3cache.prefetcher: XPT_UPDATE: page=0x96000 idx=255 enabled=0 missCnt=21 lastAccess=195437895471->195438071961
195438248451: system.l3cache.prefetcher: XPT_UPDATE: page=0x96000 idx=255 enabled=0 missCnt=22 lastAccess=195438071961->195438248451
195438424941: system.l3cache.prefetcher: XPT_UPDATE: page=0x96000 idx=255 enabled=0 missCnt=23 lastAccess=195438248451->195438424941
195438601431: system.l3cache.prefetcher: XPT_UPDATE: page=0x96000 idx=255 enabled=0 missCnt=24 lastAccess=195438424941->195438601431
195438777921: system.l3cache.prefetcher: XPT_UPDATE: page=0x96000 idx=255 enabled=0 missCnt=25 lastAccess=195438601431->195438777921
195438954411: system.l3cache.prefetcher: XPT_UPDATE: page=0x96000 idx=255 enabled=0 missCnt=26 lastAccess=195438777921->195438954411
195439130901: system.l3cache.prefetcher: XPT_UPDATE: page=0x96000 idx=255 enabled=0 missCnt=27 lastAccess=195438954411->195439130901
195439307391: system.l3cache.prefetcher: XPT_UPDATE: page=0x96000 idx=255 enabled=0 missCnt=28 lastAccess=195439130901->195439307391
195439483881: system.l3cache.prefetcher: XPT_UPDATE: page=0x96000 idx=255 enabled=0 missCnt=29 lastAccess=195439307391->195439483881
195439660371: system.l3cache.prefetcher: XPT_UPDATE: page=0x96000 idx=255 enabled=0 missCnt=30 lastAccess=195439483881->195439660371
195439836861: system.l3cache.prefetcher: XPT_UPDATE: page=0x96000 idx=255 enabled=0 missCnt=31 lastAccess=195439660371->195439836861
195440038326: system.l3cache.prefetcher: XPT_UPDATE: page=0x96000 idx=255 enabled=1 missCnt=32 lastAccess=195439836861->195440038326
195440188176: system.l3cache.prefetcher: XPT_UPDATE: page=0x96000 idx=255 enabled=1 missCnt=32 lastAccess=195440038326->195440188176
195440697666: system.l3cache.prefetcher: XPT_UPDATE: page=0x96000 idx=255 enabled=1 missCnt=32 lastAccess=195440188176->195440697666
195440852178: system.l3cache.prefetcher:   [EVICT] idx=255 page=0x96000 enabled=1 missCnt=32 lastAccess=195440697666
197153495487: system.l3cache.prefetcher: === XPTGuard === page=0x96000 asid=0 core=6 c=256/n=256 P=1.000 r=0.595 trig=YES vGLO=1
197153495487: system.l3cache.prefetcher: XPTGuard: page=0x96000 c=256 n=256 P=1.000 r=0.595 trig=1
197153495487: system.l3cache.prefetcher:   [INSERT] page=0x96000 -> table size: 256/256
197163427545: system.l3cache.prefetcher:   [EVICT] idx=213 page=0x96000 enabled=0 missCnt=0 lastAccess=197153495487
197358604173: system.l3cache.prefetcher: === XPTGuard === page=0x96000 asid=0 core=6 c=256/n=256 P=1.000 r=0.036 trig=YES vGLO=1
197358604173: system.l3cache.prefetcher: XPTGuard: page=0x96000 c=256 n=256 P=1.000 r=0.036 trig=1
197358604173: system.l3cache.prefetcher:   [INSERT] page=0x96000 -> table size: 256/256
197358830613: system.l3cache.prefetcher: XPT_UPDATE: page=0x96000 idx=255 enabled=0 missCnt=0 lastAccess=197358604173->197358830613
197359007103: system.l3cache.prefetcher: XPT_UPDATE: page=0x96000 idx=255 enabled=0 missCnt=1 lastAccess=197358830613->197359007103
197359183593: system.l3cache.prefetcher: XPT_UPDATE: page=0x96000 idx=255 enabled=0 missCnt=2 lastAccess=197359007103->197359183593
197359360083: system.l3cache.prefetcher: XPT_UPDATE: page=0x96000 idx=255 enabled=0 missCnt=3 lastAccess=197359183593->197359360083
197359536573: system.l3cache.prefetcher: XPT_UPDATE: page=0x96000 idx=255 enabled=0 missCnt=4 lastAccess=197359360083->197359536573
197359713063: system.l3cache.prefetcher: XPT_UPDATE: page=0x96000 idx=255 enabled=0 missCnt=5 lastAccess=197359536573->197359713063
197359889553: system.l3cache.prefetcher: XPT_UPDATE: page=0x96000 idx=255 enabled=0 missCnt=6 lastAccess=197359713063->197359889553
197360066043: system.l3cache.prefetcher: XPT_UPDATE: page=0x96000 idx=255 enabled=0 missCnt=7 lastAccess=197359889553->197360066043
197360242533: system.l3cache.prefetcher: XPT_UPDATE: page=0x96000 idx=255 enabled=0 missCnt=8 lastAccess=197360066043->197360242533
197360419023: system.l3cache.prefetcher: XPT_UPDATE: page=0x96000 idx=255 enabled=0 missCnt=9 lastAccess=197360242533->197360419023
197360595513: system.l3cache.prefetcher: XPT_UPDATE: page=0x96000 idx=255 enabled=0 missCnt=10 lastAccess=197360419023->197360595513
197361122652: system.l3cache.prefetcher: XPT_UPDATE: page=0x96000 idx=255 enabled=0 missCnt=11 lastAccess=197360595513->197361122652
197361299142: system.l3cache.prefetcher: XPT_UPDATE: page=0x96000 idx=255 enabled=0 missCnt=12 lastAccess=197361122652->197361299142
197361475632: system.l3cache.prefetcher: XPT_UPDATE: page=0x96000 idx=255 enabled=0 missCnt=13 lastAccess=197361299142->197361475632
197361652122: system.l3cache.prefetcher: XPT_UPDATE: page=0x96000 idx=255 enabled=0 missCnt=14 lastAccess=197361475632->197361652122
197361828612: system.l3cache.prefetcher: XPT_UPDATE: page=0x96000 idx=255 enabled=0 missCnt=15 lastAccess=197361652122->197361828612
197362005102: system.l3cache.prefetcher: XPT_UPDATE: page=0x96000 idx=255 enabled=0 missCnt=16 lastAccess=197361828612->197362005102
197362181592: system.l3cache.prefetcher: XPT_UPDATE: page=0x96000 idx=255 enabled=0 missCnt=17 lastAccess=197362005102->197362181592
197362358082: system.l3cache.prefetcher: XPT_UPDATE: page=0x96000 idx=255 enabled=0 missCnt=18 lastAccess=197362181592->197362358082
197362534572: system.l3cache.prefetcher: XPT_UPDATE: page=0x96000 idx=255 enabled=0 missCnt=19 lastAccess=197362358082->197362534572
197362711062: system.l3cache.prefetcher: XPT_UPDATE: page=0x96000 idx=255 enabled=0 missCnt=20 lastAccess=197362534572->197362711062
197362887552: system.l3cache.prefetcher: XPT_UPDATE: page=0x96000 idx=255 enabled=0 missCnt=21 lastAccess=197362711062->197362887552
197363064042: system.l3cache.prefetcher: XPT_UPDATE: page=0x96000 idx=255 enabled=0 missCnt=22 lastAccess=197362887552->197363064042
197363240532: system.l3cache.prefetcher: XPT_UPDATE: page=0x96000 idx=255 enabled=0 missCnt=23 lastAccess=197363064042->197363240532
197363417022: system.l3cache.prefetcher: XPT_UPDATE: page=0x96000 idx=255 enabled=0 missCnt=24 lastAccess=197363240532->197363417022
197363593512: system.l3cache.prefetcher: XPT_UPDATE: page=0x96000 idx=255 enabled=0 missCnt=25 lastAccess=197363417022->197363593512
197363770002: system.l3cache.prefetcher: XPT_UPDATE: page=0x96000 idx=255 enabled=0 missCnt=26 lastAccess=197363593512->197363770002
197363971467: system.l3cache.prefetcher: XPT_UPDATE: page=0x96000 idx=255 enabled=0 missCnt=27 lastAccess=197363770002->197363971467
197364147957: system.l3cache.prefetcher: XPT_UPDATE: page=0x96000 idx=255 enabled=0 missCnt=28 lastAccess=197363971467->197364147957
197364324447: system.l3cache.prefetcher: XPT_UPDATE: page=0x96000 idx=255 enabled=0 missCnt=29 lastAccess=197364147957->197364324447
197364500937: system.l3cache.prefetcher: XPT_UPDATE: page=0x96000 idx=255 enabled=0 missCnt=30 lastAccess=197364324447->197364500937
197364677427: system.l3cache.prefetcher: XPT_UPDATE: page=0x96000 idx=255 enabled=0 missCnt=31 lastAccess=197364500937->197364677427
197364853917: system.l3cache.prefetcher: XPT_UPDATE: page=0x96000 idx=255 enabled=1 missCnt=32 lastAccess=197364677427->197364853917
197365003767: system.l3cache.prefetcher: XPT_UPDATE: page=0x96000 idx=255 enabled=1 missCnt=32 lastAccess=197364853917->197365003767
197365153617: system.l3cache.prefetcher: XPT_UPDATE: page=0x96000 idx=255 enabled=1 missCnt=32 lastAccess=197365003767->197365153617
197627841666: system.l3cache.prefetcher:   [EVICT] idx=218 page=0x96000 enabled=1 missCnt=32 lastAccess=197365153617
199078559163: system.l3cache.prefetcher: === XPTGuard === page=0x96000 asid=0 core=6 c=256/n=256 P=1.000 r=0.149 trig=YES vGLO=1
199078559163: system.l3cache.prefetcher: XPTGuard: page=0x96000 c=256 n=256 P=1.000 r=0.149 trig=1
199078559163: system.l3cache.prefetcher:   [INSERT] page=0x96000 -> table size: 256/256
199118276739: system.l3cache.prefetcher:   [EVICT] idx=116 page=0x96000 enabled=0 missCnt=0 lastAccess=199078559163
199283535981: system.l3cache.prefetcher: === XPTGuard === page=0x96000 asid=0 core=6 c=256/n=256 P=1.000 r=0.366 trig=YES vGLO=1
199283535981: system.l3cache.prefetcher: XPTGuard: page=0x96000 c=256 n=256 P=1.000 r=0.366 trig=1
199283535981: system.l3cache.prefetcher:   [INSERT] page=0x96000 -> table size: 256/256
199283737446: system.l3cache.prefetcher: XPT_UPDATE: page=0x96000 idx=255 enabled=0 missCnt=0 lastAccess=199283535981->199283737446
199283913936: system.l3cache.prefetcher: XPT_UPDATE: page=0x96000 idx=255 enabled=0 missCnt=1 lastAccess=199283737446->199283913936
199284090426: system.l3cache.prefetcher: XPT_UPDATE: page=0x96000 idx=255 enabled=0 missCnt=2 lastAccess=199283913936->199284090426
199284266916: system.l3cache.prefetcher: XPT_UPDATE: page=0x96000 idx=255 enabled=0 missCnt=3 lastAccess=199284090426->199284266916
199284443406: system.l3cache.prefetcher: XPT_UPDATE: page=0x96000 idx=255 enabled=0 missCnt=4 lastAccess=199284266916->199284443406
199284619896: system.l3cache.prefetcher: XPT_UPDATE: page=0x96000 idx=255 enabled=0 missCnt=5 lastAccess=199284443406->199284619896
199284796386: system.l3cache.prefetcher: XPT_UPDATE: page=0x96000 idx=255 enabled=0 missCnt=6 lastAccess=199284619896->199284796386
199284972876: system.l3cache.prefetcher: XPT_UPDATE: page=0x96000 idx=255 enabled=0 missCnt=7 lastAccess=199284796386->199284972876
199285149366: system.l3cache.prefetcher: XPT_UPDATE: page=0x96000 idx=255 enabled=0 missCnt=8 lastAccess=199284972876->199285149366
199285325856: system.l3cache.prefetcher: XPT_UPDATE: page=0x96000 idx=255 enabled=0 missCnt=9 lastAccess=199285149366->199285325856
199285502346: system.l3cache.prefetcher: XPT_UPDATE: page=0x96000 idx=255 enabled=0 missCnt=10 lastAccess=199285325856->199285502346
199285678836: system.l3cache.prefetcher: XPT_UPDATE: page=0x96000 idx=255 enabled=0 missCnt=11 lastAccess=199285502346->199285678836
199285855326: system.l3cache.prefetcher: XPT_UPDATE: page=0x96000 idx=255 enabled=0 missCnt=12 lastAccess=199285678836->199285855326
199286031816: system.l3cache.prefetcher: XPT_UPDATE: page=0x96000 idx=255 enabled=0 missCnt=13 lastAccess=199285855326->199286031816
199286208306: system.l3cache.prefetcher: XPT_UPDATE: page=0x96000 idx=255 enabled=0 missCnt=14 lastAccess=199286031816->199286208306
199286384796: system.l3cache.prefetcher: XPT_UPDATE: page=0x96000 idx=255 enabled=0 missCnt=15 lastAccess=199286208306->199286384796
199286586261: system.l3cache.prefetcher: XPT_UPDATE: page=0x96000 idx=255 enabled=0 missCnt=16 lastAccess=199286384796->199286586261
199286762751: system.l3cache.prefetcher: XPT_UPDATE: page=0x96000 idx=255 enabled=0 missCnt=17 lastAccess=199286586261->199286762751
199286939241: system.l3cache.prefetcher: XPT_UPDATE: page=0x96000 idx=255 enabled=0 missCnt=18 lastAccess=199286762751->199286939241
199287115731: system.l3cache.prefetcher: XPT_UPDATE: page=0x96000 idx=255 enabled=0 missCnt=19 lastAccess=199286939241->199287115731
199287292221: system.l3cache.prefetcher: XPT_UPDATE: page=0x96000 idx=255 enabled=0 missCnt=20 lastAccess=199287115731->199287292221
199287468711: system.l3cache.prefetcher: XPT_UPDATE: page=0x96000 idx=255 enabled=0 missCnt=21 lastAccess=199287292221->199287468711
199287645201: system.l3cache.prefetcher: XPT_UPDATE: page=0x96000 idx=255 enabled=0 missCnt=22 lastAccess=199287468711->199287645201
199287821691: system.l3cache.prefetcher: XPT_UPDATE: page=0x96000 idx=255 enabled=0 missCnt=23 lastAccess=199287645201->199287821691
199287998181: system.l3cache.prefetcher: XPT_UPDATE: page=0x96000 idx=255 enabled=0 missCnt=24 lastAccess=199287821691->199287998181
199288174671: system.l3cache.prefetcher: XPT_UPDATE: page=0x96000 idx=255 enabled=0 missCnt=25 lastAccess=199287998181->199288174671
199288351161: system.l3cache.prefetcher: XPT_UPDATE: page=0x96000 idx=255 enabled=0 missCnt=26 lastAccess=199288174671->199288351161
199288527651: system.l3cache.prefetcher: XPT_UPDATE: page=0x96000 idx=255 enabled=0 missCnt=27 lastAccess=199288351161->199288527651
199288704141: system.l3cache.prefetcher: XPT_UPDATE: page=0x96000 idx=255 enabled=0 missCnt=28 lastAccess=199288527651->199288704141
199288880631: system.l3cache.prefetcher: XPT_UPDATE: page=0x96000 idx=255 enabled=0 missCnt=29 lastAccess=199288704141->199288880631
199289322855: system.l3cache.prefetcher: XPT_UPDATE: page=0x96000 idx=255 enabled=0 missCnt=30 lastAccess=199288880631->199289322855
199289499345: system.l3cache.prefetcher: XPT_UPDATE: page=0x96000 idx=255 enabled=0 missCnt=31 lastAccess=199289322855->199289499345
199289675835: system.l3cache.prefetcher: XPT_UPDATE: page=0x96000 idx=255 enabled=1 missCnt=32 lastAccess=199289499345->199289675835
199289825685: system.l3cache.prefetcher: XPT_UPDATE: page=0x96000 idx=255 enabled=1 missCnt=32 lastAccess=199289675835->199289825685
199289975535: system.l3cache.prefetcher: XPT_UPDATE: page=0x96000 idx=255 enabled=1 missCnt=32 lastAccess=199289825685->199289975535
201003149646: system.l3cache.prefetcher: XPT_UPDATE: page=0x96000 idx=93 enabled=1 missCnt=32 lastAccess=199289975535->201003149646
201010303485: system.l3cache.prefetcher:   [EVICT] idx=83 page=0x96000 enabled=1 missCnt=32 lastAccess=201003149646
201208206384: system.l3cache.prefetcher: === XPTGuard === page=0x96000 asid=0 core=6 c=256/n=256 P=1.000 r=0.039 trig=YES vGLO=1
201208206384: system.l3cache.prefetcher: XPTGuard: page=0x96000 c=256 n=256 P=1.000 r=0.039 trig=1
201208206384: system.l3cache.prefetcher:   [INSERT] page=0x96000 -> table size: 256/256
201208432824: system.l3cache.prefetcher: XPT_UPDATE: page=0x96000 idx=255 enabled=0 missCnt=0 lastAccess=201208206384->201208432824
201208609314: system.l3cache.prefetcher: XPT_UPDATE: page=0x96000 idx=255 enabled=0 missCnt=1 lastAccess=201208432824->201208609314
201208785804: system.l3cache.prefetcher: XPT_UPDATE: page=0x96000 idx=255 enabled=0 missCnt=2 lastAccess=201208609314->201208785804
201208962294: system.l3cache.prefetcher: XPT_UPDATE: page=0x96000 idx=255 enabled=0 missCnt=3 lastAccess=201208785804->201208962294
201209138784: system.l3cache.prefetcher: XPT_UPDATE: page=0x96000 idx=255 enabled=0 missCnt=4 lastAccess=201208962294->201209138784
201209315274: system.l3cache.prefetcher: XPT_UPDATE: page=0x96000 idx=255 enabled=0 missCnt=5 lastAccess=201209138784->201209315274
201209747841: system.l3cache.prefetcher: XPT_UPDATE: page=0x96000 idx=255 enabled=0 missCnt=6 lastAccess=201209315274->201209747841
201209924331: system.l3cache.prefetcher: XPT_UPDATE: page=0x96000 idx=255 enabled=0 missCnt=7 lastAccess=201209747841->201209924331
201210100821: system.l3cache.prefetcher: XPT_UPDATE: page=0x96000 idx=255 enabled=0 missCnt=8 lastAccess=201209924331->201210100821
201210277311: system.l3cache.prefetcher: XPT_UPDATE: page=0x96000 idx=255 enabled=0 missCnt=9 lastAccess=201210100821->201210277311
201210453801: system.l3cache.prefetcher: XPT_UPDATE: page=0x96000 idx=255 enabled=0 missCnt=10 lastAccess=201210277311->201210453801
201210630291: system.l3cache.prefetcher: XPT_UPDATE: page=0x96000 idx=255 enabled=0 missCnt=11 lastAccess=201210453801->201210630291
201210806781: system.l3cache.prefetcher: XPT_UPDATE: page=0x96000 idx=255 enabled=0 missCnt=12 lastAccess=201210630291->201210806781
201210983271: system.l3cache.prefetcher: XPT_UPDATE: page=0x96000 idx=255 enabled=0 missCnt=13 lastAccess=201210806781->201210983271
201211159761: system.l3cache.prefetcher: XPT_UPDATE: page=0x96000 idx=255 enabled=0 missCnt=14 lastAccess=201210983271->201211159761
201211336251: system.l3cache.prefetcher: XPT_UPDATE: page=0x96000 idx=255 enabled=0 missCnt=15 lastAccess=201211159761->201211336251
201211512741: system.l3cache.prefetcher: XPT_UPDATE: page=0x96000 idx=255 enabled=0 missCnt=16 lastAccess=201211336251->201211512741
201211689231: system.l3cache.prefetcher: XPT_UPDATE: page=0x96000 idx=255 enabled=0 missCnt=17 lastAccess=201211512741->201211689231
201211865721: system.l3cache.prefetcher: XPT_UPDATE: page=0x96000 idx=255 enabled=0 missCnt=18 lastAccess=201211689231->201211865721
201212042211: system.l3cache.prefetcher: XPT_UPDATE: page=0x96000 idx=255 enabled=0 missCnt=19 lastAccess=201211865721->201212042211
201212218701: system.l3cache.prefetcher: XPT_UPDATE: page=0x96000 idx=255 enabled=0 missCnt=20 lastAccess=201212042211->201212218701
201212395191: system.l3cache.prefetcher: XPT_UPDATE: page=0x96000 idx=255 enabled=0 missCnt=21 lastAccess=201212218701->201212395191
201212596656: system.l3cache.prefetcher: XPT_UPDATE: page=0x96000 idx=255 enabled=0 missCnt=22 lastAccess=201212395191->201212596656
201212773146: system.l3cache.prefetcher: XPT_UPDATE: page=0x96000 idx=255 enabled=0 missCnt=23 lastAccess=201212596656->201212773146
201212949636: system.l3cache.prefetcher: XPT_UPDATE: page=0x96000 idx=255 enabled=0 missCnt=24 lastAccess=201212773146->201212949636
201213126126: system.l3cache.prefetcher: XPT_UPDATE: page=0x96000 idx=255 enabled=0 missCnt=25 lastAccess=201212949636->201213126126
201213302616: system.l3cache.prefetcher: XPT_UPDATE: page=0x96000 idx=255 enabled=0 missCnt=26 lastAccess=201213126126->201213302616
201213479106: system.l3cache.prefetcher: XPT_UPDATE: page=0x96000 idx=255 enabled=0 missCnt=27 lastAccess=201213302616->201213479106
201213655596: system.l3cache.prefetcher: XPT_UPDATE: page=0x96000 idx=255 enabled=0 missCnt=28 lastAccess=201213479106->201213655596
201213832086: system.l3cache.prefetcher: XPT_UPDATE: page=0x96000 idx=255 enabled=0 missCnt=29 lastAccess=201213655596->201213832086
201214008576: system.l3cache.prefetcher: XPT_UPDATE: page=0x96000 idx=255 enabled=0 missCnt=30 lastAccess=201213832086->201214008576
201214185066: system.l3cache.prefetcher: XPT_UPDATE: page=0x96000 idx=255 enabled=0 missCnt=31 lastAccess=201214008576->201214185066
201214361556: system.l3cache.prefetcher: XPT_UPDATE: page=0x96000 idx=255 enabled=1 missCnt=32 lastAccess=201214185066->201214361556
201214511406: system.l3cache.prefetcher: XPT_UPDATE: page=0x96000 idx=255 enabled=1 missCnt=32 lastAccess=201214361556->201214511406
201214661256: system.l3cache.prefetcher: XPT_UPDATE: page=0x96000 idx=255 enabled=1 missCnt=32 lastAccess=201214511406->201214661256
202929927939: system.l3cache.prefetcher: XPT_UPDATE: page=0x96000 idx=88 enabled=1 missCnt=32 lastAccess=201214661256->202929927939
202946869647: system.l3cache.prefetcher:   [EVICT] idx=66 page=0x96000 enabled=1 missCnt=32 lastAccess=202929927939
203134862799: system.l3cache.prefetcher: === XPTGuard === page=0x96000 asid=0 core=6 c=256/n=256 P=1.000 r=0.926 trig=YES vGLO=1
203134862799: system.l3cache.prefetcher: XPTGuard: page=0x96000 c=256 n=256 P=1.000 r=0.926 trig=1
203134862799: system.l3cache.prefetcher:   [INSERT] page=0x96000 -> table size: 256/256
203135089239: system.l3cache.prefetcher: XPT_UPDATE: page=0x96000 idx=255 enabled=0 missCnt=0 lastAccess=203134862799->203135089239
203135265729: system.l3cache.prefetcher: XPT_UPDATE: page=0x96000 idx=255 enabled=0 missCnt=1 lastAccess=203135089239->203135265729
203135442219: system.l3cache.prefetcher: XPT_UPDATE: page=0x96000 idx=255 enabled=0 missCnt=2 lastAccess=203135265729->203135442219
203135618709: system.l3cache.prefetcher: XPT_UPDATE: page=0x96000 idx=255 enabled=0 missCnt=3 lastAccess=203135442219->203135618709
203135795199: system.l3cache.prefetcher: XPT_UPDATE: page=0x96000 idx=255 enabled=0 missCnt=4 lastAccess=203135618709->203135795199
203135971689: system.l3cache.prefetcher: XPT_UPDATE: page=0x96000 idx=255 enabled=0 missCnt=5 lastAccess=203135795199->203135971689
203136148179: system.l3cache.prefetcher: XPT_UPDATE: page=0x96000 idx=255 enabled=0 missCnt=6 lastAccess=203135971689->203136148179
203136324669: system.l3cache.prefetcher: XPT_UPDATE: page=0x96000 idx=255 enabled=0 missCnt=7 lastAccess=203136148179->203136324669
203136501159: system.l3cache.prefetcher: XPT_UPDATE: page=0x96000 idx=255 enabled=0 missCnt=8 lastAccess=203136324669->203136501159
203136677649: system.l3cache.prefetcher: XPT_UPDATE: page=0x96000 idx=255 enabled=0 missCnt=9 lastAccess=203136501159->203136677649
203136854139: system.l3cache.prefetcher: XPT_UPDATE: page=0x96000 idx=255 enabled=0 missCnt=10 lastAccess=203136677649->203136854139
203137030629: system.l3cache.prefetcher: XPT_UPDATE: page=0x96000 idx=255 enabled=0 missCnt=11 lastAccess=203136854139->203137030629
203137207119: system.l3cache.prefetcher: XPT_UPDATE: page=0x96000 idx=255 enabled=0 missCnt=12 lastAccess=203137030629->203137207119
203137383609: system.l3cache.prefetcher: XPT_UPDATE: page=0x96000 idx=255 enabled=0 missCnt=13 lastAccess=203137207119->203137383609
203137947711: system.l3cache.prefetcher: XPT_UPDATE: page=0x96000 idx=255 enabled=0 missCnt=14 lastAccess=203137383609->203137947711
203138124201: system.l3cache.prefetcher: XPT_UPDATE: page=0x96000 idx=255 enabled=0 missCnt=15 lastAccess=203137947711->203138124201
203138300691: system.l3cache.prefetcher: XPT_UPDATE: page=0x96000 idx=255 enabled=0 missCnt=16 lastAccess=203138124201->203138300691
203138477181: system.l3cache.prefetcher: XPT_UPDATE: page=0x96000 idx=255 enabled=0 missCnt=17 lastAccess=203138300691->203138477181
203138653671: system.l3cache.prefetcher: XPT_UPDATE: page=0x96000 idx=255 enabled=0 missCnt=18 lastAccess=203138477181->203138653671
203138830161: system.l3cache.prefetcher: XPT_UPDATE: page=0x96000 idx=255 enabled=0 missCnt=19 lastAccess=203138653671->203138830161
203139006651: system.l3cache.prefetcher: XPT_UPDATE: page=0x96000 idx=255 enabled=0 missCnt=20 lastAccess=203138830161->203139006651
203139183141: system.l3cache.prefetcher: XPT_UPDATE: page=0x96000 idx=255 enabled=0 missCnt=21 lastAccess=203139006651->203139183141
203139359631: system.l3cache.prefetcher: XPT_UPDATE: page=0x96000 idx=255 enabled=0 missCnt=22 lastAccess=203139183141->203139359631
203139536121: system.l3cache.prefetcher: XPT_UPDATE: page=0x96000 idx=255 enabled=0 missCnt=23 lastAccess=203139359631->203139536121
203139712611: system.l3cache.prefetcher: XPT_UPDATE: page=0x96000 idx=255 enabled=0 missCnt=24 lastAccess=203139536121->203139712611
203139889101: system.l3cache.prefetcher: XPT_UPDATE: page=0x96000 idx=255 enabled=0 missCnt=25 lastAccess=203139712611->203139889101
203140065591: system.l3cache.prefetcher: XPT_UPDATE: page=0x96000 idx=255 enabled=0 missCnt=26 lastAccess=203139889101->203140065591
203140242081: system.l3cache.prefetcher: XPT_UPDATE: page=0x96000 idx=255 enabled=0 missCnt=27 lastAccess=203140065591->203140242081
203140418571: system.l3cache.prefetcher: XPT_UPDATE: page=0x96000 idx=255 enabled=0 missCnt=28 lastAccess=203140242081->203140418571
203140595061: system.l3cache.prefetcher: XPT_UPDATE: page=0x96000 idx=255 enabled=0 missCnt=29 lastAccess=203140418571->203140595061
203140796526: system.l3cache.prefetcher: XPT_UPDATE: page=0x96000 idx=255 enabled=0 missCnt=30 lastAccess=203140595061->203140796526
203140973016: system.l3cache.prefetcher: XPT_UPDATE: page=0x96000 idx=255 enabled=0 missCnt=31 lastAccess=203140796526->203140973016
203141149506: system.l3cache.prefetcher: XPT_UPDATE: page=0x96000 idx=255 enabled=1 missCnt=32 lastAccess=203140973016->203141149506
203141299356: system.l3cache.prefetcher: XPT_UPDATE: page=0x96000 idx=255 enabled=1 missCnt=32 lastAccess=203141149506->203141299356
203141449206: system.l3cache.prefetcher: XPT_UPDATE: page=0x96000 idx=255 enabled=1 missCnt=32 lastAccess=203141299356->203141449206
204855982290: system.l3cache.prefetcher: XPT_UPDATE: page=0x96000 idx=88 enabled=1 missCnt=32 lastAccess=203141449206->204855982290
204882819759: system.l3cache.prefetcher:   [EVICT] idx=55 page=0x96000 enabled=1 missCnt=32 lastAccess=204855982290
205061132934: system.l3cache.prefetcher: === XPTGuard === page=0x96000 asid=0 core=6 c=256/n=256 P=1.000 r=0.788 trig=YES vGLO=1
205061132934: system.l3cache.prefetcher: XPTGuard: page=0x96000 c=256 n=256 P=1.000 r=0.788 trig=1
205061132934: system.l3cache.prefetcher:   [INSERT] page=0x96000 -> table size: 256/256
205061359374: system.l3cache.prefetcher: XPT_UPDATE: page=0x96000 idx=255 enabled=0 missCnt=0 lastAccess=205061132934->205061359374
205061535864: system.l3cache.prefetcher: XPT_UPDATE: page=0x96000 idx=255 enabled=0 missCnt=1 lastAccess=205061359374->205061535864
205061712354: system.l3cache.prefetcher: XPT_UPDATE: page=0x96000 idx=255 enabled=0 missCnt=2 lastAccess=205061535864->205061712354
205061888844: system.l3cache.prefetcher: XPT_UPDATE: page=0x96000 idx=255 enabled=0 missCnt=3 lastAccess=205061712354->205061888844
205062065334: system.l3cache.prefetcher: XPT_UPDATE: page=0x96000 idx=255 enabled=0 missCnt=4 lastAccess=205061888844->205062065334
205062241824: system.l3cache.prefetcher: XPT_UPDATE: page=0x96000 idx=255 enabled=0 missCnt=5 lastAccess=205062065334->205062241824
205062418314: system.l3cache.prefetcher: XPT_UPDATE: page=0x96000 idx=255 enabled=0 missCnt=6 lastAccess=205062241824->205062418314
205062594804: system.l3cache.prefetcher: XPT_UPDATE: page=0x96000 idx=255 enabled=0 missCnt=7 lastAccess=205062418314->205062594804
205062771294: system.l3cache.prefetcher: XPT_UPDATE: page=0x96000 idx=255 enabled=0 missCnt=8 lastAccess=205062594804->205062771294
205062947784: system.l3cache.prefetcher: XPT_UPDATE: page=0x96000 idx=255 enabled=0 missCnt=9 lastAccess=205062771294->205062947784
205063124274: system.l3cache.prefetcher: XPT_UPDATE: page=0x96000 idx=255 enabled=0 missCnt=10 lastAccess=205062947784->205063124274
205063300764: system.l3cache.prefetcher: XPT_UPDATE: page=0x96000 idx=255 enabled=0 missCnt=11 lastAccess=205063124274->205063300764
205063477254: system.l3cache.prefetcher: XPT_UPDATE: page=0x96000 idx=255 enabled=0 missCnt=12 lastAccess=205063300764->205063477254
205063653744: system.l3cache.prefetcher: XPT_UPDATE: page=0x96000 idx=255 enabled=0 missCnt=13 lastAccess=205063477254->205063653744
205063830234: system.l3cache.prefetcher: XPT_UPDATE: page=0x96000 idx=255 enabled=0 missCnt=14 lastAccess=205063653744->205063830234
205064006724: system.l3cache.prefetcher: XPT_UPDATE: page=0x96000 idx=255 enabled=0 missCnt=15 lastAccess=205063830234->205064006724
205064208189: system.l3cache.prefetcher: XPT_UPDATE: page=0x96000 idx=255 enabled=0 missCnt=16 lastAccess=205064006724->205064208189
205064384679: system.l3cache.prefetcher: XPT_UPDATE: page=0x96000 idx=255 enabled=0 missCnt=17 lastAccess=205064208189->205064384679
205064561169: system.l3cache.prefetcher: XPT_UPDATE: page=0x96000 idx=255 enabled=0 missCnt=18 lastAccess=205064384679->205064561169
205064737659: system.l3cache.prefetcher: XPT_UPDATE: page=0x96000 idx=255 enabled=0 missCnt=19 lastAccess=205064561169->205064737659
205064914149: system.l3cache.prefetcher: XPT_UPDATE: page=0x96000 idx=255 enabled=0 missCnt=20 lastAccess=205064737659->205064914149
205065090639: system.l3cache.prefetcher: XPT_UPDATE: page=0x96000 idx=255 enabled=0 missCnt=21 lastAccess=205064914149->205065090639
205065267129: system.l3cache.prefetcher: XPT_UPDATE: page=0x96000 idx=255 enabled=0 missCnt=22 lastAccess=205065090639->205065267129
205065443619: system.l3cache.prefetcher: XPT_UPDATE: page=0x96000 idx=255 enabled=0 missCnt=23 lastAccess=205065267129->205065443619
205065620109: system.l3cache.prefetcher: XPT_UPDATE: page=0x96000 idx=255 enabled=0 missCnt=24 lastAccess=205065443619->205065620109
205066147914: system.l3cache.prefetcher: XPT_UPDATE: page=0x96000 idx=255 enabled=0 missCnt=25 lastAccess=205065620109->205066147914
205066324404: system.l3cache.prefetcher: XPT_UPDATE: page=0x96000 idx=255 enabled=0 missCnt=26 lastAccess=205066147914->205066324404
205066500894: system.l3cache.prefetcher: XPT_UPDATE: page=0x96000 idx=255 enabled=0 missCnt=27 lastAccess=205066324404->205066500894
205066677384: system.l3cache.prefetcher: XPT_UPDATE: page=0x96000 idx=255 enabled=0 missCnt=28 lastAccess=205066500894->205066677384
205066853874: system.l3cache.prefetcher: XPT_UPDATE: page=0x96000 idx=255 enabled=0 missCnt=29 lastAccess=205066677384->205066853874
205067030364: system.l3cache.prefetcher: XPT_UPDATE: page=0x96000 idx=255 enabled=0 missCnt=30 lastAccess=205066853874->205067030364
205067206854: system.l3cache.prefetcher: XPT_UPDATE: page=0x96000 idx=255 enabled=0 missCnt=31 lastAccess=205067030364->205067206854
205067383344: system.l3cache.prefetcher: XPT_UPDATE: page=0x96000 idx=255 enabled=1 missCnt=32 lastAccess=205067206854->205067383344
205067533194: system.l3cache.prefetcher: XPT_UPDATE: page=0x96000 idx=255 enabled=1 missCnt=32 lastAccess=205067383344->205067533194
205067683044: system.l3cache.prefetcher: XPT_UPDATE: page=0x96000 idx=255 enabled=1 missCnt=32 lastAccess=205067533194->205067683044
206778945402: system.l3cache.prefetcher: XPT_UPDATE: page=0x96000 idx=97 enabled=1 missCnt=32 lastAccess=205067683044->206778945402
206812383264: system.l3cache.prefetcher:   [EVICT] idx=57 page=0x96000 enabled=1 missCnt=32 lastAccess=206778945402
206983873602: system.l3cache.prefetcher: === XPTGuard === page=0x96000 asid=0 core=6 c=256/n=256 P=1.000 r=0.749 trig=YES vGLO=1
206983873602: system.l3cache.prefetcher: XPTGuard: page=0x96000 c=256 n=256 P=1.000 r=0.749 trig=1
206983873602: system.l3cache.prefetcher:   [INSERT] page=0x96000 -> table size: 256/256
206984100042: system.l3cache.prefetcher: XPT_UPDATE: page=0x96000 idx=255 enabled=0 missCnt=0 lastAccess=206983873602->206984100042
206984276532: system.l3cache.prefetcher: XPT_UPDATE: page=0x96000 idx=255 enabled=0 missCnt=1 lastAccess=206984100042->206984276532
206984453022: system.l3cache.prefetcher: XPT_UPDATE: page=0x96000 idx=255 enabled=0 missCnt=2 lastAccess=206984276532->206984453022
206984629512: system.l3cache.prefetcher: XPT_UPDATE: page=0x96000 idx=255 enabled=0 missCnt=3 lastAccess=206984453022->206984629512
206984806002: system.l3cache.prefetcher: XPT_UPDATE: page=0x96000 idx=255 enabled=0 missCnt=4 lastAccess=206984629512->206984806002
206984982492: system.l3cache.prefetcher: XPT_UPDATE: page=0x96000 idx=255 enabled=0 missCnt=5 lastAccess=206984806002->206984982492
206985158982: system.l3cache.prefetcher: XPT_UPDATE: page=0x96000 idx=255 enabled=0 missCnt=6 lastAccess=206984982492->206985158982
206985335472: system.l3cache.prefetcher: XPT_UPDATE: page=0x96000 idx=255 enabled=0 missCnt=7 lastAccess=206985158982->206985335472
206985511962: system.l3cache.prefetcher: XPT_UPDATE: page=0x96000 idx=255 enabled=0 missCnt=8 lastAccess=206985335472->206985511962
206985688452: system.l3cache.prefetcher: XPT_UPDATE: page=0x96000 idx=255 enabled=0 missCnt=9 lastAccess=206985511962->206985688452
206985864942: system.l3cache.prefetcher: XPT_UPDATE: page=0x96000 idx=255 enabled=0 missCnt=10 lastAccess=206985688452->206985864942
206986041432: system.l3cache.prefetcher: XPT_UPDATE: page=0x96000 idx=255 enabled=0 missCnt=11 lastAccess=206985864942->206986041432
206986572900: system.l3cache.prefetcher: XPT_UPDATE: page=0x96000 idx=255 enabled=0 missCnt=12 lastAccess=206986041432->206986572900
206986749390: system.l3cache.prefetcher: XPT_UPDATE: page=0x96000 idx=255 enabled=0 missCnt=13 lastAccess=206986572900->206986749390
206986925880: system.l3cache.prefetcher: XPT_UPDATE: page=0x96000 idx=255 enabled=0 missCnt=14 lastAccess=206986749390->206986925880
206987102370: system.l3cache.prefetcher: XPT_UPDATE: page=0x96000 idx=255 enabled=0 missCnt=15 lastAccess=206986925880->206987102370
206987278860: system.l3cache.prefetcher: XPT_UPDATE: page=0x96000 idx=255 enabled=0 missCnt=16 lastAccess=206987102370->206987278860
206987455350: system.l3cache.prefetcher: XPT_UPDATE: page=0x96000 idx=255 enabled=0 missCnt=17 lastAccess=206987278860->206987455350
206987631840: system.l3cache.prefetcher: XPT_UPDATE: page=0x96000 idx=255 enabled=0 missCnt=18 lastAccess=206987455350->206987631840
206987808330: system.l3cache.prefetcher: XPT_UPDATE: page=0x96000 idx=255 enabled=0 missCnt=19 lastAccess=206987631840->206987808330
206987984820: system.l3cache.prefetcher: XPT_UPDATE: page=0x96000 idx=255 enabled=0 missCnt=20 lastAccess=206987808330->206987984820
206988161310: system.l3cache.prefetcher: XPT_UPDATE: page=0x96000 idx=255 enabled=0 missCnt=21 lastAccess=206987984820->206988161310
206988337800: system.l3cache.prefetcher: XPT_UPDATE: page=0x96000 idx=255 enabled=0 missCnt=22 lastAccess=206988161310->206988337800
206988514290: system.l3cache.prefetcher: XPT_UPDATE: page=0x96000 idx=255 enabled=0 missCnt=23 lastAccess=206988337800->206988514290
206988690780: system.l3cache.prefetcher: XPT_UPDATE: page=0x96000 idx=255 enabled=0 missCnt=24 lastAccess=206988514290->206988690780
206988867270: system.l3cache.prefetcher: XPT_UPDATE: page=0x96000 idx=255 enabled=0 missCnt=25 lastAccess=206988690780->206988867270
206989043760: system.l3cache.prefetcher: XPT_UPDATE: page=0x96000 idx=255 enabled=0 missCnt=26 lastAccess=206988867270->206989043760
206989220250: system.l3cache.prefetcher: XPT_UPDATE: page=0x96000 idx=255 enabled=0 missCnt=27 lastAccess=206989043760->206989220250
206989421715: system.l3cache.prefetcher: XPT_UPDATE: page=0x96000 idx=255 enabled=0 missCnt=28 lastAccess=206989220250->206989421715
206989598205: system.l3cache.prefetcher: XPT_UPDATE: page=0x96000 idx=255 enabled=0 missCnt=29 lastAccess=206989421715->206989598205
206989774695: system.l3cache.prefetcher: XPT_UPDATE: page=0x96000 idx=255 enabled=0 missCnt=30 lastAccess=206989598205->206989774695
206989951185: system.l3cache.prefetcher: XPT_UPDATE: page=0x96000 idx=255 enabled=0 missCnt=31 lastAccess=206989774695->206989951185
206990127675: system.l3cache.prefetcher: XPT_UPDATE: page=0x96000 idx=255 enabled=1 missCnt=32 lastAccess=206989951185->206990127675
206990277525: system.l3cache.prefetcher: XPT_UPDATE: page=0x96000 idx=255 enabled=1 missCnt=32 lastAccess=206990127675->206990277525
206990427375: system.l3cache.prefetcher: XPT_UPDATE: page=0x96000 idx=255 enabled=1 missCnt=32 lastAccess=206990277525->206990427375
207440622729: system.l3cache.prefetcher:   [EVICT] idx=197 page=0x96000 enabled=1 missCnt=32 lastAccess=206990427375
208705867551: system.l3cache.prefetcher: === XPTGuard === page=0x96000 asid=0 core=6 c=256/n=256 P=1.000 r=0.366 trig=YES vGLO=1
208705867551: system.l3cache.prefetcher: XPTGuard: page=0x96000 c=256 n=256 P=1.000 r=0.366 trig=1
208705867551: system.l3cache.prefetcher:   [INSERT] page=0x96000 -> table size: 256/256
208749335373: system.l3cache.prefetcher:   [EVICT] idx=119 page=0x96000 enabled=0 missCnt=0 lastAccess=208705867551
208911868344: system.l3cache.prefetcher: === XPTGuard === page=0x96000 asid=0 core=6 c=256/n=256 P=1.000 r=0.083 trig=YES vGLO=1
208911868344: system.l3cache.prefetcher: XPTGuard: page=0x96000 c=256 n=256 P=1.000 r=0.083 trig=1
208911868344: system.l3cache.prefetcher:   [INSERT] page=0x96000 -> table size: 256/256
208912094784: system.l3cache.prefetcher: XPT_UPDATE: page=0x96000 idx=255 enabled=0 missCnt=0 lastAccess=208911868344->208912094784
208912271274: system.l3cache.prefetcher: XPT_UPDATE: page=0x96000 idx=255 enabled=0 missCnt=1 lastAccess=208912094784->208912271274
208912447764: system.l3cache.prefetcher: XPT_UPDATE: page=0x96000 idx=255 enabled=0 missCnt=2 lastAccess=208912271274->208912447764
208912624254: system.l3cache.prefetcher: XPT_UPDATE: page=0x96000 idx=255 enabled=0 missCnt=3 lastAccess=208912447764->208912624254
208912800744: system.l3cache.prefetcher: XPT_UPDATE: page=0x96000 idx=255 enabled=0 missCnt=4 lastAccess=208912624254->208912800744
208912977234: system.l3cache.prefetcher: XPT_UPDATE: page=0x96000 idx=255 enabled=0 missCnt=5 lastAccess=208912800744->208912977234
208913153724: system.l3cache.prefetcher: XPT_UPDATE: page=0x96000 idx=255 enabled=0 missCnt=6 lastAccess=208912977234->208913153724
208913330214: system.l3cache.prefetcher: XPT_UPDATE: page=0x96000 idx=255 enabled=0 missCnt=7 lastAccess=208913153724->208913330214
208913506704: system.l3cache.prefetcher: XPT_UPDATE: page=0x96000 idx=255 enabled=0 missCnt=8 lastAccess=208913330214->208913506704
208913683194: system.l3cache.prefetcher: XPT_UPDATE: page=0x96000 idx=255 enabled=0 missCnt=9 lastAccess=208913506704->208913683194
208913859684: system.l3cache.prefetcher: XPT_UPDATE: page=0x96000 idx=255 enabled=0 missCnt=10 lastAccess=208913683194->208913859684
208914036174: system.l3cache.prefetcher: XPT_UPDATE: page=0x96000 idx=255 enabled=0 missCnt=11 lastAccess=208913859684->208914036174
208914212664: system.l3cache.prefetcher: XPT_UPDATE: page=0x96000 idx=255 enabled=0 missCnt=12 lastAccess=208914036174->208914212664
208914772770: system.l3cache.prefetcher: XPT_UPDATE: page=0x96000 idx=255 enabled=0 missCnt=13 lastAccess=208914212664->208914772770
208914949260: system.l3cache.prefetcher: XPT_UPDATE: page=0x96000 idx=255 enabled=0 missCnt=14 lastAccess=208914772770->208914949260
208915125750: system.l3cache.prefetcher: XPT_UPDATE: page=0x96000 idx=255 enabled=0 missCnt=15 lastAccess=208914949260->208915125750
208915302240: system.l3cache.prefetcher: XPT_UPDATE: page=0x96000 idx=255 enabled=0 missCnt=16 lastAccess=208915125750->208915302240
208915478730: system.l3cache.prefetcher: XPT_UPDATE: page=0x96000 idx=255 enabled=0 missCnt=17 lastAccess=208915302240->208915478730
208915655220: system.l3cache.prefetcher: XPT_UPDATE: page=0x96000 idx=255 enabled=0 missCnt=18 lastAccess=208915478730->208915655220
208915831710: system.l3cache.prefetcher: XPT_UPDATE: page=0x96000 idx=255 enabled=0 missCnt=19 lastAccess=208915655220->208915831710
208916008200: system.l3cache.prefetcher: XPT_UPDATE: page=0x96000 idx=255 enabled=0 missCnt=20 lastAccess=208915831710->208916008200
208916184690: system.l3cache.prefetcher: XPT_UPDATE: page=0x96000 idx=255 enabled=0 missCnt=21 lastAccess=208916008200->208916184690
208916361180: system.l3cache.prefetcher: XPT_UPDATE: page=0x96000 idx=255 enabled=0 missCnt=22 lastAccess=208916184690->208916361180
208916537670: system.l3cache.prefetcher: XPT_UPDATE: page=0x96000 idx=255 enabled=0 missCnt=23 lastAccess=208916361180->208916537670
208916714160: system.l3cache.prefetcher: XPT_UPDATE: page=0x96000 idx=255 enabled=0 missCnt=24 lastAccess=208916537670->208916714160
208916890650: system.l3cache.prefetcher: XPT_UPDATE: page=0x96000 idx=255 enabled=0 missCnt=25 lastAccess=208916714160->208916890650
208917067140: system.l3cache.prefetcher: XPT_UPDATE: page=0x96000 idx=255 enabled=0 missCnt=26 lastAccess=208916890650->208917067140
208917243630: system.l3cache.prefetcher: XPT_UPDATE: page=0x96000 idx=255 enabled=0 missCnt=27 lastAccess=208917067140->208917243630
208917420120: system.l3cache.prefetcher: XPT_UPDATE: page=0x96000 idx=255 enabled=0 missCnt=28 lastAccess=208917243630->208917420120
208917621585: system.l3cache.prefetcher: XPT_UPDATE: page=0x96000 idx=255 enabled=0 missCnt=29 lastAccess=208917420120->208917621585
208917798075: system.l3cache.prefetcher: XPT_UPDATE: page=0x96000 idx=255 enabled=0 missCnt=30 lastAccess=208917621585->208917798075
208917974565: system.l3cache.prefetcher: XPT_UPDATE: page=0x96000 idx=255 enabled=0 missCnt=31 lastAccess=208917798075->208917974565
208918151055: system.l3cache.prefetcher: XPT_UPDATE: page=0x96000 idx=255 enabled=1 missCnt=32 lastAccess=208917974565->208918151055
208918300905: system.l3cache.prefetcher: XPT_UPDATE: page=0x96000 idx=255 enabled=1 missCnt=32 lastAccess=208918151055->208918300905
208918450755: system.l3cache.prefetcher: XPT_UPDATE: page=0x96000 idx=255 enabled=1 missCnt=32 lastAccess=208918300905->208918450755
210634067754: system.l3cache.prefetcher: XPT_UPDATE: page=0x96000 idx=87 enabled=1 missCnt=32 lastAccess=208918450755->210634067754
210636626526: system.l3cache.prefetcher:   [EVICT] idx=83 page=0x96000 enabled=1 missCnt=32 lastAccess=210634067754
210839115834: system.l3cache.prefetcher: === XPTGuard === page=0x96000 asid=0 core=6 c=256/n=256 P=1.000 r=0.999 trig=YES vGLO=1
210839115834: system.l3cache.prefetcher: XPTGuard: page=0x96000 c=256 n=256 P=1.000 r=0.999 trig=1
210839115834: system.l3cache.prefetcher:   [INSERT] page=0x96000 -> table size: 256/256
210839342274: system.l3cache.prefetcher: XPT_UPDATE: page=0x96000 idx=255 enabled=0 missCnt=0 lastAccess=210839115834->210839342274
210839518764: system.l3cache.prefetcher: XPT_UPDATE: page=0x96000 idx=255 enabled=0 missCnt=1 lastAccess=210839342274->210839518764
210839695254: system.l3cache.prefetcher: XPT_UPDATE: page=0x96000 idx=255 enabled=0 missCnt=2 lastAccess=210839518764->210839695254
210839871744: system.l3cache.prefetcher: XPT_UPDATE: page=0x96000 idx=255 enabled=0 missCnt=3 lastAccess=210839695254->210839871744
210840048234: system.l3cache.prefetcher: XPT_UPDATE: page=0x96000 idx=255 enabled=0 missCnt=4 lastAccess=210839871744->210840048234
210840224724: system.l3cache.prefetcher: XPT_UPDATE: page=0x96000 idx=255 enabled=0 missCnt=5 lastAccess=210840048234->210840224724
210840401214: system.l3cache.prefetcher: XPT_UPDATE: page=0x96000 idx=255 enabled=0 missCnt=6 lastAccess=210840224724->210840401214
210840577704: system.l3cache.prefetcher: XPT_UPDATE: page=0x96000 idx=255 enabled=0 missCnt=7 lastAccess=210840401214->210840577704
210840754194: system.l3cache.prefetcher: XPT_UPDATE: page=0x96000 idx=255 enabled=0 missCnt=8 lastAccess=210840577704->210840754194
210840930684: system.l3cache.prefetcher: XPT_UPDATE: page=0x96000 idx=255 enabled=0 missCnt=9 lastAccess=210840754194->210840930684
210841107174: system.l3cache.prefetcher: XPT_UPDATE: page=0x96000 idx=255 enabled=0 missCnt=10 lastAccess=210840930684->210841107174
210841283664: system.l3cache.prefetcher: XPT_UPDATE: page=0x96000 idx=255 enabled=0 missCnt=11 lastAccess=210841107174->210841283664
210841460154: system.l3cache.prefetcher: XPT_UPDATE: page=0x96000 idx=255 enabled=0 missCnt=12 lastAccess=210841283664->210841460154
210841636644: system.l3cache.prefetcher: XPT_UPDATE: page=0x96000 idx=255 enabled=0 missCnt=13 lastAccess=210841460154->210841636644
210841813134: system.l3cache.prefetcher: XPT_UPDATE: page=0x96000 idx=255 enabled=0 missCnt=14 lastAccess=210841636644->210841813134
210841989624: system.l3cache.prefetcher: XPT_UPDATE: page=0x96000 idx=255 enabled=0 missCnt=15 lastAccess=210841813134->210841989624
210842191089: system.l3cache.prefetcher: XPT_UPDATE: page=0x96000 idx=255 enabled=0 missCnt=16 lastAccess=210841989624->210842191089
210842367579: system.l3cache.prefetcher: XPT_UPDATE: page=0x96000 idx=255 enabled=0 missCnt=17 lastAccess=210842191089->210842367579
210842544069: system.l3cache.prefetcher: XPT_UPDATE: page=0x96000 idx=255 enabled=0 missCnt=18 lastAccess=210842367579->210842544069
210842972640: system.l3cache.prefetcher: XPT_UPDATE: page=0x96000 idx=255 enabled=0 missCnt=19 lastAccess=210842544069->210842972640
210843149130: system.l3cache.prefetcher: XPT_UPDATE: page=0x96000 idx=255 enabled=0 missCnt=20 lastAccess=210842972640->210843149130
210843325620: system.l3cache.prefetcher: XPT_UPDATE: page=0x96000 idx=255 enabled=0 missCnt=21 lastAccess=210843149130->210843325620
210843502110: system.l3cache.prefetcher: XPT_UPDATE: page=0x96000 idx=255 enabled=0 missCnt=22 lastAccess=210843325620->210843502110
210843678600: system.l3cache.prefetcher: XPT_UPDATE: page=0x96000 idx=255 enabled=0 missCnt=23 lastAccess=210843502110->210843678600
210843855090: system.l3cache.prefetcher: XPT_UPDATE: page=0x96000 idx=255 enabled=0 missCnt=24 lastAccess=210843678600->210843855090
210844031580: system.l3cache.prefetcher: XPT_UPDATE: page=0x96000 idx=255 enabled=0 missCnt=25 lastAccess=210843855090->210844031580
210844208070: system.l3cache.prefetcher: XPT_UPDATE: page=0x96000 idx=255 enabled=0 missCnt=26 lastAccess=210844031580->210844208070
210844384560: system.l3cache.prefetcher: XPT_UPDATE: page=0x96000 idx=255 enabled=0 missCnt=27 lastAccess=210844208070->210844384560
210844561050: system.l3cache.prefetcher: XPT_UPDATE: page=0x96000 idx=255 enabled=0 missCnt=28 lastAccess=210844384560->210844561050
210844737540: system.l3cache.prefetcher: XPT_UPDATE: page=0x96000 idx=255 enabled=0 missCnt=29 lastAccess=210844561050->210844737540
210844914030: system.l3cache.prefetcher: XPT_UPDATE: page=0x96000 idx=255 enabled=0 missCnt=30 lastAccess=210844737540->210844914030
210845090520: system.l3cache.prefetcher: XPT_UPDATE: page=0x96000 idx=255 enabled=0 missCnt=31 lastAccess=210844914030->210845090520
210845267010: system.l3cache.prefetcher: XPT_UPDATE: page=0x96000 idx=255 enabled=1 missCnt=32 lastAccess=210845090520->210845267010
210845416860: system.l3cache.prefetcher: XPT_UPDATE: page=0x96000 idx=255 enabled=1 missCnt=32 lastAccess=210845267010->210845416860
210845566710: system.l3cache.prefetcher: XPT_UPDATE: page=0x96000 idx=255 enabled=1 missCnt=32 lastAccess=210845416860->210845566710
212174690256: system.l3cache.prefetcher:   [EVICT] idx=121 page=0x96000 enabled=1 missCnt=32 lastAccess=210845566710
212558442786: system.l3cache.prefetcher: === XPTGuard === page=0x96000 asid=0 core=6 c=256/n=256 P=1.000 r=0.774 trig=YES vGLO=1
212558442786: system.l3cache.prefetcher: XPTGuard: page=0x96000 c=256 n=256 P=1.000 r=0.774 trig=1
212558442786: system.l3cache.prefetcher:   [INSERT] page=0x96000 -> table size: 256/256
212610011832: system.l3cache.prefetcher:   [EVICT] idx=95 page=0x96000 enabled=0 missCnt=0 lastAccess=212558442786
212763636720: system.l3cache.prefetcher: === XPTGuard === page=0x96000 asid=0 core=6 c=256/n=256 P=1.000 r=0.277 trig=YES vGLO=1
212763636720: system.l3cache.prefetcher: XPTGuard: page=0x96000 c=256 n=256 P=1.000 r=0.277 trig=1
212763636720: system.l3cache.prefetcher:   [INSERT] page=0x96000 -> table size: 256/256
212763838185: system.l3cache.prefetcher: XPT_UPDATE: page=0x96000 idx=255 enabled=0 missCnt=0 lastAccess=212763636720->212763838185
212764014675: system.l3cache.prefetcher: XPT_UPDATE: page=0x96000 idx=255 enabled=0 missCnt=1 lastAccess=212763838185->212764014675
212764191165: system.l3cache.prefetcher: XPT_UPDATE: page=0x96000 idx=255 enabled=0 missCnt=2 lastAccess=212764014675->212764191165
212764367655: system.l3cache.prefetcher: XPT_UPDATE: page=0x96000 idx=255 enabled=0 missCnt=3 lastAccess=212764191165->212764367655
212764544145: system.l3cache.prefetcher: XPT_UPDATE: page=0x96000 idx=255 enabled=0 missCnt=4 lastAccess=212764367655->212764544145
212764720635: system.l3cache.prefetcher: XPT_UPDATE: page=0x96000 idx=255 enabled=0 missCnt=5 lastAccess=212764544145->212764720635
212764897125: system.l3cache.prefetcher: XPT_UPDATE: page=0x96000 idx=255 enabled=0 missCnt=6 lastAccess=212764720635->212764897125
212765073615: system.l3cache.prefetcher: XPT_UPDATE: page=0x96000 idx=255 enabled=0 missCnt=7 lastAccess=212764897125->212765073615
212765250105: system.l3cache.prefetcher: XPT_UPDATE: page=0x96000 idx=255 enabled=0 missCnt=8 lastAccess=212765073615->212765250105
212765426595: system.l3cache.prefetcher: XPT_UPDATE: page=0x96000 idx=255 enabled=0 missCnt=9 lastAccess=212765250105->212765426595
212765603085: system.l3cache.prefetcher: XPT_UPDATE: page=0x96000 idx=255 enabled=0 missCnt=10 lastAccess=212765426595->212765603085
212765779575: system.l3cache.prefetcher: XPT_UPDATE: page=0x96000 idx=255 enabled=0 missCnt=11 lastAccess=212765603085->212765779575
212765956065: system.l3cache.prefetcher: XPT_UPDATE: page=0x96000 idx=255 enabled=0 missCnt=12 lastAccess=212765779575->212765956065
212766132555: system.l3cache.prefetcher: XPT_UPDATE: page=0x96000 idx=255 enabled=0 missCnt=13 lastAccess=212765956065->212766132555
212766309045: system.l3cache.prefetcher: XPT_UPDATE: page=0x96000 idx=255 enabled=0 missCnt=14 lastAccess=212766132555->212766309045
212766485535: system.l3cache.prefetcher: XPT_UPDATE: page=0x96000 idx=255 enabled=0 missCnt=15 lastAccess=212766309045->212766485535
212766687000: system.l3cache.prefetcher: XPT_UPDATE: page=0x96000 idx=255 enabled=0 missCnt=16 lastAccess=212766485535->212766687000
212766863490: system.l3cache.prefetcher: XPT_UPDATE: page=0x96000 idx=255 enabled=0 missCnt=17 lastAccess=212766687000->212766863490
212767039980: system.l3cache.prefetcher: XPT_UPDATE: page=0x96000 idx=255 enabled=0 missCnt=18 lastAccess=212766863490->212767039980
212767216470: system.l3cache.prefetcher: XPT_UPDATE: page=0x96000 idx=255 enabled=0 missCnt=19 lastAccess=212767039980->212767216470
212767392960: system.l3cache.prefetcher: XPT_UPDATE: page=0x96000 idx=255 enabled=0 missCnt=20 lastAccess=212767216470->212767392960
212767569450: system.l3cache.prefetcher: XPT_UPDATE: page=0x96000 idx=255 enabled=0 missCnt=21 lastAccess=212767392960->212767569450
212767745940: system.l3cache.prefetcher: XPT_UPDATE: page=0x96000 idx=255 enabled=0 missCnt=22 lastAccess=212767569450->212767745940
212767922430: system.l3cache.prefetcher: XPT_UPDATE: page=0x96000 idx=255 enabled=0 missCnt=23 lastAccess=212767745940->212767922430
212768098920: system.l3cache.prefetcher: XPT_UPDATE: page=0x96000 idx=255 enabled=0 missCnt=24 lastAccess=212767922430->212768098920
212768275410: system.l3cache.prefetcher: XPT_UPDATE: page=0x96000 idx=255 enabled=0 missCnt=25 lastAccess=212768098920->212768275410
212768451900: system.l3cache.prefetcher: XPT_UPDATE: page=0x96000 idx=255 enabled=0 missCnt=26 lastAccess=212768275410->212768451900
212768628390: system.l3cache.prefetcher: XPT_UPDATE: page=0x96000 idx=255 enabled=0 missCnt=27 lastAccess=212768451900->212768628390
212768804880: system.l3cache.prefetcher: XPT_UPDATE: page=0x96000 idx=255 enabled=0 missCnt=28 lastAccess=212768628390->212768804880
212768981370: system.l3cache.prefetcher: XPT_UPDATE: page=0x96000 idx=255 enabled=0 missCnt=29 lastAccess=212768804880->212768981370
212769157860: system.l3cache.prefetcher: XPT_UPDATE: page=0x96000 idx=255 enabled=0 missCnt=30 lastAccess=212768981370->212769157860
212769334350: system.l3cache.prefetcher: XPT_UPDATE: page=0x96000 idx=255 enabled=0 missCnt=31 lastAccess=212769157860->212769334350
212769535815: system.l3cache.prefetcher: XPT_UPDATE: page=0x96000 idx=255 enabled=1 missCnt=32 lastAccess=212769334350->212769535815
212769685665: system.l3cache.prefetcher: XPT_UPDATE: page=0x96000 idx=255 enabled=1 missCnt=32 lastAccess=212769535815->212769685665
212769835515: system.l3cache.prefetcher: XPT_UPDATE: page=0x96000 idx=255 enabled=1 missCnt=32 lastAccess=212769685665->212769835515
214051490577: system.l3cache.prefetcher:   [EVICT] idx=123 page=0x96000 enabled=1 missCnt=32 lastAccess=212769835515
214482320649: system.l3cache.prefetcher: === XPTGuard === page=0x96000 asid=0 core=6 c=256/n=256 P=1.000 r=0.611 trig=YES vGLO=1
214482320649: system.l3cache.prefetcher: XPTGuard: page=0x96000 c=256 n=256 P=1.000 r=0.611 trig=1
214482320649: system.l3cache.prefetcher:   [INSERT] page=0x96000 -> table size: 256/256
214500905712: system.l3cache.prefetcher:   [EVICT] idx=177 page=0x96000 enabled=0 missCnt=0 lastAccess=214482320649
214687354743: system.l3cache.prefetcher: === XPTGuard === page=0x96000 asid=0 core=6 c=256/n=256 P=1.000 r=0.720 trig=YES vGLO=1
214687354743: system.l3cache.prefetcher: XPTGuard: page=0x96000 c=256 n=256 P=1.000 r=0.720 trig=1
214687354743: system.l3cache.prefetcher:   [INSERT] page=0x96000 -> table size: 256/256
214687581183: system.l3cache.prefetcher: XPT_UPDATE: page=0x96000 idx=255 enabled=0 missCnt=0 lastAccess=214687354743->214687581183
214687757673: system.l3cache.prefetcher: XPT_UPDATE: page=0x96000 idx=255 enabled=0 missCnt=1 lastAccess=214687581183->214687757673
214687934163: system.l3cache.prefetcher: XPT_UPDATE: page=0x96000 idx=255 enabled=0 missCnt=2 lastAccess=214687757673->214687934163
214688110653: system.l3cache.prefetcher: XPT_UPDATE: page=0x96000 idx=255 enabled=0 missCnt=3 lastAccess=214687934163->214688110653
214688287143: system.l3cache.prefetcher: XPT_UPDATE: page=0x96000 idx=255 enabled=0 missCnt=4 lastAccess=214688110653->214688287143
214688463633: system.l3cache.prefetcher: XPT_UPDATE: page=0x96000 idx=255 enabled=0 missCnt=5 lastAccess=214688287143->214688463633
214688640123: system.l3cache.prefetcher: XPT_UPDATE: page=0x96000 idx=255 enabled=0 missCnt=6 lastAccess=214688463633->214688640123
214688816613: system.l3cache.prefetcher: XPT_UPDATE: page=0x96000 idx=255 enabled=0 missCnt=7 lastAccess=214688640123->214688816613
214688993103: system.l3cache.prefetcher: XPT_UPDATE: page=0x96000 idx=255 enabled=0 missCnt=8 lastAccess=214688816613->214688993103
214689169593: system.l3cache.prefetcher: XPT_UPDATE: page=0x96000 idx=255 enabled=0 missCnt=9 lastAccess=214688993103->214689169593
214689346083: system.l3cache.prefetcher: XPT_UPDATE: page=0x96000 idx=255 enabled=0 missCnt=10 lastAccess=214689169593->214689346083
214689522573: system.l3cache.prefetcher: XPT_UPDATE: page=0x96000 idx=255 enabled=0 missCnt=11 lastAccess=214689346083->214689522573
214689699063: system.l3cache.prefetcher: XPT_UPDATE: page=0x96000 idx=255 enabled=0 missCnt=12 lastAccess=214689522573->214689699063
214689875553: system.l3cache.prefetcher: XPT_UPDATE: page=0x96000 idx=255 enabled=0 missCnt=13 lastAccess=214689699063->214689875553
214690052043: system.l3cache.prefetcher: XPT_UPDATE: page=0x96000 idx=255 enabled=0 missCnt=14 lastAccess=214689875553->214690052043
214690228533: system.l3cache.prefetcher: XPT_UPDATE: page=0x96000 idx=255 enabled=0 missCnt=15 lastAccess=214690052043->214690228533
214690429998: system.l3cache.prefetcher: XPT_UPDATE: page=0x96000 idx=255 enabled=0 missCnt=16 lastAccess=214690228533->214690429998
214690606488: system.l3cache.prefetcher: XPT_UPDATE: page=0x96000 idx=255 enabled=0 missCnt=17 lastAccess=214690429998->214690606488
214690782978: system.l3cache.prefetcher: XPT_UPDATE: page=0x96000 idx=255 enabled=0 missCnt=18 lastAccess=214690606488->214690782978
214690959468: system.l3cache.prefetcher: XPT_UPDATE: page=0x96000 idx=255 enabled=0 missCnt=19 lastAccess=214690782978->214690959468
214691135958: system.l3cache.prefetcher: XPT_UPDATE: page=0x96000 idx=255 enabled=0 missCnt=20 lastAccess=214690959468->214691135958
214691597829: system.l3cache.prefetcher: XPT_UPDATE: page=0x96000 idx=255 enabled=0 missCnt=21 lastAccess=214691135958->214691597829
214691774319: system.l3cache.prefetcher: XPT_UPDATE: page=0x96000 idx=255 enabled=0 missCnt=22 lastAccess=214691597829->214691774319
214691950809: system.l3cache.prefetcher: XPT_UPDATE: page=0x96000 idx=255 enabled=0 missCnt=23 lastAccess=214691774319->214691950809
214692127299: system.l3cache.prefetcher: XPT_UPDATE: page=0x96000 idx=255 enabled=0 missCnt=24 lastAccess=214691950809->214692127299
214692303789: system.l3cache.prefetcher: XPT_UPDATE: page=0x96000 idx=255 enabled=0 missCnt=25 lastAccess=214692127299->214692303789
214692480279: system.l3cache.prefetcher: XPT_UPDATE: page=0x96000 idx=255 enabled=0 missCnt=26 lastAccess=214692303789->214692480279
214692656769: system.l3cache.prefetcher: XPT_UPDATE: page=0x96000 idx=255 enabled=0 missCnt=27 lastAccess=214692480279->214692656769
214692833259: system.l3cache.prefetcher: XPT_UPDATE: page=0x96000 idx=255 enabled=0 missCnt=28 lastAccess=214692656769->214692833259
214693009749: system.l3cache.prefetcher: XPT_UPDATE: page=0x96000 idx=255 enabled=0 missCnt=29 lastAccess=214692833259->214693009749
214693186239: system.l3cache.prefetcher: XPT_UPDATE: page=0x96000 idx=255 enabled=0 missCnt=30 lastAccess=214693009749->214693186239
214693362729: system.l3cache.prefetcher: XPT_UPDATE: page=0x96000 idx=255 enabled=0 missCnt=31 lastAccess=214693186239->214693362729
214693539219: system.l3cache.prefetcher: XPT_UPDATE: page=0x96000 idx=255 enabled=1 missCnt=32 lastAccess=214693362729->214693539219
214693689069: system.l3cache.prefetcher: XPT_UPDATE: page=0x96000 idx=255 enabled=1 missCnt=32 lastAccess=214693539219->214693689069
214693838919: system.l3cache.prefetcher: XPT_UPDATE: page=0x96000 idx=255 enabled=1 missCnt=32 lastAccess=214693689069->214693838919
215325531594: system.l3cache.prefetcher:   [EVICT] idx=174 page=0x96000 enabled=1 missCnt=32 lastAccess=214693838919
216408926115: system.l3cache.prefetcher: === XPTGuard === page=0x96000 asid=0 core=6 c=256/n=256 P=1.000 r=0.024 trig=YES vGLO=1
216408926115: system.l3cache.prefetcher: XPTGuard: page=0x96000 c=256 n=256 P=1.000 r=0.024 trig=1
216408926115: system.l3cache.prefetcher:   [INSERT] page=0x96000 -> table size: 256/256
216421691670: system.l3cache.prefetcher:   [EVICT] idx=203 page=0x96000 enabled=0 missCnt=0 lastAccess=216408926115
216614011158: system.l3cache.prefetcher: === XPTGuard === page=0x96000 asid=0 core=6 c=256/n=256 P=1.000 r=0.336 trig=YES vGLO=1
216614011158: system.l3cache.prefetcher: XPTGuard: page=0x96000 c=256 n=256 P=1.000 r=0.336 trig=1
216614011158: system.l3cache.prefetcher:   [INSERT] page=0x96000 -> table size: 256/256
216614212623: system.l3cache.prefetcher: XPT_UPDATE: page=0x96000 idx=255 enabled=0 missCnt=0 lastAccess=216614011158->216614212623
216614389113: system.l3cache.prefetcher: XPT_UPDATE: page=0x96000 idx=255 enabled=0 missCnt=1 lastAccess=216614212623->216614389113
216614565603: system.l3cache.prefetcher: XPT_UPDATE: page=0x96000 idx=255 enabled=0 missCnt=2 lastAccess=216614389113->216614565603
216614742093: system.l3cache.prefetcher: XPT_UPDATE: page=0x96000 idx=255 enabled=0 missCnt=3 lastAccess=216614565603->216614742093
216614918583: system.l3cache.prefetcher: XPT_UPDATE: page=0x96000 idx=255 enabled=0 missCnt=4 lastAccess=216614742093->216614918583
216615095073: system.l3cache.prefetcher: XPT_UPDATE: page=0x96000 idx=255 enabled=0 missCnt=5 lastAccess=216614918583->216615095073
216615271563: system.l3cache.prefetcher: XPT_UPDATE: page=0x96000 idx=255 enabled=0 missCnt=6 lastAccess=216615095073->216615271563
216615448053: system.l3cache.prefetcher: XPT_UPDATE: page=0x96000 idx=255 enabled=0 missCnt=7 lastAccess=216615271563->216615448053
216615624543: system.l3cache.prefetcher: XPT_UPDATE: page=0x96000 idx=255 enabled=0 missCnt=8 lastAccess=216615448053->216615624543
216615801033: system.l3cache.prefetcher: XPT_UPDATE: page=0x96000 idx=255 enabled=0 missCnt=9 lastAccess=216615624543->216615801033
216615977523: system.l3cache.prefetcher: XPT_UPDATE: page=0x96000 idx=255 enabled=0 missCnt=10 lastAccess=216615801033->216615977523
216616154013: system.l3cache.prefetcher: XPT_UPDATE: page=0x96000 idx=255 enabled=0 missCnt=11 lastAccess=216615977523->216616154013
216616330503: system.l3cache.prefetcher: XPT_UPDATE: page=0x96000 idx=255 enabled=0 missCnt=12 lastAccess=216616154013->216616330503
216616506993: system.l3cache.prefetcher: XPT_UPDATE: page=0x96000 idx=255 enabled=0 missCnt=13 lastAccess=216616330503->216616506993
216616683483: system.l3cache.prefetcher: XPT_UPDATE: page=0x96000 idx=255 enabled=0 missCnt=14 lastAccess=216616506993->216616683483
216616859973: system.l3cache.prefetcher: XPT_UPDATE: page=0x96000 idx=255 enabled=0 missCnt=15 lastAccess=216616683483->216616859973
216617061438: system.l3cache.prefetcher: XPT_UPDATE: page=0x96000 idx=255 enabled=0 missCnt=16 lastAccess=216616859973->216617061438
216617237928: system.l3cache.prefetcher: XPT_UPDATE: page=0x96000 idx=255 enabled=0 missCnt=17 lastAccess=216617061438->216617237928
216617414418: system.l3cache.prefetcher: XPT_UPDATE: page=0x96000 idx=255 enabled=0 missCnt=18 lastAccess=216617237928->216617414418
216617590908: system.l3cache.prefetcher: XPT_UPDATE: page=0x96000 idx=255 enabled=0 missCnt=19 lastAccess=216617414418->216617590908
216617767398: system.l3cache.prefetcher: XPT_UPDATE: page=0x96000 idx=255 enabled=0 missCnt=20 lastAccess=216617590908->216617767398
216617943888: system.l3cache.prefetcher: XPT_UPDATE: page=0x96000 idx=255 enabled=0 missCnt=21 lastAccess=216617767398->216617943888
216618120378: system.l3cache.prefetcher: XPT_UPDATE: page=0x96000 idx=255 enabled=0 missCnt=22 lastAccess=216617943888->216618120378
216618296868: system.l3cache.prefetcher: XPT_UPDATE: page=0x96000 idx=255 enabled=0 missCnt=23 lastAccess=216618120378->216618296868
216618473358: system.l3cache.prefetcher: XPT_UPDATE: page=0x96000 idx=255 enabled=0 missCnt=24 lastAccess=216618296868->216618473358
216618649848: system.l3cache.prefetcher: XPT_UPDATE: page=0x96000 idx=255 enabled=0 missCnt=25 lastAccess=216618473358->216618649848
216618826338: system.l3cache.prefetcher: XPT_UPDATE: page=0x96000 idx=255 enabled=0 missCnt=26 lastAccess=216618649848->216618826338
216619002828: system.l3cache.prefetcher: XPT_UPDATE: page=0x96000 idx=255 enabled=0 missCnt=27 lastAccess=216618826338->216619002828
216619179318: system.l3cache.prefetcher: XPT_UPDATE: page=0x96000 idx=255 enabled=0 missCnt=28 lastAccess=216619002828->216619179318
216619355808: system.l3cache.prefetcher: XPT_UPDATE: page=0x96000 idx=255 enabled=0 missCnt=29 lastAccess=216619179318->216619355808
216619797699: system.l3cache.prefetcher: XPT_UPDATE: page=0x96000 idx=255 enabled=0 missCnt=30 lastAccess=216619355808->216619797699
216619974189: system.l3cache.prefetcher: XPT_UPDATE: page=0x96000 idx=255 enabled=0 missCnt=31 lastAccess=216619797699->216619974189
216620150679: system.l3cache.prefetcher: XPT_UPDATE: page=0x96000 idx=255 enabled=1 missCnt=32 lastAccess=216619974189->216620150679
216620300529: system.l3cache.prefetcher: XPT_UPDATE: page=0x96000 idx=255 enabled=1 missCnt=32 lastAccess=216620150679->216620300529
216620450379: system.l3cache.prefetcher: XPT_UPDATE: page=0x96000 idx=255 enabled=1 missCnt=32 lastAccess=216620300529->216620450379
217258481376: system.l3cache.prefetcher:   [EVICT] idx=171 page=0x96000 enabled=1 missCnt=32 lastAccess=216620450379
218333624823: system.l3cache.prefetcher: === XPTGuard === page=0x96000 asid=0 core=6 c=256/n=256 P=1.000 r=0.259 trig=YES vGLO=1
218333624823: system.l3cache.prefetcher: XPTGuard: page=0x96000 c=256 n=256 P=1.000 r=0.259 trig=1
218333624823: system.l3cache.prefetcher:   [INSERT] page=0x96000 -> table size: 256/256
218391287769: system.l3cache.prefetcher:   [EVICT] idx=81 page=0x96000 enabled=0 missCnt=0 lastAccess=218333624823
218538681561: system.l3cache.prefetcher: === XPTGuard === page=0x96000 asid=0 core=6 c=256/n=256 P=1.000 r=0.186 trig=YES vGLO=1
218538681561: system.l3cache.prefetcher: XPTGuard: page=0x96000 c=256 n=256 P=1.000 r=0.186 trig=1
218538681561: system.l3cache.prefetcher:   [INSERT] page=0x96000 -> table size: 256/256
218538908001: system.l3cache.prefetcher: XPT_UPDATE: page=0x96000 idx=255 enabled=0 missCnt=0 lastAccess=218538681561->218538908001
218539084491: system.l3cache.prefetcher: XPT_UPDATE: page=0x96000 idx=255 enabled=0 missCnt=1 lastAccess=218538908001->218539084491
218539260981: system.l3cache.prefetcher: XPT_UPDATE: page=0x96000 idx=255 enabled=0 missCnt=2 lastAccess=218539084491->218539260981
218539437471: system.l3cache.prefetcher: XPT_UPDATE: page=0x96000 idx=255 enabled=0 missCnt=3 lastAccess=218539260981->218539437471
218539613961: system.l3cache.prefetcher: XPT_UPDATE: page=0x96000 idx=255 enabled=0 missCnt=4 lastAccess=218539437471->218539613961
218539790451: system.l3cache.prefetcher: XPT_UPDATE: page=0x96000 idx=255 enabled=0 missCnt=5 lastAccess=218539613961->218539790451
218540222685: system.l3cache.prefetcher: XPT_UPDATE: page=0x96000 idx=255 enabled=0 missCnt=6 lastAccess=218539790451->218540222685
218540399175: system.l3cache.prefetcher: XPT_UPDATE: page=0x96000 idx=255 enabled=0 missCnt=7 lastAccess=218540222685->218540399175
218540575665: system.l3cache.prefetcher: XPT_UPDATE: page=0x96000 idx=255 enabled=0 missCnt=8 lastAccess=218540399175->218540575665
218540752155: system.l3cache.prefetcher: XPT_UPDATE: page=0x96000 idx=255 enabled=0 missCnt=9 lastAccess=218540575665->218540752155
218540928645: system.l3cache.prefetcher: XPT_UPDATE: page=0x96000 idx=255 enabled=0 missCnt=10 lastAccess=218540752155->218540928645
218541105135: system.l3cache.prefetcher: XPT_UPDATE: page=0x96000 idx=255 enabled=0 missCnt=11 lastAccess=218540928645->218541105135
218541281625: system.l3cache.prefetcher: XPT_UPDATE: page=0x96000 idx=255 enabled=0 missCnt=12 lastAccess=218541105135->218541281625
218541458115: system.l3cache.prefetcher: XPT_UPDATE: page=0x96000 idx=255 enabled=0 missCnt=13 lastAccess=218541281625->218541458115
218541634605: system.l3cache.prefetcher: XPT_UPDATE: page=0x96000 idx=255 enabled=0 missCnt=14 lastAccess=218541458115->218541634605
218541811095: system.l3cache.prefetcher: XPT_UPDATE: page=0x96000 idx=255 enabled=0 missCnt=15 lastAccess=218541634605->218541811095
218541987585: system.l3cache.prefetcher: XPT_UPDATE: page=0x96000 idx=255 enabled=0 missCnt=16 lastAccess=218541811095->218541987585
218542164075: system.l3cache.prefetcher: XPT_UPDATE: page=0x96000 idx=255 enabled=0 missCnt=17 lastAccess=218541987585->218542164075
218542340565: system.l3cache.prefetcher: XPT_UPDATE: page=0x96000 idx=255 enabled=0 missCnt=18 lastAccess=218542164075->218542340565
218542517055: system.l3cache.prefetcher: XPT_UPDATE: page=0x96000 idx=255 enabled=0 missCnt=19 lastAccess=218542340565->218542517055
218542693545: system.l3cache.prefetcher: XPT_UPDATE: page=0x96000 idx=255 enabled=0 missCnt=20 lastAccess=218542517055->218542693545
218542870035: system.l3cache.prefetcher: XPT_UPDATE: page=0x96000 idx=255 enabled=0 missCnt=21 lastAccess=218542693545->218542870035
218543071500: system.l3cache.prefetcher: XPT_UPDATE: page=0x96000 idx=255 enabled=0 missCnt=22 lastAccess=218542870035->218543071500
218543247990: system.l3cache.prefetcher: XPT_UPDATE: page=0x96000 idx=255 enabled=0 missCnt=23 lastAccess=218543071500->218543247990
218543424480: system.l3cache.prefetcher: XPT_UPDATE: page=0x96000 idx=255 enabled=0 missCnt=24 lastAccess=218543247990->218543424480
218543600970: system.l3cache.prefetcher: XPT_UPDATE: page=0x96000 idx=255 enabled=0 missCnt=25 lastAccess=218543424480->218543600970
218543777460: system.l3cache.prefetcher: XPT_UPDATE: page=0x96000 idx=255 enabled=0 missCnt=26 lastAccess=218543600970->218543777460
218543953950: system.l3cache.prefetcher: XPT_UPDATE: page=0x96000 idx=255 enabled=0 missCnt=27 lastAccess=218543777460->218543953950
218544130440: system.l3cache.prefetcher: XPT_UPDATE: page=0x96000 idx=255 enabled=0 missCnt=28 lastAccess=218543953950->218544130440
218544306930: system.l3cache.prefetcher: XPT_UPDATE: page=0x96000 idx=255 enabled=0 missCnt=29 lastAccess=218544130440->218544306930
218544483420: system.l3cache.prefetcher: XPT_UPDATE: page=0x96000 idx=255 enabled=0 missCnt=30 lastAccess=218544306930->218544483420
218544659910: system.l3cache.prefetcher: XPT_UPDATE: page=0x96000 idx=255 enabled=0 missCnt=31 lastAccess=218544483420->218544659910
218544836400: system.l3cache.prefetcher: XPT_UPDATE: page=0x96000 idx=255 enabled=1 missCnt=32 lastAccess=218544659910->218544836400
218544986250: system.l3cache.prefetcher: XPT_UPDATE: page=0x96000 idx=255 enabled=1 missCnt=32 lastAccess=218544836400->218544986250
218545136100: system.l3cache.prefetcher: XPT_UPDATE: page=0x96000 idx=255 enabled=1 missCnt=32 lastAccess=218544986250->218545136100
218599336179: system.l3cache.prefetcher:   [EVICT] idx=247 page=0x96000 enabled=1 missCnt=32 lastAccess=218545136100
220260403116: system.l3cache.prefetcher: === XPTGuard === page=0x96000 asid=0 core=6 c=256/n=256 P=1.000 r=0.224 trig=YES vGLO=1
220260403116: system.l3cache.prefetcher: XPTGuard: page=0x96000 c=256 n=256 P=1.000 r=0.224 trig=1
220260403116: system.l3cache.prefetcher:   [INSERT] page=0x96000 -> table size: 256/256
220465337643: system.l3cache.prefetcher: XPT_UPDATE: page=0x96000 idx=3 enabled=0 missCnt=0 lastAccess=220260403116->220465337643
220465564083: system.l3cache.prefetcher: XPT_UPDATE: page=0x96000 idx=3 enabled=0 missCnt=1 lastAccess=220465337643->220465564083
220465740573: system.l3cache.prefetcher: XPT_UPDATE: page=0x96000 idx=3 enabled=0 missCnt=2 lastAccess=220465564083->220465740573
220465917063: system.l3cache.prefetcher: XPT_UPDATE: page=0x96000 idx=3 enabled=0 missCnt=3 lastAccess=220465740573->220465917063
220466093553: system.l3cache.prefetcher: XPT_UPDATE: page=0x96000 idx=3 enabled=0 missCnt=4 lastAccess=220465917063->220466093553
220466270043: system.l3cache.prefetcher: XPT_UPDATE: page=0x96000 idx=3 enabled=0 missCnt=5 lastAccess=220466093553->220466270043
220466446533: system.l3cache.prefetcher: XPT_UPDATE: page=0x96000 idx=3 enabled=0 missCnt=6 lastAccess=220466270043->220466446533
220466623023: system.l3cache.prefetcher: XPT_UPDATE: page=0x96000 idx=3 enabled=0 missCnt=7 lastAccess=220466446533->220466623023
220466799513: system.l3cache.prefetcher: XPT_UPDATE: page=0x96000 idx=3 enabled=0 missCnt=8 lastAccess=220466623023->220466799513
220466976003: system.l3cache.prefetcher: XPT_UPDATE: page=0x96000 idx=3 enabled=0 missCnt=9 lastAccess=220466799513->220466976003
220467152493: system.l3cache.prefetcher: XPT_UPDATE: page=0x96000 idx=3 enabled=0 missCnt=10 lastAccess=220466976003->220467152493
220467328983: system.l3cache.prefetcher: XPT_UPDATE: page=0x96000 idx=3 enabled=0 missCnt=11 lastAccess=220467152493->220467328983
220467505473: system.l3cache.prefetcher: XPT_UPDATE: page=0x96000 idx=3 enabled=0 missCnt=12 lastAccess=220467328983->220467505473
220467681963: system.l3cache.prefetcher: XPT_UPDATE: page=0x96000 idx=3 enabled=0 missCnt=13 lastAccess=220467505473->220467681963
220467858453: system.l3cache.prefetcher: XPT_UPDATE: page=0x96000 idx=3 enabled=0 missCnt=14 lastAccess=220467681963->220467858453
220468422888: system.l3cache.prefetcher: XPT_UPDATE: page=0x96000 idx=3 enabled=0 missCnt=15 lastAccess=220467858453->220468422888
220468599378: system.l3cache.prefetcher: XPT_UPDATE: page=0x96000 idx=3 enabled=0 missCnt=16 lastAccess=220468422888->220468599378
220468775868: system.l3cache.prefetcher: XPT_UPDATE: page=0x96000 idx=3 enabled=0 missCnt=17 lastAccess=220468599378->220468775868
220468952358: system.l3cache.prefetcher: XPT_UPDATE: page=0x96000 idx=3 enabled=0 missCnt=18 lastAccess=220468775868->220468952358
220469128848: system.l3cache.prefetcher: XPT_UPDATE: page=0x96000 idx=3 enabled=0 missCnt=19 lastAccess=220468952358->220469128848
220469305338: system.l3cache.prefetcher: XPT_UPDATE: page=0x96000 idx=3 enabled=0 missCnt=20 lastAccess=220469128848->220469305338
220469481828: system.l3cache.prefetcher: XPT_UPDATE: page=0x96000 idx=3 enabled=0 missCnt=21 lastAccess=220469305338->220469481828
220469658318: system.l3cache.prefetcher: XPT_UPDATE: page=0x96000 idx=3 enabled=0 missCnt=22 lastAccess=220469481828->220469658318
220469834808: system.l3cache.prefetcher: XPT_UPDATE: page=0x96000 idx=3 enabled=0 missCnt=23 lastAccess=220469658318->220469834808
220470011298: system.l3cache.prefetcher: XPT_UPDATE: page=0x96000 idx=3 enabled=0 missCnt=24 lastAccess=220469834808->220470011298
220470187788: system.l3cache.prefetcher: XPT_UPDATE: page=0x96000 idx=3 enabled=0 missCnt=25 lastAccess=220470011298->220470187788
220470364278: system.l3cache.prefetcher: XPT_UPDATE: page=0x96000 idx=3 enabled=0 missCnt=26 lastAccess=220470187788->220470364278
220470540768: system.l3cache.prefetcher: XPT_UPDATE: page=0x96000 idx=3 enabled=0 missCnt=27 lastAccess=220470364278->220470540768
220470717258: system.l3cache.prefetcher: XPT_UPDATE: page=0x96000 idx=3 enabled=0 missCnt=28 lastAccess=220470540768->220470717258
220470893748: system.l3cache.prefetcher: XPT_UPDATE: page=0x96000 idx=3 enabled=0 missCnt=29 lastAccess=220470717258->220470893748
220471070238: system.l3cache.prefetcher: XPT_UPDATE: page=0x96000 idx=3 enabled=0 missCnt=30 lastAccess=220470893748->220471070238
220471271703: system.l3cache.prefetcher: XPT_UPDATE: page=0x96000 idx=3 enabled=0 missCnt=31 lastAccess=220471070238->220471271703
220471448193: system.l3cache.prefetcher: XPT_UPDATE: page=0x96000 idx=3 enabled=1 missCnt=32 lastAccess=220471271703->220471448193
220471598043: system.l3cache.prefetcher: XPT_UPDATE: page=0x96000 idx=3 enabled=1 missCnt=32 lastAccess=220471448193->220471598043
220471747893: system.l3cache.prefetcher: XPT_UPDATE: page=0x96000 idx=3 enabled=1 missCnt=32 lastAccess=220471598043->220471747893
220471897743: system.l3cache.prefetcher: XPT_UPDATE: page=0x96000 idx=3 enabled=1 missCnt=32 lastAccess=220471747893->220471897743
221666553225: system.l3cache.prefetcher:   [EVICT] idx=2 page=0x96000 enabled=1 missCnt=32 lastAccess=220471897743
222184598661: system.l3cache.prefetcher: === XPTGuard === page=0x96000 asid=0 core=6 c=256/n=256 P=1.000 r=0.686 trig=YES vGLO=1
222184598661: system.l3cache.prefetcher: XPTGuard: page=0x96000 c=256 n=256 P=1.000 r=0.686 trig=1
222184598661: system.l3cache.prefetcher:   [INSERT] page=0x96000 -> table size: 256/256
222219911979: system.l3cache.prefetcher:   [EVICT] idx=128 page=0x96000 enabled=0 missCnt=0 lastAccess=222184598661
222389858862: system.l3cache.prefetcher: === XPTGuard === page=0x96000 asid=0 core=6 c=256/n=256 P=1.000 r=0.576 trig=YES vGLO=1
222389858862: system.l3cache.prefetcher: XPTGuard: page=0x96000 c=256 n=256 P=1.000 r=0.576 trig=1
222389858862: system.l3cache.prefetcher:   [INSERT] page=0x96000 -> table size: 256/256
222390060327: system.l3cache.prefetcher: XPT_UPDATE: page=0x96000 idx=255 enabled=0 missCnt=0 lastAccess=222389858862->222390060327
222390236817: system.l3cache.prefetcher: XPT_UPDATE: page=0x96000 idx=255 enabled=0 missCnt=1 lastAccess=222390060327->222390236817
222390413307: system.l3cache.prefetcher: XPT_UPDATE: page=0x96000 idx=255 enabled=0 missCnt=2 lastAccess=222390236817->222390413307
222390589797: system.l3cache.prefetcher: XPT_UPDATE: page=0x96000 idx=255 enabled=0 missCnt=3 lastAccess=222390413307->222390589797
222390766287: system.l3cache.prefetcher: XPT_UPDATE: page=0x96000 idx=255 enabled=0 missCnt=4 lastAccess=222390589797->222390766287
222390942777: system.l3cache.prefetcher: XPT_UPDATE: page=0x96000 idx=255 enabled=0 missCnt=5 lastAccess=222390766287->222390942777
222391119267: system.l3cache.prefetcher: XPT_UPDATE: page=0x96000 idx=255 enabled=0 missCnt=6 lastAccess=222390942777->222391119267
222391295757: system.l3cache.prefetcher: XPT_UPDATE: page=0x96000 idx=255 enabled=0 missCnt=7 lastAccess=222391119267->222391295757
222391472247: system.l3cache.prefetcher: XPT_UPDATE: page=0x96000 idx=255 enabled=0 missCnt=8 lastAccess=222391295757->222391472247
222391648737: system.l3cache.prefetcher: XPT_UPDATE: page=0x96000 idx=255 enabled=0 missCnt=9 lastAccess=222391472247->222391648737
222391825227: system.l3cache.prefetcher: XPT_UPDATE: page=0x96000 idx=255 enabled=0 missCnt=10 lastAccess=222391648737->222391825227
222392001717: system.l3cache.prefetcher: XPT_UPDATE: page=0x96000 idx=255 enabled=0 missCnt=11 lastAccess=222391825227->222392001717
222392178207: system.l3cache.prefetcher: XPT_UPDATE: page=0x96000 idx=255 enabled=0 missCnt=12 lastAccess=222392001717->222392178207
222392354697: system.l3cache.prefetcher: XPT_UPDATE: page=0x96000 idx=255 enabled=0 missCnt=13 lastAccess=222392178207->222392354697
222392531187: system.l3cache.prefetcher: XPT_UPDATE: page=0x96000 idx=255 enabled=0 missCnt=14 lastAccess=222392354697->222392531187
222392707677: system.l3cache.prefetcher: XPT_UPDATE: page=0x96000 idx=255 enabled=0 missCnt=15 lastAccess=222392531187->222392707677
222392909142: system.l3cache.prefetcher: XPT_UPDATE: page=0x96000 idx=255 enabled=0 missCnt=16 lastAccess=222392707677->222392909142
222393085632: system.l3cache.prefetcher: XPT_UPDATE: page=0x96000 idx=255 enabled=0 missCnt=17 lastAccess=222392909142->222393085632
222393262122: system.l3cache.prefetcher: XPT_UPDATE: page=0x96000 idx=255 enabled=0 missCnt=18 lastAccess=222393085632->222393262122
222393438612: system.l3cache.prefetcher: XPT_UPDATE: page=0x96000 idx=255 enabled=0 missCnt=19 lastAccess=222393262122->222393438612
222393615102: system.l3cache.prefetcher: XPT_UPDATE: page=0x96000 idx=255 enabled=0 missCnt=20 lastAccess=222393438612->222393615102
222393791592: system.l3cache.prefetcher: XPT_UPDATE: page=0x96000 idx=255 enabled=0 missCnt=21 lastAccess=222393615102->222393791592
222393968082: system.l3cache.prefetcher: XPT_UPDATE: page=0x96000 idx=255 enabled=0 missCnt=22 lastAccess=222393791592->222393968082
222394144572: system.l3cache.prefetcher: XPT_UPDATE: page=0x96000 idx=255 enabled=0 missCnt=23 lastAccess=222393968082->222394144572
222394321062: system.l3cache.prefetcher: XPT_UPDATE: page=0x96000 idx=255 enabled=0 missCnt=24 lastAccess=222394144572->222394321062
222394497552: system.l3cache.prefetcher: XPT_UPDATE: page=0x96000 idx=255 enabled=0 missCnt=25 lastAccess=222394321062->222394497552
222394674042: system.l3cache.prefetcher: XPT_UPDATE: page=0x96000 idx=255 enabled=0 missCnt=26 lastAccess=222394497552->222394674042
222394850532: system.l3cache.prefetcher: XPT_UPDATE: page=0x96000 idx=255 enabled=0 missCnt=27 lastAccess=222394674042->222394850532
222395027022: system.l3cache.prefetcher: XPT_UPDATE: page=0x96000 idx=255 enabled=0 missCnt=28 lastAccess=222394850532->222395027022
222395203512: system.l3cache.prefetcher: XPT_UPDATE: page=0x96000 idx=255 enabled=0 missCnt=29 lastAccess=222395027022->222395203512
222395380002: system.l3cache.prefetcher: XPT_UPDATE: page=0x96000 idx=255 enabled=0 missCnt=30 lastAccess=222395203512->222395380002
222395556492: system.l3cache.prefetcher: XPT_UPDATE: page=0x96000 idx=255 enabled=0 missCnt=31 lastAccess=222395380002->222395556492
222395757957: system.l3cache.prefetcher: XPT_UPDATE: page=0x96000 idx=255 enabled=1 missCnt=32 lastAccess=222395556492->222395757957
222395907807: system.l3cache.prefetcher: XPT_UPDATE: page=0x96000 idx=255 enabled=1 missCnt=32 lastAccess=222395757957->222395907807
222396057657: system.l3cache.prefetcher: XPT_UPDATE: page=0x96000 idx=255 enabled=1 missCnt=32 lastAccess=222395907807->222396057657
222784881444: system.l3cache.prefetcher:   [EVICT] idx=205 page=0x96000 enabled=1 missCnt=32 lastAccess=222396057657
224111279052: system.l3cache.prefetcher: === XPTGuard === page=0x96000 asid=0 core=6 c=256/n=256 P=1.000 r=0.392 trig=YES vGLO=1
224111279052: system.l3cache.prefetcher: XPTGuard: page=0x96000 c=256 n=256 P=1.000 r=0.392 trig=1
224111279052: system.l3cache.prefetcher:   [INSERT] page=0x96000 -> table size: 256/256
